WARNING:root:东方财富数据获取失败：('Connection aborted.', RemoteDisconnected('Remote end closed connection without response'))，切换下一个数据源
20:45:15 [WARNING] fetch_stocks_trade_date: DB仅有15个交易日，数据不足，降级到Sina API
/usr/lib/python3.11/site-packages/urllib3/connectionpool.py:1063: InsecureRequestWarning: Unverified HTTPS request is being made to host '35.180.127.14'. Adding certificate verification is strongly advised. See: https://urllib3.readthedocs.io/en/1.26.x/advanced-usage.html#ssl-warnings
  warnings.warn(
/usr/lib/python3.11/site-packages/urllib3/connectionpool.py:1063: InsecureRequestWarning: Unverified HTTPS request is being made to host '47.250.177.202'. Adding certificate verification is strongly advised. See: https://urllib3.readthedocs.io/en/1.26.x/advanced-usage.html#ssl-warnings
  warnings.warn(
20:49:44 [WARNING] _filter_ohlc_outliers: 000018 发现 1 行 OHLC 异常数据已过滤，日期: ['2020-01-02']
20:49:50 [WARNING] _filter_ohlc_outliers: 000023 发现 1 行 OHLC 异常数据已过滤，日期: ['2024-07-23']
20:50:10 [WARNING] _filter_ohlc_outliers: 000038 发现 1 行 OHLC 异常数据已过滤，日期: ['2023-06-20']
20:50:11 [WARNING] _filter_ohlc_outliers: 000037 发现 1 行 OHLC 异常数据已过滤，日期: ['2016-06-30']
20:50:19 [WARNING] _filter_ohlc_outliers: 000046 发现 1 行 OHLC 异常数据已过滤，日期: ['2023-12-26']
20:51:18 [WARNING] _filter_ohlc_outliers: 000338 发现 2 行 OHLC 异常数据已过滤，日期: ['2016-05-10', '2016-07-07']
20:51:39 [WARNING] _filter_ohlc_outliers: 000416 发现 1 行 OHLC 异常数据已过滤，日期: ['2024-04-23']
20:52:06 [WARNING] _filter_ohlc_outliers: 000502 发现 2 行 OHLC 异常数据已过滤，日期: ['2022-06-07', '2022-06-23']
20:52:18 [WARNING] _filter_ohlc_outliers: 000511 发现 1 行 OHLC 异常数据已过滤，日期: ['2018-07-16']
20:52:59 [WARNING] _filter_ohlc_outliers: 000540 发现 1 行 OHLC 异常数据已过滤，日期: ['2023-05-17']
20:53:54 [WARNING] _filter_ohlc_outliers: 000585 发现 2 行 OHLC 异常数据已过滤，日期: ['2016-03-31', '2022-05-20']
20:53:54 [WARNING] _filter_ohlc_outliers: 000584 发现 1 行 OHLC 异常数据已过滤，日期: ['2025-06-23']
20:54:22 [WARNING] _filter_ohlc_outliers: 000606 发现 1 行 OHLC 异常数据已过滤，日期: ['2023-06-14']
20:54:32 [WARNING] _filter_ohlc_outliers: 000613 发现 1 行 OHLC 异常数据已过滤，日期: ['2022-06-09']
20:54:43 [WARNING] _filter_ohlc_outliers: 000622 发现 1 行 OHLC 异常数据已过滤，日期: ['2025-06-26']
20:54:49 [WARNING] _filter_ohlc_outliers: 000627 发现 5 行 OHLC 异常数据已过滤，日期: ['2025-04-28', '2025-05-30', '2025-06-30', '2025-07-09', '2025-08-12']
20:55:22 [WARNING] _filter_ohlc_outliers: 000662 发现 1 行 OHLC 异常数据已过滤，日期: ['2021-04-08']
20:55:32 [WARNING] _filter_ohlc_outliers: 000670 发现 1 行 OHLC 异常数据已过滤，日期: ['2020-03-17']
20:55:36 [WARNING] _filter_ohlc_outliers: 000673 发现 1 行 OHLC 异常数据已过滤，日期: ['2022-06-14']
20:55:50 [WARNING] _filter_ohlc_outliers: 000683 发现 1 行 OHLC 异常数据已过滤，日期: ['2016-02-18']
20:56:19 [WARNING] _filter_ohlc_outliers: 000708 发现 1 行 OHLC 异常数据已过滤，日期: ['2016-02-18']
20:56:33 [WARNING] _filter_ohlc_outliers: 000717 发现 1 行 OHLC 异常数据已过滤，日期: ['2016-03-31']
20:56:43 [WARNING] _filter_ohlc_outliers: 000725 发现 1 行 OHLC 异常数据已过滤，日期: ['2016-02-18']
20:56:46 [WARNING] _filter_ohlc_outliers: 000727 发现 1 行 OHLC 异常数据已过滤，日期: ['2016-11-14']
20:56:59 [WARNING] _filter_ohlc_outliers: 000736 发现 1 行 OHLC 异常数据已过滤，日期: ['2016-02-29']
20:57:21 [WARNING] _filter_ohlc_outliers: 000760 发现 3 行 OHLC 异常数据已过滤，日期: ['2020-05-28', '2021-06-15', '2021-07-20']
20:57:47 [WARNING] _filter_ohlc_outliers: 000789 发现 1 行 OHLC 异常数据已过滤，日期: ['2016-02-18']
20:58:10 [WARNING] _filter_ohlc_outliers: 000806 发现 1 行 OHLC 异常数据已过滤，日期: ['2023-07-03']
20:58:28 [WARNING] _filter_ohlc_outliers: 000820 发现 1 行 OHLC 异常数据已过滤，日期: ['2018-02-28']
20:58:35 [WARNING] _filter_ohlc_outliers: 000825 发现 1 行 OHLC 异常数据已过滤，日期: ['2016-02-17']
20:58:43 [WARNING] _filter_ohlc_outliers: 000830 发现 2 行 OHLC 异常数据已过滤，日期: ['2016-05-05', '2016-05-09']
20:58:59 [WARNING] _filter_ohlc_outliers: 000851 发现 1 行 OHLC 异常数据已过滤，日期: ['2025-09-25']
20:59:06 [WARNING] _filter_ohlc_outliers: 000858 发现 1 行 OHLC 异常数据已过滤，日期: ['2016-05-27']
21:00:37 [WARNING] _filter_ohlc_outliers: 000932 发现 3 行 OHLC 异常数据已过滤，日期: ['2016-02-18', '2016-03-23', '2016-08-10']
21:00:39 [WARNING] _filter_ohlc_outliers: 000933 发现 1 行 OHLC 异常数据已过滤，日期: ['2016-02-18']
21:00:44 [WARNING] _filter_ohlc_outliers: 000937 发现 8 行 OHLC 异常数据已过滤，日期: ['2018-09-11', '2018-09-12', '2019-02-20', '2019-04-30', '2019-05-20']...
21:00:46 [WARNING] _filter_ohlc_outliers: 000939 发现 3 行 OHLC 异常数据已过滤，日期: ['2019-04-25', '2020-11-06', '2020-12-15']
21:01:22 [WARNING] _filter_ohlc_outliers: 000971 发现 3 行 OHLC 异常数据已过滤，日期: ['2017-11-30', '2017-12-29', '2024-05-30']
21:01:29 [WARNING] _filter_ohlc_outliers: 000976 发现 5 行 OHLC 异常数据已过滤，日期: ['2024-04-26', '2024-05-31', '2024-06-28', '2024-07-10', '2024-07-24']
21:01:32 [WARNING] _filter_ohlc_outliers: 000979 发现 8 行 OHLC 异常数据已过滤，日期: ['2016-03-02', '2017-02-08', '2017-02-28', '2017-04-28', '2017-06-01']...
21:01:38 [WARNING] _filter_ohlc_outliers: 000982 发现 1 行 OHLC 异常数据已过滤，日期: ['2024-06-20']
21:01:39 [WARNING] _filter_ohlc_outliers: 000983 发现 1 行 OHLC 异常数据已过滤，日期: ['2016-02-18']
21:01:51 [WARNING] _filter_ohlc_outliers: 000995 发现 1 行 OHLC 异常数据已过滤，日期: ['2019-04-23']
21:02:04 [WARNING] _filter_ohlc_outliers: 001208 发现 1 行 OHLC 异常数据已过滤，日期: ['2021-06-28']
21:02:17 [WARNING] _filter_ohlc_outliers: 001227 发现 1 行 OHLC 异常数据已过滤，日期: ['2022-01-19']
21:02:35 [WARNING] _filter_ohlc_outliers: 001283 发现 1 行 OHLC 异常数据已过滤，日期: ['2022-06-30']
21:03:50 [WARNING] _filter_ohlc_outliers: 002018 发现 1 行 OHLC 异常数据已过滤，日期: ['2019-10-29']
21:05:17 [WARNING] _filter_ohlc_outliers: 002070 发现 1 行 OHLC 异常数据已过滤，日期: ['2019-07-05']
21:05:45 [WARNING] _filter_ohlc_outliers: 002087 发现 2 行 OHLC 异常数据已过滤，日期: ['2024-06-07', '2024-06-26']
21:06:22 [WARNING] _filter_ohlc_outliers: 002110 发现 2 行 OHLC 异常数据已过滤，日期: ['2016-04-07', '2016-07-04']
21:06:36 [WARNING] _filter_ohlc_outliers: 002118 发现 3 行 OHLC 异常数据已过滤，日期: ['2022-04-27', '2022-07-04', '2023-06-14']
21:06:59 [WARNING] _filter_ohlc_outliers: 002132 发现 2 行 OHLC 异常数据已过滤，日期: ['2017-01-26', '2017-02-28']
21:07:16 [WARNING] _filter_ohlc_outliers: 002143 发现 1 行 OHLC 异常数据已过滤，日期: ['2019-11-27']
21:07:22 [WARNING] _filter_ohlc_outliers: 002147 发现 1 行 OHLC 异常数据已过滤，日期: ['2022-06-02']
21:10:25 [WARNING] _filter_ohlc_outliers: 002256 发现 1 行 OHLC 异常数据已过滤，日期: ['2016-09-29']
21:10:29 [WARNING] _filter_ohlc_outliers: 002260 发现 3 行 OHLC 异常数据已过滤，日期: ['2022-03-31', '2022-05-06', '2022-06-15']
21:12:36 [WARNING] _filter_ohlc_outliers: 002336 发现 1 行 OHLC 异常数据已过滤，日期: ['2025-06-16']
21:14:41 [WARNING] _filter_ohlc_outliers: 002411 发现 1 行 OHLC 异常数据已过滤，日期: ['2023-06-20']
21:15:40 [WARNING] _filter_ohlc_outliers: 002447 发现 1 行 OHLC 异常数据已过滤，日期: ['2022-06-07']
21:16:09 [WARNING] _filter_ohlc_outliers: 002464 发现 1 行 OHLC 异常数据已过滤，日期: ['2022-06-08']
21:16:23 [WARNING] _filter_ohlc_outliers: 002473 发现 1 行 OHLC 异常数据已过滤，日期: ['2022-06-01']
21:16:28 [WARNING] _filter_ohlc_outliers: 002477 发现 1 行 OHLC 异常数据已过滤，日期: ['2019-10-14']
21:16:56 [WARNING] _filter_ohlc_outliers: 002493 发现 1 行 OHLC 异常数据已过滤，日期: ['2016-02-17']
21:17:45 [WARNING] _filter_ohlc_outliers: 002523 发现 1 行 OHLC 异常数据已过滤，日期: ['2016-02-18']
21:19:56 [WARNING] _filter_ohlc_outliers: 002604 发现 4 行 OHLC 异常数据已过滤，日期: ['2019-04-26', '2020-06-02', '2020-07-13', '2020-08-31']
21:20:20 [WARNING] _filter_ohlc_outliers: 002617 发现 2 行 OHLC 异常数据已过滤，日期: ['2016-07-29', '2016-08-31']
21:20:22 [WARNING] _filter_ohlc_outliers: 002619 发现 2 行 OHLC 异常数据已过滤，日期: ['2018-03-30', '2022-03-29']
21:20:24 [WARNING] _filter_ohlc_outliers: 002621 发现 1 行 OHLC 异常数据已过滤，日期: ['2024-06-12']
21:22:08 [WARNING] _filter_ohlc_outliers: 002684 发现 2 行 OHLC 异常数据已过滤，日期: ['2022-06-07', '2022-06-23']
21:22:10 [WARNING] _filter_ohlc_outliers: 002685 发现 2 行 OHLC 异常数据已过滤，日期: ['2016-07-29', '2016-08-31']
21:22:32 [WARNING] _filter_ohlc_outliers: 002699 发现 2 行 OHLC 异常数据已过滤，日期: ['2024-04-24', '2024-05-31']
21:22:39 [WARNING] _filter_ohlc_outliers: 002703 发现 1 行 OHLC 异常数据已过滤，日期: ['2016-03-31']
21:23:35 [WARNING] _filter_ohlc_outliers: 002739 发现 2 行 OHLC 异常数据已过滤，日期: ['2016-03-31', '2016-04-29']
21:23:52 [WARNING] _filter_ohlc_outliers: 002751 发现 1 行 OHLC 异常数据已过滤，日期: ['2023-06-21']
21:23:59 [WARNING] _filter_ohlc_outliers: 002756 发现 2 行 OHLC 异常数据已过滤，日期: ['2018-12-12', '2019-02-12']
21:24:22 [WARNING] _filter_ohlc_outliers: 002770 发现 1 行 OHLC 异常数据已过滤，日期: ['2022-06-02']
21:24:31 [WARNING] _filter_ohlc_outliers: 002776 发现 3 行 OHLC 异常数据已过滤，日期: ['2022-04-27', '2022-07-05', '2023-12-25']
21:25:00 [WARNING] _filter_ohlc_outliers: 002796 发现 1 行 OHLC 异常数据已过滤，日期: ['2016-03-31']
21:25:03 [WARNING] _filter_ohlc_outliers: 002798 发现 1 行 OHLC 异常数据已过滤，日期: ['2016-03-31']
21:25:06 [WARNING] _filter_ohlc_outliers: 002799 发现 1 行 OHLC 异常数据已过滤，日期: ['2016-04-29']
21:25:09 [WARNING] _filter_ohlc_outliers: 002801 发现 1 行 OHLC 异常数据已过滤，日期: ['2016-03-31']
21:25:12 [WARNING] _filter_ohlc_outliers: 002803 发现 1 行 OHLC 异常数据已过滤，日期: ['2016-07-14']
21:25:13 [WARNING] _filter_ohlc_outliers: 002805 发现 1 行 OHLC 异常数据已过滤，日期: ['2016-07-11']
21:26:00 [WARNING] _filter_ohlc_outliers: 002836 发现 2 行 OHLC 异常数据已过滤，日期: ['2016-10-31', '2017-01-04']
21:26:16 [WARNING] _filter_ohlc_outliers: 002847 发现 1 行 OHLC 异常数据已过滤，日期: ['2017-02-10']
21:29:01 [WARNING] _filter_ohlc_outliers: 002975 发现 1 行 OHLC 异常数据已过滤，日期: ['2019-12-31']
21:29:03 [WARNING] _filter_ohlc_outliers: 002977 发现 1 行 OHLC 异常数据已过滤，日期: ['2020-01-23']
21:29:20 [WARNING] _filter_ohlc_outliers: 002991 发现 1 行 OHLC 异常数据已过滤，日期: ['2020-06-30']
21:30:06 [WARNING] _filter_ohlc_outliers: 003040 发现 1 行 OHLC 异常数据已过滤，日期: ['2021-03-24']
21:31:46 [WARNING] _filter_ohlc_outliers: 300057 发现 1 行 OHLC 异常数据已过滤，日期: ['2016-03-31']
21:31:55 [WARNING] _filter_ohlc_outliers: 300064 发现 1 行 OHLC 异常数据已过滤，日期: ['2022-04-29']
21:33:00 [WARNING] _filter_ohlc_outliers: 300104 发现 3 行 OHLC 异常数据已过滤，日期: ['2019-04-23', '2020-06-09', '2020-07-16']
21:35:00 [WARNING] _filter_ohlc_outliers: 300178 发现 1 行 OHLC 异常数据已过滤，日期: ['2022-06-20']
21:36:14 [WARNING] _filter_ohlc_outliers: 300223 发现 1 行 OHLC 异常数据已过滤，日期: ['2016-08-31']
21:37:21 [WARNING] _filter_ohlc_outliers: 300262 发现 1 行 OHLC 异常数据已过滤，日期: ['2024-06-17']
21:37:50 [WARNING] _filter_ohlc_outliers: 300280 发现 1 行 OHLC 异常数据已过滤，日期: ['2025-09-16']
21:39:55 [WARNING] _filter_ohlc_outliers: 300356 发现 1 行 OHLC 异常数据已过滤，日期: ['2023-06-21']
21:40:48 [WARNING] _filter_ohlc_outliers: 300390 发现 1 行 OHLC 异常数据已过滤，日期: ['2018-12-18']
21:41:54 [WARNING] _filter_ohlc_outliers: 300429 发现 1 行 OHLC 异常数据已过滤，日期: ['2015-11-30']
21:41:57 [WARNING] _filter_ohlc_outliers: 300431 发现 3 行 OHLC 异常数据已过滤，日期: ['2016-01-29', '2020-06-30', '2020-11-06']
21:42:24 [WARNING] _filter_ohlc_outliers: 300446 发现 1 行 OHLC 异常数据已过滤，日期: ['2015-12-31']
21:42:39 [WARNING] _filter_ohlc_outliers: 300456 发现 1 行 OHLC 异常数据已过滤，日期: ['2015-12-31']
21:42:42 [WARNING] _filter_ohlc_outliers: 300458 发现 1 行 OHLC 异常数据已过滤，日期: ['2015-11-30']
21:43:32 [WARNING] _filter_ohlc_outliers: 300488 发现 1 行 OHLC 异常数据已过滤，日期: ['2016-08-31']
21:44:06 [WARNING] _filter_ohlc_outliers: 300507 发现 1 行 OHLC 异常数据已过滤，日期: ['2016-02-29']
21:44:34 [WARNING] _filter_ohlc_outliers: 300526 发现 2 行 OHLC 异常数据已过滤，日期: ['2017-06-01', '2023-06-20']
21:46:02 [WARNING] _filter_ohlc_outliers: 300583 发现 1 行 OHLC 异常数据已过滤，日期: ['2016-10-31']
21:47:12 [WARNING] _filter_ohlc_outliers: 300628 发现 1 行 OHLC 异常数据已过滤，日期: ['2017-03-22']
21:47:42 [WARNING] _filter_ohlc_outliers: 300649 发现 1 行 OHLC 异常数据已过滤，日期: ['2017-03-31']
21:47:51 [WARNING] _filter_ohlc_outliers: 300654 发现 1 行 OHLC 异常数据已过滤，日期: ['2017-09-28']
21:48:51 [WARNING] _filter_ohlc_outliers: 300695 发现 1 行 OHLC 异常数据已过滤，日期: ['2017-06-30']
21:49:53 [WARNING] _filter_ohlc_outliers: 300741 发现 1 行 OHLC 异常数据已过滤，日期: ['2017-12-29']
21:50:00 [WARNING] _filter_ohlc_outliers: 300747 发现 1 行 OHLC 异常数据已过滤，日期: ['2018-03-30']
21:50:17 [WARNING] _filter_ohlc_outliers: 300760 发现 1 行 OHLC 异常数据已过滤，日期: ['2018-07-31']
21:50:29 [WARNING] _filter_ohlc_outliers: 300771 发现 1 行 OHLC 异常数据已过滤，日期: ['2019-01-31']
21:50:32 [WARNING] _filter_ohlc_outliers: 300773 发现 1 行 OHLC 异常数据已过滤，日期: ['2019-01-31']
21:50:48 [WARNING] _filter_ohlc_outliers: 300787 发现 1 行 OHLC 异常数据已过滤，日期: ['2019-05-31']
21:50:50 [WARNING] _filter_ohlc_outliers: 300789 发现 1 行 OHLC 异常数据已过滤，日期: ['2019-05-31']
21:51:48 [WARNING] _filter_ohlc_outliers: 300841 发现 1 行 OHLC 异常数据已过滤，日期: ['2020-03-31']
21:52:10 [WARNING] _filter_ohlc_outliers: 300862 发现 1 行 OHLC 异常数据已过滤，日期: ['2020-06-30']
21:52:12 [WARNING] _filter_ohlc_outliers: 300864 发现 1 行 OHLC 异常数据已过滤，日期: ['2020-06-30']
21:52:13 [WARNING] _filter_ohlc_outliers: 300865 发现 1 行 OHLC 异常数据已过滤，日期: ['2020-06-30']
21:52:15 [WARNING] _filter_ohlc_outliers: 300866 发现 1 行 OHLC 异常数据已过滤，日期: ['2020-06-30']
21:52:18 [WARNING] _filter_ohlc_outliers: 300869 发现 1 行 OHLC 异常数据已过滤，日期: ['2020-06-30']
21:52:25 [WARNING] _filter_ohlc_outliers: 300877 发现 1 行 OHLC 异常数据已过滤，日期: ['2020-05-29']
21:53:41 [WARNING] _filter_ohlc_outliers: 300957 发现 1 行 OHLC 异常数据已过滤，日期: ['2020-12-31']
21:55:04 [WARNING] _filter_ohlc_outliers: 301047 发现 1 行 OHLC 异常数据已过滤，日期: ['2021-06-30']
21:55:43 [WARNING] _filter_ohlc_outliers: 301095 发现 1 行 OHLC 异常数据已过滤，日期: ['2022-06-30']
21:55:45 [WARNING] _filter_ohlc_outliers: 301097 发现 1 行 OHLC 异常数据已过滤，日期: ['2022-02-28']
21:55:52 [WARNING] _filter_ohlc_outliers: 301107 发现 1 行 OHLC 异常数据已过滤，日期: ['2022-02-28']
21:56:14 [WARNING] _filter_ohlc_outliers: 301135 发现 1 行 OHLC 异常数据已过滤，日期: ['2022-02-28']
21:56:21 [WARNING] _filter_ohlc_outliers: 301150 发现 1 行 OHLC 异常数据已过滤，日期: ['2022-02-28']
21:56:24 [WARNING] _filter_ohlc_outliers: 301155 发现 1 行 OHLC 异常数据已过滤，日期: ['2021-09-30']
21:56:39 [WARNING] _filter_ohlc_outliers: 301177 发现 1 行 OHLC 异常数据已过滤，日期: ['2021-10-29']
21:56:51 [WARNING] _filter_ohlc_outliers: 301191 发现 1 行 OHLC 异常数据已过滤，日期: ['2022-02-28']
21:57:00 [WARNING] _filter_ohlc_outliers: 301203 发现 1 行 OHLC 异常数据已过滤，日期: ['2023-02-28']
21:57:07 [WARNING] _filter_ohlc_outliers: 301212 发现 1 行 OHLC 异常数据已过滤，日期: ['2022-02-28']
21:57:29 [WARNING] _filter_ohlc_outliers: 301248 发现 1 行 OHLC 异常数据已过滤，日期: ['2022-02-28']
21:57:41 [WARNING] _filter_ohlc_outliers: 301268 发现 1 行 OHLC 异常数据已过滤，日期: ['2022-02-28']
21:57:41 [WARNING] _filter_ohlc_outliers: 301269 发现 1 行 OHLC 异常数据已过滤，日期: ['2022-06-30']
21:57:47 [WARNING] _filter_ohlc_outliers: 301279 发现 1 行 OHLC 异常数据已过滤，日期: ['2022-02-28']
21:58:06 [WARNING] _filter_ohlc_outliers: 301308 发现 1 行 OHLC 异常数据已过滤，日期: ['2022-06-30']
21:58:21 [WARNING] _filter_ohlc_outliers: 301327 发现 1 行 OHLC 异常数据已过滤，日期: ['2022-07-29']
21:58:35 [WARNING] _filter_ohlc_outliers: 301360 发现 1 行 OHLC 异常数据已过滤，日期: ['2023-02-28']
21:58:39 [WARNING] _filter_ohlc_outliers: 301367 发现 1 行 OHLC 异常数据已过滤，日期: ['2022-09-30']
21:58:41 [WARNING] _filter_ohlc_outliers: 301369 发现 1 行 OHLC 异常数据已过滤，日期: ['2022-07-29']
21:58:56 [WARNING] _filter_ohlc_outliers: 301393 发现 1 行 OHLC 异常数据已过滤，日期: ['2023-05-31']
21:59:26 [WARNING] _filter_ohlc_outliers: 301525 发现 1 行 OHLC 异常数据已过滤，日期: ['2023-07-31']
21:59:27 [WARNING] _filter_ohlc_outliers: 301528 发现 1 行 OHLC 异常数据已过滤，日期: ['2023-06-30']
21:59:34 [WARNING] _filter_ohlc_outliers: 301556 发现 1 行 OHLC 异常数据已过滤，日期: ['2024-08-30']
21:59:44 [WARNING] _filter_ohlc_outliers: 301589 发现 1 行 OHLC 异常数据已过滤，日期: ['2023-12-29']
21:59:44 [WARNING] _filter_ohlc_outliers: 301590 发现 1 行 OHLC 异常数据已过滤，日期: ['2025-04-30']
21:59:45 [WARNING] _filter_ohlc_outliers: 301592 发现 1 行 OHLC 异常数据已过滤，日期: ['2024-08-30']
21:59:54 [WARNING] _filter_ohlc_outliers: 301626 发现 1 行 OHLC 异常数据已过滤，日期: ['2024-08-30']
21:59:55 [WARNING] _filter_ohlc_outliers: 301629 发现 1 行 OHLC 异常数据已过滤，日期: ['2025-01-27']
21:59:55 [WARNING] _filter_ohlc_outliers: 301630 发现 1 行 OHLC 异常数据已过滤，日期: ['2025-05-30']
21:59:56 [WARNING] _filter_ohlc_outliers: 301631 发现 1 行 OHLC 异常数据已过滤，日期: ['2024-09-30']
22:01:27 [WARNING] _filter_ohlc_outliers: 600069 发现 1 行 OHLC 异常数据已过滤，日期: ['2020-08-19']
22:01:35 [WARNING] _filter_ohlc_outliers: 600074 发现 4 行 OHLC 异常数据已过滤，日期: ['2019-04-24', '2020-02-28', '2020-04-13', '2020-05-25']
22:01:40 [WARNING] _filter_ohlc_outliers: 600077 发现 1 行 OHLC 异常数据已过滤，日期: ['2023-06-12']
22:01:51 [WARNING] _filter_ohlc_outliers: 600083 发现 1 行 OHLC 异常数据已过滤，日期: ['2025-01-15']
22:02:02 [WARNING] _filter_ohlc_outliers: 600093 发现 1 行 OHLC 异常数据已过滤，日期: ['2022-05-27']
22:02:48 [WARNING] _filter_ohlc_outliers: 600122 发现 1 行 OHLC 异常数据已过滤，日期: ['2023-05-25']
22:03:18 [WARNING] _filter_ohlc_outliers: 600145 发现 1 行 OHLC 异常数据已过滤，日期: ['2022-04-20']
22:03:19 [WARNING] _filter_ohlc_outliers: 600146 发现 1 行 OHLC 异常数据已过滤，日期: ['2022-06-06']
22:04:24 [WARNING] _filter_ohlc_outliers: 600190 发现 2 行 OHLC 异常数据已过滤，日期: ['2024-08-30', '2025-07-17']
22:04:50 [WARNING] _filter_ohlc_outliers: 600209 发现 1 行 OHLC 异常数据已过滤，日期: ['2022-05-26']
22:05:08 [WARNING] _filter_ohlc_outliers: 600220 发现 1 行 OHLC 异常数据已过滤，日期: ['2024-06-12']
22:05:14 [WARNING] _filter_ohlc_outliers: 600225 发现 1 行 OHLC 异常数据已过滤，日期: ['2025-02-10']
22:05:58 [WARNING] _filter_ohlc_outliers: 600256 发现 2 行 OHLC 异常数据已过滤，日期: ['2016-02-18', '2020-05-15']
22:06:03 [WARNING] _filter_ohlc_outliers: 600260 发现 1 行 OHLC 异常数据已过滤，日期: ['2023-01-30']
22:06:46 [WARNING] _filter_ohlc_outliers: 600291 发现 1 行 OHLC 异常数据已过滤，日期: ['2022-06-06']
22:06:51 [WARNING] _filter_ohlc_outliers: 600295 发现 1 行 OHLC 异常数据已过滤，日期: ['2016-05-10']
22:07:06 [WARNING] _filter_ohlc_outliers: 600306 发现 2 行 OHLC 异常数据已过滤，日期: ['2024-06-03', '2024-06-18']
22:07:12 [WARNING] _filter_ohlc_outliers: 600309 发现 1 行 OHLC 异常数据已过滤，日期: ['2016-06-01']
22:07:29 [WARNING] _filter_ohlc_outliers: 600321 发现 2 行 OHLC 异常数据已过滤，日期: ['2016-06-30', '2024-05-29']
22:07:34 [WARNING] _filter_ohlc_outliers: 600325 发现 1 行 OHLC 异常数据已过滤，日期: ['2016-02-18']
22:08:59 [WARNING] _filter_ohlc_outliers: 600385 发现 2 行 OHLC 异常数据已过滤，日期: ['2022-06-28', '2022-06-30']
22:09:06 [WARNING] _filter_ohlc_outliers: 600389 发现 1 行 OHLC 异常数据已过滤，日期: ['2016-03-31']
22:09:06 [WARNING] _filter_ohlc_outliers: 600390 发现 1 行 OHLC 异常数据已过滤，日期: ['2016-03-31']
22:09:21 [WARNING] _filter_ohlc_outliers: 600401 发现 4 行 OHLC 异常数据已过滤，日期: ['2016-03-02', '2018-02-01', '2019-05-28', '2019-07-05']
22:09:53 [WARNING] _filter_ohlc_outliers: 600432 发现 1 行 OHLC 异常数据已过滤，日期: ['2018-07-10']
22:10:00 [WARNING] _filter_ohlc_outliers: 600438 发现 6 行 OHLC 异常数据已过滤，日期: ['2016-03-31', '2016-05-06', '2017-06-01', '2017-06-12', '2017-06-28']...
22:10:22 [WARNING] _filter_ohlc_outliers: 600462 发现 2 行 OHLC 异常数据已过滤，日期: ['2025-06-27', '2025-07-11']
22:10:47 [WARNING] _filter_ohlc_outliers: 600485 发现 1 行 OHLC 异常数据已过滤，日期: ['2020-04-16']
22:11:22 [WARNING] _filter_ohlc_outliers: 600507 发现 4 行 OHLC 异常数据已过滤，日期: ['2016-12-05', '2016-12-22', '2016-12-26', '2017-01-06']
22:11:59 [WARNING] _filter_ohlc_outliers: 600532 发现 1 行 OHLC 异常数据已过滤，日期: ['2023-05-31']
22:12:16 [WARNING] _filter_ohlc_outliers: 600546 发现 3 行 OHLC 异常数据已过滤，日期: ['2017-07-14', '2018-01-23', '2018-02-07']
22:12:27 [WARNING] _filter_ohlc_outliers: 600555 发现 1 行 OHLC 异常数据已过滤，日期: ['2022-06-17']
22:13:32 [WARNING] _filter_ohlc_outliers: 600596 发现 1 行 OHLC 异常数据已过滤，日期: ['2016-02-17']
22:14:26 [WARNING] _filter_ohlc_outliers: 600634 发现 3 行 OHLC 异常数据已过滤，日期: ['2020-11-23', '2021-06-03', '2021-07-13']
22:14:47 [WARNING] _filter_ohlc_outliers: 600647 发现 1 行 OHLC 异常数据已过滤，日期: ['2024-06-06']
22:14:54 [WARNING] _filter_ohlc_outliers: 600652 发现 1 行 OHLC 异常数据已过滤，日期: ['2022-06-14']
22:14:56 [WARNING] _filter_ohlc_outliers: 600653 发现 1 行 OHLC 异常数据已过滤，日期: ['2016-08-31']
22:14:57 [WARNING] _filter_ohlc_outliers: 600656 发现 1 行 OHLC 异常数据已过滤，日期: ['2016-06-30']
22:15:04 [WARNING] _filter_ohlc_outliers: 600660 发现 1 行 OHLC 异常数据已过滤，日期: ['2016-02-18']
22:16:02 [WARNING] _filter_ohlc_outliers: 600701 发现 3 行 OHLC 异常数据已过滤，日期: ['2020-04-24', '2021-03-17', '2021-04-22']
22:16:10 [WARNING] _filter_ohlc_outliers: 600705 发现 2 行 OHLC 异常数据已过滤，日期: ['2025-03-27', '2025-04-30']
22:16:42 [WARNING] _filter_ohlc_outliers: 600725 发现 3 行 OHLC 异常数据已过滤，日期: ['2016-02-18', '2016-09-20', '2017-12-05']
22:16:57 [WARNING] _filter_ohlc_outliers: 600734 发现 4 行 OHLC 异常数据已过滤，日期: ['2016-04-15', '2017-07-14', '2017-12-15', '2018-07-03']
22:17:45 [WARNING] _filter_ohlc_outliers: 600766 发现 1 行 OHLC 异常数据已过滤，日期: ['2024-06-06']
22:17:46 [WARNING] _filter_ohlc_outliers: 600767 发现 1 行 OHLC 异常数据已过滤，日期: ['2023-06-01']
22:18:09 [WARNING] _filter_ohlc_outliers: 600781 发现 3 行 OHLC 异常数据已过滤，日期: ['2022-04-27', '2022-07-04', '2023-06-16']
22:18:12 [WARNING] _filter_ohlc_outliers: 600782 发现 1 行 OHLC 异常数据已过滤，日期: ['2016-02-18']
22:18:38 [WARNING] _filter_ohlc_outliers: 600801 发现 3 行 OHLC 异常数据已过滤，日期: ['2017-05-03', '2017-05-11', '2017-06-21']
22:18:48 [WARNING] _filter_ohlc_outliers: 600808 发现 1 行 OHLC 异常数据已过滤，日期: ['2016-02-18']
22:18:51 [WARNING] _filter_ohlc_outliers: 600810 发现 1 行 OHLC 异常数据已过滤，日期: ['2016-02-18']
22:18:51 [WARNING] _filter_ohlc_outliers: 600809 发现 3 行 OHLC 异常数据已过滤，日期: ['2015-11-30', '2016-02-18', '2017-01-20']
22:19:11 [WARNING] _filter_ohlc_outliers: 600823 发现 2 行 OHLC 异常数据已过滤，日期: ['2024-05-14', '2024-05-31']
22:20:11 [WARNING] _filter_ohlc_outliers: 600863 发现 1 行 OHLC 异常数据已过滤，日期: ['2016-02-18']
22:20:21 [WARNING] _filter_ohlc_outliers: 600870 发现 1 行 OHLC 异常数据已过滤，日期: ['2022-06-06']
22:20:55 [WARNING] _filter_ohlc_outliers: 600890 发现 2 行 OHLC 异常数据已过滤，日期: ['2022-05-26', '2022-06-14']
22:20:55 [WARNING] _filter_ohlc_outliers: 600891 发现 3 行 OHLC 异常数据已过滤，日期: ['2020-02-26', '2021-03-22', '2021-04-28']
22:21:03 [WARNING] _filter_ohlc_outliers: 600896 发现 2 行 OHLC 异常数据已过滤，日期: ['2016-06-30', '2022-07-15']
22:21:06 [WARNING] _filter_ohlc_outliers: 600898 发现 1 行 OHLC 异常数据已过滤，日期: ['2025-01-09']
22:23:51 [WARNING] _filter_ohlc_outliers: 601127 发现 1 行 OHLC 异常数据已过滤，日期: ['2016-03-31']
22:24:31 [WARNING] _filter_ohlc_outliers: 601212 发现 1 行 OHLC 异常数据已过滤，日期: ['2017-02-16']
22:24:37 [WARNING] _filter_ohlc_outliers: 601225 发现 11 行 OHLC 异常数据已过滤，日期: ['2017-07-14', '2017-07-20', '2017-08-03', '2017-11-15', '2017-11-16']...
22:25:04 [WARNING] _filter_ohlc_outliers: 601333 发现 1 行 OHLC 异常数据已过滤，日期: ['2016-02-18']
22:26:07 [WARNING] _filter_ohlc_outliers: 601619 发现 1 行 OHLC 异常数据已过滤，日期: ['2017-07-24']
22:26:17 [WARNING] _filter_ohlc_outliers: 601666 发现 6 行 OHLC 异常数据已过滤，日期: ['2018-10-08', '2018-11-07', '2019-02-19', '2019-10-23', '2019-12-27']...
22:26:31 [WARNING] _filter_ohlc_outliers: 601699 发现 2 行 OHLC 异常数据已过滤，日期: ['2016-05-11', '2020-06-29']
22:27:14 [WARNING] _filter_ohlc_outliers: 601868 发现 1 行 OHLC 异常数据已过滤，日期: ['2021-10-12']
22:28:37 [WARNING] _filter_ohlc_outliers: 603007 发现 1 行 OHLC 异常数据已过滤，日期: ['2016-08-30']
22:29:07 [WARNING] _filter_ohlc_outliers: 603027 发现 1 行 OHLC 异常数据已过滤，日期: ['2016-03-09']
22:29:45 [WARNING] _filter_ohlc_outliers: 603061 发现 1 行 OHLC 异常数据已过滤，日期: ['2022-12-30']
22:30:32 [WARNING] _filter_ohlc_outliers: 603101 发现 1 行 OHLC 异常数据已过滤，日期: ['2016-03-31']
22:30:56 [WARNING] _filter_ohlc_outliers: 603122 发现 1 行 OHLC 异常数据已过滤，日期: ['2022-02-17']
22:31:08 [WARNING] _filter_ohlc_outliers: 603131 发现 1 行 OHLC 异常数据已过滤，日期: ['2016-04-29']
22:31:10 [WARNING] _filter_ohlc_outliers: 603133 发现 1 行 OHLC 异常数据已过滤，日期: ['2024-06-06']
22:31:21 [WARNING] _filter_ohlc_outliers: 603157 发现 1 行 OHLC 异常数据已过滤，日期: ['2022-05-16']
22:32:05 [WARNING] _filter_ohlc_outliers: 603195 发现 1 行 OHLC 异常数据已过滤，日期: ['2019-12-31']
22:32:45 [WARNING] _filter_ohlc_outliers: 603229 发现 1 行 OHLC 异常数据已过滤，日期: ['2017-05-11']
22:33:20 [WARNING] _filter_ohlc_outliers: 603283 发现 1 行 OHLC 异常数据已过滤，日期: ['2017-09-29']
22:34:20 [WARNING] _filter_ohlc_outliers: 603336 发现 1 行 OHLC 异常数据已过滤，日期: ['2016-11-28']
22:34:32 [WARNING] _filter_ohlc_outliers: 603353 发现 1 行 OHLC 异常数据已过滤，日期: ['2020-02-28']
22:34:43 [WARNING] _filter_ohlc_outliers: 603360 发现 1 行 OHLC 异常数据已过滤，日期: ['2017-02-08']
22:36:15 [WARNING] _filter_ohlc_outliers: 603555 发现 1 行 OHLC 异常数据已过滤，日期: ['2024-03-06']
22:36:59 [WARNING] _filter_ohlc_outliers: 603603 发现 1 行 OHLC 异常数据已过滤，日期: ['2024-03-27']
22:37:19 [WARNING] _filter_ohlc_outliers: 603619 发现 1 行 OHLC 异常数据已过滤，日期: ['2017-09-29']
22:38:20 [WARNING] _filter_ohlc_outliers: 603690 发现 1 行 OHLC 异常数据已过滤，日期: ['2017-01-17']
22:38:58 [WARNING] _filter_ohlc_outliers: 603729 发现 2 行 OHLC 异常数据已过滤，日期: ['2017-07-31', '2017-08-31']
22:39:01 [WARNING] _filter_ohlc_outliers: 603737 发现 2 行 OHLC 异常数据已过滤，日期: ['2016-03-31', '2016-06-07']
22:39:44 [WARNING] _filter_ohlc_outliers: 603809 发现 1 行 OHLC 异常数据已过滤，日期: ['2017-09-29']
22:39:59 [WARNING] _filter_ohlc_outliers: 603823 发现 1 行 OHLC 异常数据已过滤，日期: ['2016-10-31']
22:40:15 [WARNING] _filter_ohlc_outliers: 603855 发现 1 行 OHLC 异常数据已过滤，日期: ['2017-03-31']
22:40:38 [WARNING] _filter_ohlc_outliers: 603878 发现 1 行 OHLC 异常数据已过滤，日期: ['2016-10-31']
22:40:48 [WARNING] _filter_ohlc_outliers: 603886 发现 1 行 OHLC 异常数据已过滤，日期: ['2016-10-31']
22:42:26 [WARNING] _filter_ohlc_outliers: 603996 发现 1 行 OHLC 异常数据已过滤，日期: ['2022-04-25']
22:43:18 [WARNING] _filter_ohlc_outliers: 605167 发现 1 行 OHLC 异常数据已过滤，日期: ['2021-07-28']
22:43:20 [WARNING] _filter_ohlc_outliers: 605168 发现 1 行 OHLC 异常数据已过滤，日期: ['2020-03-31']
22:43:22 [WARNING] _filter_ohlc_outliers: 605178 发现 1 行 OHLC 异常数据已过滤，日期: ['2020-05-29']
22:43:45 [WARNING] _filter_ohlc_outliers: 605288 发现 1 行 OHLC 异常数据已过滤，日期: ['2020-03-31']
22:45:19 [WARNING] _filter_ohlc_outliers: 000511 发现 1 行 OHLC 异常数据已过滤，日期: ['2018-07-16']
22:45:21 [WARNING] _filter_ohlc_outliers: 000540 发现 1 行 OHLC 异常数据已过滤，日期: ['2023-05-17']
22:45:26 [WARNING] _filter_ohlc_outliers: 000851 发现 1 行 OHLC 异常数据已过滤，日期: ['2025-09-25']
22:45:29 [WARNING] _filter_ohlc_outliers: 002118 发现 3 行 OHLC 异常数据已过滤，日期: ['2022-04-27', '2022-07-04', '2023-06-14']
22:45:33 [WARNING] _filter_ohlc_outliers: 002411 发现 1 行 OHLC 异常数据已过滤，日期: ['2023-06-20']
22:45:37 [WARNING] _filter_ohlc_outliers: 002621 发现 1 行 OHLC 异常数据已过滤，日期: ['2024-06-12']
22:45:40 [WARNING] _filter_ohlc_outliers: 002699 发现 2 行 OHLC 异常数据已过滤，日期: ['2024-04-24', '2024-05-31']
22:45:44 [WARNING] _filter_ohlc_outliers: 300280 发现 1 行 OHLC 异常数据已过滤，日期: ['2025-09-16']
22:45:50 [WARNING] _filter_ohlc_outliers: 600083 发现 1 行 OHLC 异常数据已过滤，日期: ['2025-01-15']
22:45:51 [WARNING] _filter_ohlc_outliers: 600122 发现 1 行 OHLC 异常数据已过滤，日期: ['2023-05-25']
22:45:52 [WARNING] _filter_ohlc_outliers: 600220 发现 1 行 OHLC 异常数据已过滤，日期: ['2024-06-12']
22:45:53 [WARNING] _filter_ohlc_outliers: 600260 发现 1 行 OHLC 异常数据已过滤，日期: ['2023-01-30']
22:46:00 [WARNING] _filter_ohlc_outliers: 600823 发现 2 行 OHLC 异常数据已过滤，日期: ['2024-05-14', '2024-05-31']
22:46:00 [WARNING] _filter_ohlc_outliers: 600898 发现 1 行 OHLC 异常数据已过滤，日期: ['2025-01-09']
22:46:03 [WARNING] _filter_ohlc_outliers: 000511 发现 1 行 OHLC 异常数据已过滤，日期: ['2018-07-16']
22:46:08 [WARNING] _filter_ohlc_outliers: 000851 发现 1 行 OHLC 异常数据已过滤，日期: ['2025-09-25']
22:46:11 [WARNING] _filter_ohlc_outliers: 002118 发现 3 行 OHLC 异常数据已过滤，日期: ['2022-04-27', '2022-07-04', '2023-06-14']
22:46:15 [WARNING] _filter_ohlc_outliers: 002411 发现 1 行 OHLC 异常数据已过滤，日期: ['2023-06-20']
22:46:22 [WARNING] _filter_ohlc_outliers: 002699 发现 2 行 OHLC 异常数据已过滤，日期: ['2024-04-24', '2024-05-31']
22:46:25 [WARNING] _filter_ohlc_outliers: 300280 发现 1 行 OHLC 异常数据已过滤，日期: ['2025-09-16']
22:46:31 [WARNING] _filter_ohlc_outliers: 600083 发现 1 行 OHLC 异常数据已过滤，日期: ['2025-01-15']
22:46:32 [WARNING] _filter_ohlc_outliers: 600122 发现 1 行 OHLC 异常数据已过滤，日期: ['2023-05-25']
22:46:33 [WARNING] _filter_ohlc_outliers: 600220 发现 1 行 OHLC 异常数据已过滤，日期: ['2024-06-12']
22:46:40 [WARNING] _filter_ohlc_outliers: 600898 发现 1 行 OHLC 异常数据已过滤，日期: ['2025-01-09']
22:46:43 [WARNING] _filter_ohlc_outliers: 000511 发现 1 行 OHLC 异常数据已过滤，日期: ['2018-07-16']
22:46:48 [WARNING] _filter_ohlc_outliers: 000851 发现 1 行 OHLC 异常数据已过滤，日期: ['2025-09-25']
22:46:50 [WARNING] _filter_ohlc_outliers: 002118 发现 3 行 OHLC 异常数据已过滤，日期: ['2022-04-27', '2022-07-04', '2023-06-14']
22:46:55 [WARNING] _filter_ohlc_outliers: 002411 发现 1 行 OHLC 异常数据已过滤，日期: ['2023-06-20']
22:47:01 [WARNING] _filter_ohlc_outliers: 002699 发现 2 行 OHLC 异常数据已过滤，日期: ['2024-04-24', '2024-05-31']
22:47:04 [WARNING] _filter_ohlc_outliers: 300280 发现 1 行 OHLC 异常数据已过滤，日期: ['2025-09-16']
22:47:09 [WARNING] _filter_ohlc_outliers: 600083 发现 1 行 OHLC 异常数据已过滤，日期: ['2025-01-15']
22:47:10 [WARNING] _filter_ohlc_outliers: 600122 发现 1 行 OHLC 异常数据已过滤，日期: ['2023-05-25']
22:47:12 [WARNING] _filter_ohlc_outliers: 600220 发现 1 行 OHLC 异常数据已过滤，日期: ['2024-06-12']
22:47:17 [WARNING] _filter_ohlc_outliers: 600898 发现 1 行 OHLC 异常数据已过滤，日期: ['2025-01-09']
22:47:19 [WARNING] _filter_ohlc_outliers: 000511 发现 1 行 OHLC 异常数据已过滤，日期: ['2018-07-16']
22:47:26 [WARNING] _filter_ohlc_outliers: 000851 发现 1 行 OHLC 异常数据已过滤，日期: ['2025-09-25']
22:47:29 [WARNING] _filter_ohlc_outliers: 002118 发现 3 行 OHLC 异常数据已过滤，日期: ['2022-04-27', '2022-07-04', '2023-06-14']
22:47:33 [WARNING] _filter_ohlc_outliers: 002411 发现 1 行 OHLC 异常数据已过滤，日期: ['2023-06-20']
22:47:39 [WARNING] _filter_ohlc_outliers: 002699 发现 2 行 OHLC 异常数据已过滤，日期: ['2024-04-24', '2024-05-31']
22:47:42 [WARNING] _filter_ohlc_outliers: 300280 发现 1 行 OHLC 异常数据已过滤，日期: ['2025-09-16']
22:47:47 [WARNING] _filter_ohlc_outliers: 600083 发现 1 行 OHLC 异常数据已过滤，日期: ['2025-01-15']
22:47:48 [WARNING] _filter_ohlc_outliers: 600122 发现 1 行 OHLC 异常数据已过滤，日期: ['2023-05-25']
22:47:49 [WARNING] _filter_ohlc_outliers: 600220 发现 1 行 OHLC 异常数据已过滤，日期: ['2024-06-12']
22:48:04 [WARNING] _filter_ohlc_outliers: 002118 发现 3 行 OHLC 异常数据已过滤，日期: ['2022-04-27', '2022-07-04', '2023-06-14']
22:48:08 [WARNING] _filter_ohlc_outliers: 002411 发现 1 行 OHLC 异常数据已过滤，日期: ['2023-06-20']
22:48:20 [WARNING] _filter_ohlc_outliers: 300280 发现 1 行 OHLC 异常数据已过滤，日期: ['2025-09-16']
22:48:25 [WARNING] _filter_ohlc_outliers: 600083 发现 1 行 OHLC 异常数据已过滤，日期: ['2025-01-15']
22:52:13 [WARNING] _filter_ohlc_outliers: 300223 发现 1 行 OHLC 异常数据已过滤，日期: ['2016-08-31']
22:52:40 [WARNING] _filter_ohlc_outliers: 300862 发现 1 行 OHLC 异常数据已过滤，日期: ['2020-06-30']
22:52:57 [WARNING] _filter_ohlc_outliers: 600256 发现 2 行 OHLC 异常数据已过滤，日期: ['2016-02-18', '2020-05-15']
22:53:31 [WARNING] _filter_ohlc_outliers: 601868 发现 1 行 OHLC 异常数据已过滤，日期: ['2021-10-12']
22:54:07 [WARNING] _filter_ohlc_outliers: 000708 发现 1 行 OHLC 异常数据已过滤，日期: ['2016-02-18']
22:55:22 [WARNING] _filter_ohlc_outliers: 300488 发现 1 行 OHLC 异常数据已过滤，日期: ['2016-08-31']
22:55:38 [WARNING] _filter_ohlc_outliers: 300747 发现 1 行 OHLC 异常数据已过滤，日期: ['2018-03-30']
22:55:58 [WARNING] _filter_ohlc_outliers: 600256 发现 2 行 OHLC 异常数据已过滤，日期: ['2016-02-18', '2020-05-15']
22:56:07 [WARNING] _filter_ohlc_outliers: 600507 发现 4 行 OHLC 异常数据已过滤，日期: ['2016-12-05', '2016-12-22', '2016-12-26', '2017-01-06']
22:57:20 [WARNING] _filter_ohlc_outliers: 000830 发现 2 行 OHLC 异常数据已过滤，日期: ['2016-05-05', '2016-05-09']
22:59:06 [WARNING] _filter_ohlc_outliers: 300488 发现 1 行 OHLC 异常数据已过滤，日期: ['2016-08-31']
22:59:46 [WARNING] _filter_ohlc_outliers: 600256 发现 2 行 OHLC 异常数据已过滤，日期: ['2016-02-18', '2020-05-15']
23:00:18 [WARNING] _filter_ohlc_outliers: 601225 发现 11 行 OHLC 异常数据已过滤，日期: ['2017-07-14', '2017-07-20', '2017-08-03', '2017-11-15', '2017-11-16']...
23:00:37 [WARNING] _filter_ohlc_outliers: 603353 发现 1 行 OHLC 异常数据已过滤，日期: ['2020-02-28']
23:01:16 [WARNING] _filter_ohlc_outliers: 000937 发现 8 行 OHLC 异常数据已过滤，日期: ['2018-09-11', '2018-09-12', '2019-02-20', '2019-04-30', '2019-05-20']...
23:01:54 [WARNING] _filter_ohlc_outliers: 002805 发现 1 行 OHLC 异常数据已过滤，日期: ['2016-07-11']
23:02:39 [WARNING] _filter_ohlc_outliers: 300866 发现 1 行 OHLC 异常数据已过滤，日期: ['2020-06-30']
23:02:58 [WARNING] _filter_ohlc_outliers: 600256 发现 2 行 OHLC 异常数据已过滤，日期: ['2016-02-18', '2020-05-15']
23:04:43 [WARNING] _filter_ohlc_outliers: 002805 发现 1 行 OHLC 异常数据已过滤，日期: ['2016-07-11']
23:05:02 [WARNING] _filter_ohlc_outliers: 301268 发现 1 行 OHLC 异常数据已过滤，日期: ['2022-02-28']
23:05:03 [WARNING] _filter_ohlc_outliers: 301327 发现 1 行 OHLC 异常数据已过滤，日期: ['2022-07-29']
23:05:05 [WARNING] _filter_ohlc_outliers: 301626 发现 1 行 OHLC 异常数据已过滤，日期: ['2024-08-30']
23:06:28 [WARNING] _filter_ohlc_outliers: 301268 发现 1 行 OHLC 异常数据已过滤，日期: ['2022-02-28']
23:06:29 [WARNING] _filter_ohlc_outliers: 301308 发现 1 行 OHLC 异常数据已过滤，日期: ['2022-06-30']
23:06:30 [WARNING] _filter_ohlc_outliers: 301592 发现 1 行 OHLC 异常数据已过滤，日期: ['2024-08-30']
23:06:53 [WARNING] _filter_ohlc_outliers: 601868 发现 1 行 OHLC 异常数据已过滤，日期: ['2021-10-12']
23:07:12 [WARNING] _filter_ohlc_outliers: 000338 发现 2 行 OHLC 异常数据已过滤，日期: ['2016-05-10', '2016-07-07']
23:08:05 [WARNING] _filter_ohlc_outliers: 000933 发现 1 行 OHLC 异常数据已过滤，日期: ['2016-02-18']
23:08:14 [WARNING] _filter_ohlc_outliers: 001208 发现 1 行 OHLC 异常数据已过滤，日期: ['2021-06-28']
23:10:03 [WARNING] _filter_ohlc_outliers: 002493 发现 1 行 OHLC 异常数据已过滤，日期: ['2016-02-17']
23:10:16 [WARNING] _filter_ohlc_outliers: 002703 发现 1 行 OHLC 异常数据已过滤，日期: ['2016-03-31']
23:10:29 [WARNING] _filter_ohlc_outliers: 002796 发现 1 行 OHLC 异常数据已过滤，日期: ['2016-03-31']
23:11:35 [WARNING] _filter_ohlc_outliers: 300223 发现 1 行 OHLC 异常数据已过滤，日期: ['2016-08-31']
23:13:08 [WARNING] _filter_ohlc_outliers: 300747 发现 1 行 OHLC 异常数据已过滤，日期: ['2018-03-30']
23:13:17 [WARNING] _filter_ohlc_outliers: 300773 发现 1 行 OHLC 异常数据已过滤，日期: ['2019-01-31']
23:14:10 [WARNING] _filter_ohlc_outliers: 301248 发现 1 行 OHLC 异常数据已过滤，日期: ['2022-02-28']
23:14:13 [WARNING] _filter_ohlc_outliers: 301308 发现 1 行 OHLC 异常数据已过滤，日期: ['2022-06-30']
23:14:26 [WARNING] _filter_ohlc_outliers: 301629 发现 1 行 OHLC 异常数据已过滤，日期: ['2025-01-27']
23:14:51 [WARNING] _filter_ohlc_outliers: 600295 发现 1 行 OHLC 异常数据已过滤，日期: ['2016-05-10']
23:16:35 [WARNING] _filter_ohlc_outliers: 601212 发现 1 行 OHLC 异常数据已过滤，日期: ['2017-02-16']
23:17:02 [WARNING] _filter_ohlc_outliers: 603061 发现 1 行 OHLC 异常数据已过滤，日期: ['2022-12-30']
23:17:44 [WARNING] _filter_ohlc_outliers: 603619 发现 1 行 OHLC 异常数据已过滤，日期: ['2017-09-29']
23:18:21 [WARNING] _filter_ohlc_outliers: 605167 发现 1 行 OHLC 异常数据已过滤，日期: ['2021-07-28']
23:18:22 [WARNING] _filter_ohlc_outliers: 605168 发现 1 行 OHLC 异常数据已过滤，日期: ['2020-03-31']
23:18:24 [WARNING] _filter_ohlc_outliers: 605288 发现 1 行 OHLC 异常数据已过滤，日期: ['2020-03-31']
23:18:32 [WARNING] _filter_ohlc_outliers: 000338 发现 2 行 OHLC 异常数据已过滤，日期: ['2016-05-10', '2016-07-07']
23:19:25 [WARNING] _filter_ohlc_outliers: 000933 发现 1 行 OHLC 异常数据已过滤，日期: ['2016-02-18']
23:19:35 [WARNING] _filter_ohlc_outliers: 001208 发现 1 行 OHLC 异常数据已过滤，日期: ['2021-06-28']
23:21:30 [WARNING] _filter_ohlc_outliers: 002493 发现 1 行 OHLC 异常数据已过滤，日期: ['2016-02-17']
23:22:03 [WARNING] _filter_ohlc_outliers: 002703 发现 1 行 OHLC 异常数据已过滤，日期: ['2016-03-31']
23:22:16 [WARNING] _filter_ohlc_outliers: 002796 发现 1 行 OHLC 异常数据已过滤，日期: ['2016-03-31']
23:23:24 [WARNING] _filter_ohlc_outliers: 300223 发现 1 行 OHLC 异常数据已过滤，日期: ['2016-08-31']
23:24:59 [WARNING] _filter_ohlc_outliers: 300747 发现 1 行 OHLC 异常数据已过滤，日期: ['2018-03-30']
23:25:07 [WARNING] _filter_ohlc_outliers: 300773 发现 1 行 OHLC 异常数据已过滤，日期: ['2019-01-31']
23:25:59 [WARNING] _filter_ohlc_outliers: 301248 发现 1 行 OHLC 异常数据已过滤，日期: ['2022-02-28']
23:26:02 [WARNING] _filter_ohlc_outliers: 301308 发现 1 行 OHLC 异常数据已过滤，日期: ['2022-06-30']
23:26:16 [WARNING] _filter_ohlc_outliers: 301629 发现 1 行 OHLC 异常数据已过滤，日期: ['2025-01-27']
23:26:41 [WARNING] _filter_ohlc_outliers: 600295 发现 1 行 OHLC 异常数据已过滤，日期: ['2016-05-10']
23:28:27 [WARNING] _filter_ohlc_outliers: 601212 发现 1 行 OHLC 异常数据已过滤，日期: ['2017-02-16']
23:28:39 [WARNING] _filter_ohlc_outliers: 601619 发现 1 行 OHLC 异常数据已过滤，日期: ['2017-07-24']
23:29:04 [WARNING] _filter_ohlc_outliers: 603061 发现 1 行 OHLC 异常数据已过滤，日期: ['2022-12-30']
23:29:46 [WARNING] _filter_ohlc_outliers: 603619 发现 1 行 OHLC 异常数据已过滤，日期: ['2017-09-29']
23:30:20 [WARNING] _filter_ohlc_outliers: 605167 发现 1 行 OHLC 异常数据已过滤，日期: ['2021-07-28']
23:30:22 [WARNING] _filter_ohlc_outliers: 605168 发现 1 行 OHLC 异常数据已过滤，日期: ['2020-03-31']
23:30:23 [WARNING] _filter_ohlc_outliers: 605288 发现 1 行 OHLC 异常数据已过滤，日期: ['2020-03-31']
23:30:33 [WARNING] _filter_ohlc_outliers: 000338 发现 2 行 OHLC 异常数据已过滤，日期: ['2016-05-10', '2016-07-07']
23:30:40 [WARNING] _filter_ohlc_outliers: 000540 发现 1 行 OHLC 异常数据已过滤，日期: ['2023-05-17']
23:33:16 [WARNING] _filter_ohlc_outliers: 002493 发现 1 行 OHLC 异常数据已过滤，日期: ['2016-02-17']
23:33:35 [WARNING] _filter_ohlc_outliers: 002621 发现 1 行 OHLC 异常数据已过滤，日期: ['2024-06-12']
23:33:47 [WARNING] _filter_ohlc_outliers: 002684 发现 2 行 OHLC 异常数据已过滤，日期: ['2022-06-07', '2022-06-23']
23:33:54 [WARNING] _filter_ohlc_outliers: 002776 发现 3 行 OHLC 异常数据已过滤，日期: ['2022-04-27', '2022-07-05', '2023-12-25']
23:33:57 [WARNING] _filter_ohlc_outliers: 002796 发现 1 行 OHLC 异常数据已过滤，日期: ['2016-03-31']
23:35:03 [WARNING] _filter_ohlc_outliers: 300178 发现 1 行 OHLC 异常数据已过滤，日期: ['2022-06-20']
23:35:09 [WARNING] _filter_ohlc_outliers: 300223 发现 1 行 OHLC 异常数据已过滤，日期: ['2016-08-31']
23:36:28 [WARNING] _filter_ohlc_outliers: 300654 发现 1 行 OHLC 异常数据已过滤，日期: ['2017-09-28']
23:36:42 [WARNING] _filter_ohlc_outliers: 300747 发现 1 行 OHLC 异常数据已过滤，日期: ['2018-03-30']
23:37:42 [WARNING] _filter_ohlc_outliers: 301248 发现 1 行 OHLC 异常数据已过滤，日期: ['2022-02-28']
23:37:45 [WARNING] _filter_ohlc_outliers: 301308 发现 1 行 OHLC 异常数据已过滤，日期: ['2022-06-30']
23:37:59 [WARNING] _filter_ohlc_outliers: 301629 发现 1 行 OHLC 异常数据已过滤，日期: ['2025-01-27']
23:38:17 [WARNING] _filter_ohlc_outliers: 600260 发现 1 行 OHLC 异常数据已过滤，日期: ['2023-01-30']
23:38:22 [WARNING] _filter_ohlc_outliers: 600291 发现 1 行 OHLC 异常数据已过滤，日期: ['2022-06-06']
23:38:25 [WARNING] _filter_ohlc_outliers: 600295 发现 1 行 OHLC 异常数据已过滤，日期: ['2016-05-10']
23:39:49 [WARNING] _filter_ohlc_outliers: 600823 发现 2 行 OHLC 异常数据已过滤，日期: ['2024-05-14', '2024-05-31']
23:40:42 [WARNING] _filter_ohlc_outliers: 603061 发现 1 行 OHLC 异常数据已过滤，日期: ['2022-12-30']
23:41:21 [WARNING] _filter_ohlc_outliers: 603619 发现 1 行 OHLC 异常数据已过滤，日期: ['2017-09-29']
23:41:53 [WARNING] _filter_ohlc_outliers: 605167 发现 1 行 OHLC 异常数据已过滤，日期: ['2021-07-28']
23:41:54 [WARNING] _filter_ohlc_outliers: 605168 发现 1 行 OHLC 异常数据已过滤，日期: ['2020-03-31']
23:41:56 [WARNING] _filter_ohlc_outliers: 605288 发现 1 行 OHLC 异常数据已过滤，日期: ['2020-03-31']
23:42:08 [WARNING] _filter_ohlc_outliers: 000338 发现 2 行 OHLC 异常数据已过滤，日期: ['2016-05-10', '2016-07-07']
23:42:15 [WARNING] _filter_ohlc_outliers: 000540 发现 1 行 OHLC 异常数据已过滤，日期: ['2023-05-17']
23:44:46 [WARNING] _filter_ohlc_outliers: 002493 发现 1 行 OHLC 异常数据已过滤，日期: ['2016-02-17']
23:45:05 [WARNING] _filter_ohlc_outliers: 002621 发现 1 行 OHLC 异常数据已过滤，日期: ['2024-06-12']
23:45:16 [WARNING] _filter_ohlc_outliers: 002684 发现 2 行 OHLC 异常数据已过滤，日期: ['2022-06-07', '2022-06-23']
23:45:24 [WARNING] _filter_ohlc_outliers: 002776 发现 3 行 OHLC 异常数据已过滤，日期: ['2022-04-27', '2022-07-05', '2023-12-25']
23:45:28 [WARNING] _filter_ohlc_outliers: 002796 发现 1 行 OHLC 异常数据已过滤，日期: ['2016-03-31']
23:46:32 [WARNING] _filter_ohlc_outliers: 300178 发现 1 行 OHLC 异常数据已过滤，日期: ['2022-06-20']
23:46:39 [WARNING] _filter_ohlc_outliers: 300223 发现 1 行 OHLC 异常数据已过滤，日期: ['2016-08-31']
23:47:59 [WARNING] _filter_ohlc_outliers: 300654 发现 1 行 OHLC 异常数据已过滤，日期: ['2017-09-28']
23:49:13 [WARNING] _filter_ohlc_outliers: 301248 发现 1 行 OHLC 异常数据已过滤，日期: ['2022-02-28']
23:49:17 [WARNING] _filter_ohlc_outliers: 301308 发现 1 行 OHLC 异常数据已过滤，日期: ['2022-06-30']
23:49:30 [WARNING] _filter_ohlc_outliers: 301590 发现 1 行 OHLC 异常数据已过滤，日期: ['2025-04-30']
23:49:31 [WARNING] _filter_ohlc_outliers: 301589 发现 1 行 OHLC 异常数据已过滤，日期: ['2023-12-29']
23:49:32 [WARNING] _filter_ohlc_outliers: 301629 发现 1 行 OHLC 异常数据已过滤，日期: ['2025-01-27']
23:49:51 [WARNING] _filter_ohlc_outliers: 600260 发现 1 行 OHLC 异常数据已过滤，日期: ['2023-01-30']
23:49:55 [WARNING] _filter_ohlc_outliers: 600291 发现 1 行 OHLC 异常数据已过滤，日期: ['2022-06-06']
23:49:56 [WARNING] _filter_ohlc_outliers: 600295 发现 1 行 OHLC 异常数据已过滤，日期: ['2016-05-10']
23:51:17 [WARNING] _filter_ohlc_outliers: 600823 发现 2 行 OHLC 异常数据已过滤，日期: ['2024-05-14', '2024-05-31']
23:51:41 [WARNING] _filter_ohlc_outliers: 601212 发现 1 行 OHLC 异常数据已过滤，日期: ['2017-02-16']
23:52:09 [WARNING] _filter_ohlc_outliers: 603061 发现 1 行 OHLC 异常数据已过滤，日期: ['2022-12-30']
23:52:48 [WARNING] _filter_ohlc_outliers: 603619 发现 1 行 OHLC 异常数据已过滤，日期: ['2017-09-29']
23:53:20 [WARNING] _filter_ohlc_outliers: 605167 发现 1 行 OHLC 异常数据已过滤，日期: ['2021-07-28']
23:53:21 [WARNING] _filter_ohlc_outliers: 605168 发现 1 行 OHLC 异常数据已过滤，日期: ['2020-03-31']
23:53:21 [WARNING] _filter_ohlc_outliers: 605178 发现 1 行 OHLC 异常数据已过滤，日期: ['2020-05-29']
23:53:24 [WARNING] _filter_ohlc_outliers: 605288 发现 1 行 OHLC 异常数据已过滤，日期: ['2020-03-31']
23:53:33 [WARNING] _filter_ohlc_outliers: 000338 发现 2 行 OHLC 异常数据已过滤，日期: ['2016-05-10', '2016-07-07']
23:53:34 [WARNING] _filter_ohlc_outliers: 000416 发现 1 行 OHLC 异常数据已过滤，日期: ['2024-04-23']
23:53:42 [WARNING] _filter_ohlc_outliers: 000540 发现 1 行 OHLC 异常数据已过滤，日期: ['2023-05-17']
23:54:20 [WARNING] _filter_ohlc_outliers: 000971 发现 3 行 OHLC 异常数据已过滤，日期: ['2017-11-30', '2017-12-29', '2024-05-30']
23:56:18 [WARNING] _filter_ohlc_outliers: 002621 发现 1 行 OHLC 异常数据已过滤，日期: ['2024-06-12']
23:56:29 [WARNING] _filter_ohlc_outliers: 002684 发现 2 行 OHLC 异常数据已过滤，日期: ['2022-06-07', '2022-06-23']
23:56:35 [WARNING] _filter_ohlc_outliers: 002776 发现 3 行 OHLC 异常数据已过滤，日期: ['2022-04-27', '2022-07-05', '2023-12-25']
23:56:41 [WARNING] _filter_ohlc_outliers: 002796 发现 1 行 OHLC 异常数据已过滤，日期: ['2016-03-31']
23:57:44 [WARNING] _filter_ohlc_outliers: 300178 发现 1 行 OHLC 异常数据已过滤，日期: ['2022-06-20']
23:57:52 [WARNING] _filter_ohlc_outliers: 300223 发现 1 行 OHLC 异常数据已过滤，日期: ['2016-08-31']
00:00:20 [WARNING] _filter_ohlc_outliers: 301248 发现 1 行 OHLC 异常数据已过滤，日期: ['2022-02-28']
00:00:23 [WARNING] _filter_ohlc_outliers: 301308 发现 1 行 OHLC 异常数据已过滤，日期: ['2022-06-30']
00:00:37 [WARNING] _filter_ohlc_outliers: 301589 发现 1 行 OHLC 异常数据已过滤，日期: ['2023-12-29']
00:00:37 [WARNING] _filter_ohlc_outliers: 301590 发现 1 行 OHLC 异常数据已过滤，日期: ['2025-04-30']
00:00:38 [WARNING] _filter_ohlc_outliers: 301629 发现 1 行 OHLC 异常数据已过滤，日期: ['2025-01-27']
00:00:57 [WARNING] _filter_ohlc_outliers: 600260 发现 1 行 OHLC 异常数据已过滤，日期: ['2023-01-30']
00:01:02 [WARNING] _filter_ohlc_outliers: 600291 发现 1 行 OHLC 异常数据已过滤，日期: ['2022-06-06']
00:01:03 [WARNING] _filter_ohlc_outliers: 600295 发现 1 行 OHLC 异常数据已过滤，日期: ['2016-05-10']
00:02:18 [WARNING] _filter_ohlc_outliers: 600823 发现 2 行 OHLC 异常数据已过滤，日期: ['2024-05-14', '2024-05-31']
00:02:27 [WARNING] _filter_ohlc_outliers: 600890 发现 2 行 OHLC 异常数据已过滤，日期: ['2022-05-26', '2022-06-14']
00:02:30 [WARNING] _filter_ohlc_outliers: 600898 发现 1 行 OHLC 异常数据已过滤，日期: ['2025-01-09']
00:02:44 [WARNING] _filter_ohlc_outliers: 601212 发现 1 行 OHLC 异常数据已过滤，日期: ['2017-02-16']
00:03:10 [WARNING] _filter_ohlc_outliers: 603061 发现 1 行 OHLC 异常数据已过滤，日期: ['2022-12-30']
00:03:45 [WARNING] _filter_ohlc_outliers: 603619 发现 1 行 OHLC 异常数据已过滤，日期: ['2017-09-29']
00:04:17 [WARNING] _filter_ohlc_outliers: 605167 发现 1 行 OHLC 异常数据已过滤，日期: ['2021-07-28']
00:04:17 [WARNING] _filter_ohlc_outliers: 605178 发现 1 行 OHLC 异常数据已过滤，日期: ['2020-05-29']
00:04:20 [WARNING] _filter_ohlc_outliers: 605288 发现 1 行 OHLC 异常数据已过滤，日期: ['2020-03-31']
00:04:24 [WARNING] _filter_ohlc_outliers: 000046 发现 1 行 OHLC 异常数据已过滤，日期: ['2023-12-26']
00:04:30 [WARNING] _filter_ohlc_outliers: 000338 发现 2 行 OHLC 异常数据已过滤，日期: ['2016-05-10', '2016-07-07']
00:04:32 [WARNING] _filter_ohlc_outliers: 000416 发现 1 行 OHLC 异常数据已过滤，日期: ['2024-04-23']
00:04:33 [WARNING] _filter_ohlc_outliers: 000502 发现 2 行 OHLC 异常数据已过滤，日期: ['2022-06-07', '2022-06-23']
00:04:40 [WARNING] _filter_ohlc_outliers: 000540 发现 1 行 OHLC 异常数据已过滤，日期: ['2023-05-17']
00:04:44 [WARNING] _filter_ohlc_outliers: 000585 发现 2 行 OHLC 异常数据已过滤，日期: ['2016-03-31', '2022-05-20']
00:05:09 [WARNING] _filter_ohlc_outliers: 000760 发现 3 行 OHLC 异常数据已过滤，日期: ['2020-05-28', '2021-06-15', '2021-07-20']
00:05:13 [WARNING] _filter_ohlc_outliers: 000806 发现 1 行 OHLC 异常数据已过滤，日期: ['2023-07-03']
00:05:29 [WARNING] _filter_ohlc_outliers: 000995 发现 1 行 OHLC 异常数据已过滤，日期: ['2019-04-23']
00:07:10 [WARNING] _filter_ohlc_outliers: 002493 发现 1 行 OHLC 异常数据已过滤，日期: ['2016-02-17']
00:07:28 [WARNING] _filter_ohlc_outliers: 002619 发现 2 行 OHLC 异常数据已过滤，日期: ['2018-03-30', '2022-03-29']
00:07:40 [WARNING] _filter_ohlc_outliers: 002684 发现 2 行 OHLC 异常数据已过滤，日期: ['2022-06-07', '2022-06-23']
00:07:41 [WARNING] _filter_ohlc_outliers: 002699 发现 2 行 OHLC 异常数据已过滤，日期: ['2024-04-24', '2024-05-31']
00:07:47 [WARNING] _filter_ohlc_outliers: 002776 发现 3 行 OHLC 异常数据已过滤，日期: ['2022-04-27', '2022-07-05', '2023-12-25']
00:07:51 [WARNING] _filter_ohlc_outliers: 002796 发现 1 行 OHLC 异常数据已过滤，日期: ['2016-03-31']
00:08:54 [WARNING] _filter_ohlc_outliers: 300178 发现 1 行 OHLC 异常数据已过滤，日期: ['2022-06-20']
00:09:05 [WARNING] _filter_ohlc_outliers: 300223 发现 1 行 OHLC 异常数据已过滤，日期: ['2016-08-31']
00:10:07 [WARNING] _filter_ohlc_outliers: 300654 发现 1 行 OHLC 异常数据已过滤，日期: ['2017-09-28']
00:11:17 [WARNING] _filter_ohlc_outliers: 301248 发现 1 行 OHLC 异常数据已过滤，日期: ['2022-02-28']
00:11:20 [WARNING] _filter_ohlc_outliers: 301308 发现 1 行 OHLC 异常数据已过滤，日期: ['2022-06-30']
00:11:32 [WARNING] _filter_ohlc_outliers: 301629 发现 1 行 OHLC 异常数据已过滤，日期: ['2025-01-27']
00:11:40 [WARNING] _filter_ohlc_outliers: 600077 发现 1 行 OHLC 异常数据已过滤，日期: ['2023-06-12']
00:11:45 [WARNING] _filter_ohlc_outliers: 600122 发现 1 行 OHLC 异常数据已过滤，日期: ['2023-05-25']
00:11:46 [WARNING] _filter_ohlc_outliers: 600145 发现 1 行 OHLC 异常数据已过滤，日期: ['2022-04-20']
00:11:54 [WARNING] _filter_ohlc_outliers: 600260 发现 1 行 OHLC 异常数据已过滤，日期: ['2023-01-30']
00:11:58 [WARNING] _filter_ohlc_outliers: 600291 发现 1 行 OHLC 异常数据已过滤，日期: ['2022-06-06']
00:12:00 [WARNING] _filter_ohlc_outliers: 600295 发现 1 行 OHLC 异常数据已过滤，日期: ['2016-05-10']
00:12:06 [WARNING] _filter_ohlc_outliers: 600321 发现 2 行 OHLC 异常数据已过滤，日期: ['2016-06-30', '2024-05-29']
00:13:03 [WARNING] _filter_ohlc_outliers: 600634 发现 3 行 OHLC 异常数据已过滤，日期: ['2020-11-23', '2021-06-03', '2021-07-13']
00:13:03 [WARNING] _filter_ohlc_outliers: 600652 发现 1 行 OHLC 异常数据已过滤，日期: ['2022-06-14']
00:13:19 [WARNING] _filter_ohlc_outliers: 600823 发现 2 行 OHLC 异常数据已过滤，日期: ['2024-05-14', '2024-05-31']
00:13:28 [WARNING] _filter_ohlc_outliers: 600890 发现 2 行 OHLC 异常数据已过滤，日期: ['2022-05-26', '2022-06-14']
00:13:30 [WARNING] _filter_ohlc_outliers: 600896 发现 2 行 OHLC 异常数据已过滤，日期: ['2016-06-30', '2022-07-15']
00:13:48 [WARNING] _filter_ohlc_outliers: 601212 发现 1 行 OHLC 异常数据已过滤，日期: ['2017-02-16']
00:13:59 [WARNING] _filter_ohlc_outliers: 601619 发现 1 行 OHLC 异常数据已过滤，日期: ['2017-07-24']
00:14:19 [WARNING] _filter_ohlc_outliers: 603061 发现 1 行 OHLC 异常数据已过滤，日期: ['2022-12-30']
00:14:31 [WARNING] _filter_ohlc_outliers: 603157 发现 1 行 OHLC 异常数据已过滤，日期: ['2022-05-16']
00:14:43 [WARNING] _filter_ohlc_outliers: 603353 发现 1 行 OHLC 异常数据已过滤，日期: ['2020-02-28']
00:14:59 [WARNING] _filter_ohlc_outliers: 603619 发现 1 行 OHLC 异常数据已过滤，日期: ['2017-09-29']
00:15:31 [WARNING] _filter_ohlc_outliers: 605167 发现 1 行 OHLC 异常数据已过滤，日期: ['2021-07-28']
00:15:32 [WARNING] _filter_ohlc_outliers: 605178 发现 1 行 OHLC 异常数据已过滤，日期: ['2020-05-29']
00:15:34 [WARNING] _filter_ohlc_outliers: 605288 发现 1 行 OHLC 异常数据已过滤，日期: ['2020-03-31']
00:15:39 [WARNING] _filter_ohlc_outliers: 000046 发现 1 行 OHLC 异常数据已过滤，日期: ['2023-12-26']
00:15:45 [WARNING] _filter_ohlc_outliers: 000338 发现 2 行 OHLC 异常数据已过滤，日期: ['2016-05-10', '2016-07-07']
00:15:48 [WARNING] _filter_ohlc_outliers: 000416 发现 1 行 OHLC 异常数据已过滤，日期: ['2024-04-23']
00:15:50 [WARNING] _filter_ohlc_outliers: 000502 发现 2 行 OHLC 异常数据已过滤，日期: ['2022-06-07', '2022-06-23']
00:15:56 [WARNING] _filter_ohlc_outliers: 000540 发现 1 行 OHLC 异常数据已过滤，日期: ['2023-05-17']
00:16:01 [WARNING] _filter_ohlc_outliers: 000585 发现 2 行 OHLC 异常数据已过滤，日期: ['2016-03-31', '2022-05-20']
00:16:23 [WARNING] _filter_ohlc_outliers: 000760 发现 3 行 OHLC 异常数据已过滤，日期: ['2020-05-28', '2021-06-15', '2021-07-20']
00:16:27 [WARNING] _filter_ohlc_outliers: 000806 发现 1 行 OHLC 异常数据已过滤，日期: ['2023-07-03']
00:16:39 [WARNING] _filter_ohlc_outliers: 000995 发现 1 行 OHLC 异常数据已过滤，日期: ['2019-04-23']
00:17:03 [WARNING] _filter_ohlc_outliers: 002118 发现 3 行 OHLC 异常数据已过滤，日期: ['2022-04-27', '2022-07-04', '2023-06-14']
00:17:37 [WARNING] _filter_ohlc_outliers: 002260 发现 3 行 OHLC 异常数据已过滤，日期: ['2022-03-31', '2022-05-06', '2022-06-15']
00:18:18 [WARNING] _filter_ohlc_outliers: 002493 发现 1 行 OHLC 异常数据已过滤，日期: ['2016-02-17']
00:18:32 [WARNING] _filter_ohlc_outliers: 002619 发现 2 行 OHLC 异常数据已过滤，日期: ['2018-03-30', '2022-03-29']
00:18:44 [WARNING] _filter_ohlc_outliers: 002684 发现 2 行 OHLC 异常数据已过滤，日期: ['2022-06-07', '2022-06-23']
00:18:52 [WARNING] _filter_ohlc_outliers: 002776 发现 3 行 OHLC 异常数据已过滤，日期: ['2022-04-27', '2022-07-05', '2023-12-25']
00:18:55 [WARNING] _filter_ohlc_outliers: 002796 发现 1 行 OHLC 异常数据已过滤，日期: ['2016-03-31']
00:19:54 [WARNING] _filter_ohlc_outliers: 300178 发现 1 行 OHLC 异常数据已过滤，日期: ['2022-06-20']
00:20:03 [WARNING] _filter_ohlc_outliers: 300223 发现 1 行 OHLC 异常数据已过滤，日期: ['2016-08-31']
00:20:55 [WARNING] _filter_ohlc_outliers: 300654 发现 1 行 OHLC 异常数据已过滤，日期: ['2017-09-28']
00:21:54 [WARNING] _filter_ohlc_outliers: 301203 发现 1 行 OHLC 异常数据已过滤，日期: ['2023-02-28']
00:21:59 [WARNING] _filter_ohlc_outliers: 301248 发现 1 行 OHLC 异常数据已过滤，日期: ['2022-02-28']
00:22:02 [WARNING] _filter_ohlc_outliers: 301308 发现 1 行 OHLC 异常数据已过滤，日期: ['2022-06-30']
00:22:14 [WARNING] _filter_ohlc_outliers: 301629 发现 1 行 OHLC 异常数据已过滤，日期: ['2025-01-27']
00:22:21 [WARNING] _filter_ohlc_outliers: 600077 发现 1 行 OHLC 异常数据已过滤，日期: ['2023-06-12']
00:22:25 [WARNING] _filter_ohlc_outliers: 600122 发现 1 行 OHLC 异常数据已过滤，日期: ['2023-05-25']
00:22:26 [WARNING] _filter_ohlc_outliers: 600145 发现 1 行 OHLC 异常数据已过滤，日期: ['2022-04-20']
00:22:35 [WARNING] _filter_ohlc_outliers: 600260 发现 1 行 OHLC 异常数据已过滤，日期: ['2023-01-30']
00:22:39 [WARNING] _filter_ohlc_outliers: 600291 发现 1 行 OHLC 异常数据已过滤，日期: ['2022-06-06']
00:22:40 [WARNING] _filter_ohlc_outliers: 600295 发现 1 行 OHLC 异常数据已过滤，日期: ['2016-05-10']
00:22:58 [WARNING] _filter_ohlc_outliers: 600385 发现 2 行 OHLC 异常数据已过滤，日期: ['2022-06-28', '2022-06-30']
00:23:42 [WARNING] _filter_ohlc_outliers: 600634 发现 3 行 OHLC 异常数据已过滤，日期: ['2020-11-23', '2021-06-03', '2021-07-13']
00:23:43 [WARNING] _filter_ohlc_outliers: 600652 发现 1 行 OHLC 异常数据已过滤，日期: ['2022-06-14']
00:23:50 [WARNING] _filter_ohlc_outliers: 600705 发现 2 行 OHLC 异常数据已过滤，日期: ['2025-03-27', '2025-04-30']
00:23:58 [WARNING] _filter_ohlc_outliers: 600781 发现 3 行 OHLC 异常数据已过滤，日期: ['2022-04-27', '2022-07-04', '2023-06-16']
00:24:07 [WARNING] _filter_ohlc_outliers: 600890 发现 2 行 OHLC 异常数据已过滤，日期: ['2022-05-26', '2022-06-14']
00:24:10 [WARNING] _filter_ohlc_outliers: 600896 发现 2 行 OHLC 异常数据已过滤，日期: ['2016-06-30', '2022-07-15']
00:24:29 [WARNING] _filter_ohlc_outliers: 601212 发现 1 行 OHLC 异常数据已过滤，日期: ['2017-02-16']
00:24:40 [WARNING] _filter_ohlc_outliers: 601619 发现 1 行 OHLC 异常数据已过滤，日期: ['2017-07-24']
00:24:56 [WARNING] _filter_ohlc_outliers: 603061 发现 1 行 OHLC 异常数据已过滤，日期: ['2022-12-30']
00:25:09 [WARNING] _filter_ohlc_outliers: 603157 发现 1 行 OHLC 异常数据已过滤，日期: ['2022-05-16']
00:25:21 [WARNING] _filter_ohlc_outliers: 603353 发现 1 行 OHLC 异常数据已过滤，日期: ['2020-02-28']
00:25:27 [WARNING] _filter_ohlc_outliers: 603555 发现 1 行 OHLC 异常数据已过滤，日期: ['2024-03-06']
00:25:36 [WARNING] _filter_ohlc_outliers: 603619 发现 1 行 OHLC 异常数据已过滤，日期: ['2017-09-29']
00:26:08 [WARNING] _filter_ohlc_outliers: 605167 发现 1 行 OHLC 异常数据已过滤，日期: ['2021-07-28']
00:26:09 [WARNING] _filter_ohlc_outliers: 605178 发现 1 行 OHLC 异常数据已过滤，日期: ['2020-05-29']
00:26:11 [WARNING] _filter_ohlc_outliers: 605288 发现 1 行 OHLC 异常数据已过滤，日期: ['2020-03-31']
00:26:42 [WARNING] _filter_ohlc_outliers: 603061 发现 1 行 OHLC 异常数据已过滤，日期: ['2022-12-30']
00:26:44 [WARNING] _filter_ohlc_outliers: 600325 发现 1 行 OHLC 异常数据已过滤，日期: ['2016-02-18']
00:27:02 [WARNING] _filter_ohlc_outliers: 600325 发现 1 行 OHLC 异常数据已过滤，日期: ['2016-02-18']
00:27:02 [WARNING] _filter_ohlc_outliers: 603061 发现 1 行 OHLC 异常数据已过滤，日期: ['2022-12-30']
00:27:19 [WARNING] _filter_ohlc_outliers: 600325 发现 1 行 OHLC 异常数据已过滤，日期: ['2016-02-18']
00:27:20 [WARNING] _filter_ohlc_outliers: 603061 发现 1 行 OHLC 异常数据已过滤，日期: ['2022-12-30']
00:27:44 [WARNING] _filter_ohlc_outliers: 600325 发现 1 行 OHLC 异常数据已过滤，日期: ['2016-02-18']
00:27:47 [WARNING] _filter_ohlc_outliers: 603061 发现 1 行 OHLC 异常数据已过滤，日期: ['2022-12-30']
00:28:17 [WARNING] _filter_ohlc_outliers: 600325 发现 1 行 OHLC 异常数据已过滤，日期: ['2016-02-18']
00:28:47 [WARNING] _filter_ohlc_outliers: 600325 发现 1 行 OHLC 异常数据已过滤，日期: ['2016-02-18']
00:29:39 [WARNING] _filter_ohlc_outliers: 002703 发现 1 行 OHLC 异常数据已过滤，日期: ['2016-03-31']
00:30:21 [WARNING] _filter_ohlc_outliers: 002703 发现 1 行 OHLC 异常数据已过滤，日期: ['2016-03-31']
00:30:43 [WARNING] _filter_ohlc_outliers: 301556 发现 1 行 OHLC 异常数据已过滤，日期: ['2024-08-30']
00:31:19 [WARNING] _filter_ohlc_outliers: 002703 发现 1 行 OHLC 异常数据已过滤，日期: ['2016-03-31']
00:31:35 [WARNING] _filter_ohlc_outliers: 300773 发现 1 行 OHLC 异常数据已过滤，日期: ['2019-01-31']
00:31:39 [WARNING] _filter_ohlc_outliers: 301556 发现 1 行 OHLC 异常数据已过滤，日期: ['2024-08-30']
00:31:58 [WARNING] _filter_ohlc_outliers: 000995 发现 1 行 OHLC 异常数据已过滤，日期: ['2019-04-23']
00:32:07 [WARNING] _filter_ohlc_outliers: 002703 发现 1 行 OHLC 异常数据已过滤，日期: ['2016-03-31']
00:32:25 [WARNING] _filter_ohlc_outliers: 300773 发现 1 行 OHLC 异常数据已过滤，日期: ['2019-01-31']
00:32:45 [WARNING] _filter_ohlc_outliers: 000995 发现 1 行 OHLC 异常数据已过滤，日期: ['2019-04-23']
00:33:32 [WARNING] _filter_ohlc_outliers: 000995 发现 1 行 OHLC 异常数据已过滤，日期: ['2019-04-23']
00:33:36 [WARNING] _filter_ohlc_outliers: 002703 发现 1 行 OHLC 异常数据已过滤，日期: ['2016-03-31']
00:33:53 [WARNING] _filter_ohlc_outliers: 300773 发现 1 行 OHLC 异常数据已过滤，日期: ['2019-01-31']
00:34:15 [WARNING] _filter_ohlc_outliers: 000995 发现 1 行 OHLC 异常数据已过滤，日期: ['2019-04-23']
00:34:18 [WARNING] _filter_ohlc_outliers: 002703 发现 1 行 OHLC 异常数据已过滤，日期: ['2016-03-31']
00:34:49 [WARNING] _filter_ohlc_outliers: 605168 发现 1 行 OHLC 异常数据已过滤，日期: ['2020-03-31']
00:36:07 [WARNING] _filter_ohlc_outliers: 000727 发现 1 行 OHLC 异常数据已过滤，日期: ['2016-11-14']
00:36:38 [WARNING] _filter_ohlc_outliers: 000825 发现 1 行 OHLC 异常数据已过滤，日期: ['2016-02-17']
00:36:47 [WARNING] _filter_ohlc_outliers: 000858 发现 1 行 OHLC 异常数据已过滤，日期: ['2016-05-27']
00:37:02 [WARNING] _filter_ohlc_outliers: 000983 发现 1 行 OHLC 异常数据已过滤，日期: ['2016-02-18']
00:37:02 [WARNING] _filter_ohlc_outliers: 000995 发现 1 行 OHLC 异常数据已过滤，日期: ['2019-04-23']
00:37:06 [WARNING] _filter_ohlc_outliers: 001283 发现 1 行 OHLC 异常数据已过滤，日期: ['2022-06-30']
00:37:06 [WARNING] _filter_ohlc_outliers: 001208 发现 1 行 OHLC 异常数据已过滤，日期: ['2021-06-28']
00:37:45 [WARNING] _filter_ohlc_outliers: 002110 发现 2 行 OHLC 异常数据已过滤，日期: ['2016-04-07', '2016-07-04']
00:40:06 [WARNING] _filter_ohlc_outliers: 002685 发现 2 行 OHLC 异常数据已过滤，日期: ['2016-07-29', '2016-08-31']
00:40:23 [WARNING] _filter_ohlc_outliers: 002739 发现 2 行 OHLC 异常数据已过滤，日期: ['2016-03-31', '2016-04-29']
00:41:34 [WARNING] _filter_ohlc_outliers: 300057 发现 1 行 OHLC 异常数据已过滤，日期: ['2016-03-31']
00:42:24 [WARNING] _filter_ohlc_outliers: 300223 发现 1 行 OHLC 异常数据已过滤，日期: ['2016-08-31']
00:43:32 [WARNING] _filter_ohlc_outliers: 300429 发现 1 行 OHLC 异常数据已过滤，日期: ['2015-11-30']
00:43:54 [WARNING] _filter_ohlc_outliers: 300507 发现 1 行 OHLC 异常数据已过滤，日期: ['2016-02-29']
00:44:37 [WARNING] _filter_ohlc_outliers: 300628 发现 1 行 OHLC 异常数据已过滤，日期: ['2017-03-22']
00:45:39 [WARNING] _filter_ohlc_outliers: 300877 发现 1 行 OHLC 异常数据已过滤，日期: ['2020-05-29']
00:46:19 [WARNING] _filter_ohlc_outliers: 301191 发现 1 行 OHLC 异常数据已过滤，日期: ['2022-02-28']
00:46:48 [WARNING] _filter_ohlc_outliers: 301556 发现 1 行 OHLC 异常数据已过滤，日期: ['2024-08-30']
00:46:50 [WARNING] _filter_ohlc_outliers: 301589 发现 1 行 OHLC 异常数据已过滤，日期: ['2023-12-29']
00:46:50 [WARNING] _filter_ohlc_outliers: 301590 发现 1 行 OHLC 异常数据已过滤，日期: ['2025-04-30']
00:46:51 [WARNING] _filter_ohlc_outliers: 301592 发现 1 行 OHLC 异常数据已过滤，日期: ['2024-08-30']
00:48:40 [WARNING] _filter_ohlc_outliers: 600390 发现 1 行 OHLC 异常数据已过滤，日期: ['2016-03-31']
00:49:13 [WARNING] _filter_ohlc_outliers: 600546 发现 3 行 OHLC 异常数据已过滤，日期: ['2017-07-14', '2018-01-23', '2018-02-07']
00:50:16 [WARNING] _filter_ohlc_outliers: 600725 发现 3 行 OHLC 异常数据已过滤，日期: ['2016-02-18', '2016-09-20', '2017-12-05']
00:53:04 [WARNING] _filter_ohlc_outliers: 603195 发现 1 行 OHLC 异常数据已过滤，日期: ['2019-12-31']
00:53:09 [WARNING] _filter_ohlc_outliers: 603283 发现 1 行 OHLC 异常数据已过滤，日期: ['2017-09-29']
00:53:25 [WARNING] _filter_ohlc_outliers: 603336 发现 1 行 OHLC 异常数据已过滤，日期: ['2016-11-28']
00:54:16 [WARNING] _filter_ohlc_outliers: 603737 发现 2 行 OHLC 异常数据已过滤，日期: ['2016-03-31', '2016-06-07']
00:54:22 [WARNING] _filter_ohlc_outliers: 603809 发现 1 行 OHLC 异常数据已过滤，日期: ['2017-09-29']
00:56:19 [WARNING] _filter_ohlc_outliers: 000727 发现 1 行 OHLC 异常数据已过滤，日期: ['2016-11-14']
00:56:50 [WARNING] _filter_ohlc_outliers: 000825 发现 1 行 OHLC 异常数据已过滤，日期: ['2016-02-17']
00:56:59 [WARNING] _filter_ohlc_outliers: 000858 发现 1 行 OHLC 异常数据已过滤，日期: ['2016-05-27']
00:57:13 [WARNING] _filter_ohlc_outliers: 000983 发现 1 行 OHLC 异常数据已过滤，日期: ['2016-02-18']
00:57:15 [WARNING] _filter_ohlc_outliers: 000995 发现 1 行 OHLC 异常数据已过滤，日期: ['2019-04-23']
00:57:18 [WARNING] _filter_ohlc_outliers: 001208 发现 1 行 OHLC 异常数据已过滤，日期: ['2021-06-28']
00:57:19 [WARNING] _filter_ohlc_outliers: 001283 发现 1 行 OHLC 异常数据已过滤，日期: ['2022-06-30']
00:57:58 [WARNING] _filter_ohlc_outliers: 002110 发现 2 行 OHLC 异常数据已过滤，日期: ['2016-04-07', '2016-07-04']
01:00:53 [WARNING] _filter_ohlc_outliers: 002685 发现 2 行 OHLC 异常数据已过滤，日期: ['2016-07-29', '2016-08-31']
01:01:10 [WARNING] _filter_ohlc_outliers: 002739 发现 2 行 OHLC 异常数据已过滤，日期: ['2016-03-31', '2016-04-29']
01:02:25 [WARNING] _filter_ohlc_outliers: 300057 发现 1 行 OHLC 异常数据已过滤，日期: ['2016-03-31']
01:03:17 [WARNING] _filter_ohlc_outliers: 300223 发现 1 行 OHLC 异常数据已过滤，日期: ['2016-08-31']
01:04:25 [WARNING] _filter_ohlc_outliers: 300429 发现 1 行 OHLC 异常数据已过滤，日期: ['2015-11-30']
01:04:47 [WARNING] _filter_ohlc_outliers: 300507 发现 1 行 OHLC 异常数据已过滤，日期: ['2016-02-29']
01:05:29 [WARNING] _filter_ohlc_outliers: 300628 发现 1 行 OHLC 异常数据已过滤，日期: ['2017-03-22']
01:06:33 [WARNING] _filter_ohlc_outliers: 300877 发现 1 行 OHLC 异常数据已过滤，日期: ['2020-05-29']
01:07:12 [WARNING] _filter_ohlc_outliers: 301191 发现 1 行 OHLC 异常数据已过滤，日期: ['2022-02-28']
01:07:41 [WARNING] _filter_ohlc_outliers: 301556 发现 1 行 OHLC 异常数据已过滤，日期: ['2024-08-30']
01:07:42 [WARNING] _filter_ohlc_outliers: 301589 发现 1 行 OHLC 异常数据已过滤，日期: ['2023-12-29']
01:07:43 [WARNING] _filter_ohlc_outliers: 301590 发现 1 行 OHLC 异常数据已过滤，日期: ['2025-04-30']
01:07:43 [WARNING] _filter_ohlc_outliers: 301592 发现 1 行 OHLC 异常数据已过滤，日期: ['2024-08-30']
01:09:36 [WARNING] _filter_ohlc_outliers: 600390 发现 1 行 OHLC 异常数据已过滤，日期: ['2016-03-31']
01:10:11 [WARNING] _filter_ohlc_outliers: 600546 发现 3 行 OHLC 异常数据已过滤，日期: ['2017-07-14', '2018-01-23', '2018-02-07']
01:11:03 [WARNING] _filter_ohlc_outliers: 600705 发现 2 行 OHLC 异常数据已过滤，日期: ['2025-03-27', '2025-04-30']
01:11:15 [WARNING] _filter_ohlc_outliers: 600725 发现 3 行 OHLC 异常数据已过滤，日期: ['2016-02-18', '2016-09-20', '2017-12-05']
01:13:06 [WARNING] _filter_ohlc_outliers: 601619 发现 1 行 OHLC 异常数据已过滤，日期: ['2017-07-24']
01:13:09 [WARNING] _filter_ohlc_outliers: 601666 发现 6 行 OHLC 异常数据已过滤，日期: ['2018-10-08', '2018-11-07', '2019-02-19', '2019-10-23', '2019-12-27']...
01:13:16 [WARNING] _filter_ohlc_outliers: 601699 发现 2 行 OHLC 异常数据已过滤，日期: ['2016-05-11', '2020-06-29']
01:13:28 [WARNING] _filter_ohlc_outliers: 601868 发现 1 行 OHLC 异常数据已过滤，日期: ['2021-10-12']
01:14:28 [WARNING] _filter_ohlc_outliers: 603195 发现 1 行 OHLC 异常数据已过滤，日期: ['2019-12-31']
01:14:40 [WARNING] _filter_ohlc_outliers: 603283 发现 1 行 OHLC 异常数据已过滤，日期: ['2017-09-29']
01:14:57 [WARNING] _filter_ohlc_outliers: 603336 发现 1 行 OHLC 异常数据已过滤，日期: ['2016-11-28']
01:15:49 [WARNING] _filter_ohlc_outliers: 603737 发现 2 行 OHLC 异常数据已过滤，日期: ['2016-03-31', '2016-06-07']
01:15:54 [WARNING] _filter_ohlc_outliers: 603809 发现 1 行 OHLC 异常数据已过滤，日期: ['2017-09-29']
01:18:21 [WARNING] _filter_ohlc_outliers: 000825 发现 1 行 OHLC 异常数据已过滤，日期: ['2016-02-17']
01:18:30 [WARNING] _filter_ohlc_outliers: 000858 发现 1 行 OHLC 异常数据已过滤，日期: ['2016-05-27']
01:18:44 [WARNING] _filter_ohlc_outliers: 000983 发现 1 行 OHLC 异常数据已过滤，日期: ['2016-02-18']
01:18:46 [WARNING] _filter_ohlc_outliers: 000995 发现 1 行 OHLC 异常数据已过滤，日期: ['2019-04-23']
01:18:49 [WARNING] _filter_ohlc_outliers: 001208 发现 1 行 OHLC 异常数据已过滤，日期: ['2021-06-28']
01:18:50 [WARNING] _filter_ohlc_outliers: 001283 发现 1 行 OHLC 异常数据已过滤，日期: ['2022-06-30']
01:19:24 [WARNING] _filter_ohlc_outliers: 002110 发现 2 行 OHLC 异常数据已过滤，日期: ['2016-04-07', '2016-07-04']
01:22:20 [WARNING] _filter_ohlc_outliers: 002739 发现 2 行 OHLC 异常数据已过滤，日期: ['2016-03-31', '2016-04-29']
01:23:38 [WARNING] _filter_ohlc_outliers: 300057 发现 1 行 OHLC 异常数据已过滤，日期: ['2016-03-31']
01:24:23 [WARNING] _filter_ohlc_outliers: 300223 发现 1 行 OHLC 异常数据已过滤，日期: ['2016-08-31']
01:25:43 [WARNING] _filter_ohlc_outliers: 300507 发现 1 行 OHLC 异常数据已过滤，日期: ['2016-02-29']
01:26:22 [WARNING] _filter_ohlc_outliers: 300628 发现 1 行 OHLC 异常数据已过滤，日期: ['2017-03-22']
01:27:32 [WARNING] _filter_ohlc_outliers: 300877 发现 1 行 OHLC 异常数据已过滤，日期: ['2020-05-29']
01:28:09 [WARNING] _filter_ohlc_outliers: 301191 发现 1 行 OHLC 异常数据已过滤，日期: ['2022-02-28']
01:28:36 [WARNING] _filter_ohlc_outliers: 301556 发现 1 行 OHLC 异常数据已过滤，日期: ['2024-08-30']
01:28:37 [WARNING] _filter_ohlc_outliers: 301589 发现 1 行 OHLC 异常数据已过滤，日期: ['2023-12-29']
01:28:37 [WARNING] _filter_ohlc_outliers: 301590 发现 1 行 OHLC 异常数据已过滤，日期: ['2025-04-30']
01:28:38 [WARNING] _filter_ohlc_outliers: 301592 发现 1 行 OHLC 异常数据已过滤，日期: ['2024-08-30']
01:31:03 [WARNING] _filter_ohlc_outliers: 600546 发现 3 行 OHLC 异常数据已过滤，日期: ['2017-07-14', '2018-01-23', '2018-02-07']
01:33:41 [WARNING] _filter_ohlc_outliers: 601666 发现 6 行 OHLC 异常数据已过滤，日期: ['2018-10-08', '2018-11-07', '2019-02-19', '2019-10-23', '2019-12-27']...
01:33:45 [WARNING] _filter_ohlc_outliers: 601699 发现 2 行 OHLC 异常数据已过滤，日期: ['2016-05-11', '2020-06-29']
01:35:10 [WARNING] _filter_ohlc_outliers: 603336 发现 1 行 OHLC 异常数据已过滤，日期: ['2016-11-28']
01:36:01 [WARNING] _filter_ohlc_outliers: 603737 发现 2 行 OHLC 异常数据已过滤，日期: ['2016-03-31', '2016-06-07']
01:37:23 [WARNING] _filter_ohlc_outliers: 000825 发现 1 行 OHLC 异常数据已过滤，日期: ['2016-02-17']
01:37:48 [WARNING] _filter_ohlc_outliers: 002110 发现 2 行 OHLC 异常数据已过滤，日期: ['2016-04-07', '2016-07-04']
01:38:39 [WARNING] _filter_ohlc_outliers: 002739 发现 2 行 OHLC 异常数据已过滤，日期: ['2016-03-31', '2016-04-29']
01:39:40 [WARNING] _filter_ohlc_outliers: 300507 发现 1 行 OHLC 异常数据已过滤，日期: ['2016-02-29']
01:40:17 [WARNING] _filter_ohlc_outliers: 301556 发现 1 行 OHLC 异常数据已过滤，日期: ['2024-08-30']
01:42:40 [WARNING] _filter_ohlc_outliers: 603737 发现 2 行 OHLC 异常数据已过滤，日期: ['2016-03-31', '2016-06-07']
01:43:22 [WARNING] _filter_ohlc_outliers: 000825 发现 1 行 OHLC 异常数据已过滤，日期: ['2016-02-17']
01:43:43 [WARNING] _filter_ohlc_outliers: 002110 发现 2 行 OHLC 异常数据已过滤，日期: ['2016-04-07', '2016-07-04']
01:44:34 [WARNING] _filter_ohlc_outliers: 002739 发现 2 行 OHLC 异常数据已过滤，日期: ['2016-03-31', '2016-04-29']
01:45:33 [WARNING] _filter_ohlc_outliers: 300507 发现 1 行 OHLC 异常数据已过滤，日期: ['2016-02-29']
01:46:07 [WARNING] _filter_ohlc_outliers: 301556 发现 1 行 OHLC 异常数据已过滤，日期: ['2024-08-30']
01:48:08 [WARNING] _filter_ohlc_outliers: 601666 发现 6 行 OHLC 异常数据已过滤，日期: ['2018-10-08', '2018-11-07', '2019-02-19', '2019-10-23', '2019-12-27']...
01:49:11 [WARNING] _filter_ohlc_outliers: 000727 发现 1 行 OHLC 异常数据已过滤，日期: ['2016-11-14']
01:49:43 [WARNING] _filter_ohlc_outliers: 002110 发现 2 行 OHLC 异常数据已过滤，日期: ['2016-04-07', '2016-07-04']
01:50:32 [WARNING] _filter_ohlc_outliers: 002685 发现 2 行 OHLC 异常数据已过滤，日期: ['2016-07-29', '2016-08-31']
01:50:36 [WARNING] _filter_ohlc_outliers: 002739 发现 2 行 OHLC 异常数据已过滤，日期: ['2016-03-31', '2016-04-29']
01:51:37 [WARNING] _filter_ohlc_outliers: 300429 发现 1 行 OHLC 异常数据已过滤，日期: ['2015-11-30']
01:51:44 [WARNING] _filter_ohlc_outliers: 300507 发现 1 行 OHLC 异常数据已过滤，日期: ['2016-02-29']
01:52:17 [WARNING] _filter_ohlc_outliers: 301556 发现 1 行 OHLC 异常数据已过滤，日期: ['2024-08-30']
01:53:35 [WARNING] _filter_ohlc_outliers: 600725 发现 3 行 OHLC 异常数据已过滤，日期: ['2016-02-18', '2016-09-20', '2017-12-05']
01:54:24 [WARNING] _filter_ohlc_outliers: 601666 发现 6 行 OHLC 异常数据已过滤，日期: ['2018-10-08', '2018-11-07', '2019-02-19', '2019-10-23', '2019-12-27']...
01:54:30 [WARNING] _filter_ohlc_outliers: 601868 发现 1 行 OHLC 异常数据已过滤，日期: ['2021-10-12']
01:55:28 [WARNING] _filter_ohlc_outliers: 000725 发现 1 行 OHLC 异常数据已过滤，日期: ['2016-02-18']
01:55:50 [WARNING] _filter_ohlc_outliers: 001283 发现 1 行 OHLC 异常数据已过滤，日期: ['2022-06-30']
01:56:44 [WARNING] _filter_ohlc_outliers: 002685 发现 2 行 OHLC 异常数据已过滤，日期: ['2016-07-29', '2016-08-31']
01:56:49 [WARNING] _filter_ohlc_outliers: 002739 发现 2 行 OHLC 异常数据已过滤，日期: ['2016-03-31', '2016-04-29']
01:57:46 [WARNING] _filter_ohlc_outliers: 300429 发现 1 行 OHLC 异常数据已过滤，日期: ['2015-11-30']
01:57:54 [WARNING] _filter_ohlc_outliers: 300507 发现 1 行 OHLC 异常数据已过滤，日期: ['2016-02-29']
01:58:23 [WARNING] _filter_ohlc_outliers: 301556 发现 1 行 OHLC 异常数据已过滤，日期: ['2024-08-30']
01:59:42 [WARNING] _filter_ohlc_outliers: 600725 发现 3 行 OHLC 异常数据已过滤，日期: ['2016-02-18', '2016-09-20', '2017-12-05']
02:00:27 [WARNING] _filter_ohlc_outliers: 601666 发现 6 行 OHLC 异常数据已过滤，日期: ['2018-10-08', '2018-11-07', '2019-02-19', '2019-10-23', '2019-12-27']...
02:00:32 [WARNING] _filter_ohlc_outliers: 601868 发现 1 行 OHLC 异常数据已过滤，日期: ['2021-10-12']
02:01:02 [WARNING] _filter_ohlc_outliers: 603737 发现 2 行 OHLC 异常数据已过滤，日期: ['2016-03-31', '2016-06-07']
02:01:31 [WARNING] _filter_ohlc_outliers: 000338 发现 2 行 OHLC 异常数据已过滤，日期: ['2016-05-10', '2016-07-07']
02:02:23 [WARNING] _filter_ohlc_outliers: 605167 发现 1 行 OHLC 异常数据已过滤，日期: ['2021-07-28']
02:02:48 [WARNING] _filter_ohlc_outliers: 605167 发现 1 行 OHLC 异常数据已过滤，日期: ['2021-07-28']
02:03:06 [WARNING] _filter_ohlc_outliers: 601619 发现 1 行 OHLC 异常数据已过滤，日期: ['2017-07-24']
02:03:11 [WARNING] _filter_ohlc_outliers: 605167 发现 1 行 OHLC 异常数据已过滤，日期: ['2021-07-28']
02:03:12 [WARNING] _filter_ohlc_outliers: 000338 发现 2 行 OHLC 异常数据已过滤，日期: ['2016-05-10', '2016-07-07']
02:03:44 [WARNING] _filter_ohlc_outliers: 605167 发现 1 行 OHLC 异常数据已过滤，日期: ['2021-07-28']
02:03:49 [WARNING] _filter_ohlc_outliers: 000037 发现 1 行 OHLC 异常数据已过滤，日期: ['2016-06-30']
02:03:55 [WARNING] _filter_ohlc_outliers: 000338 发现 2 行 OHLC 异常数据已过滤，日期: ['2016-05-10', '2016-07-07']
02:06:13 [WARNING] _filter_ohlc_outliers: 301203 发现 1 行 OHLC 异常数据已过滤，日期: ['2023-02-28']
02:07:01 [WARNING] _filter_ohlc_outliers: 601225 发现 11 行 OHLC 异常数据已过滤，日期: ['2017-07-14', '2017-07-20', '2017-08-03', '2017-11-15', '2017-11-16']...
02:07:09 [WARNING] _filter_ohlc_outliers: 603007 发现 1 行 OHLC 异常数据已过滤，日期: ['2016-08-30']
02:07:56 [WARNING] _filter_ohlc_outliers: 000037 发现 1 行 OHLC 异常数据已过滤，日期: ['2016-06-30']
02:08:02 [WARNING] _filter_ohlc_outliers: 000338 发现 2 行 OHLC 异常数据已过滤，日期: ['2016-05-10', '2016-07-07']
02:10:40 [WARNING] _filter_ohlc_outliers: 002975 发现 1 行 OHLC 异常数据已过滤，日期: ['2019-12-31']
02:12:33 [WARNING] _filter_ohlc_outliers: 300877 发现 1 行 OHLC 异常数据已过滤，日期: ['2020-05-29']
02:12:56 [WARNING] _filter_ohlc_outliers: 301191 发现 1 行 OHLC 异常数据已过滤，日期: ['2022-02-28']
02:12:59 [WARNING] _filter_ohlc_outliers: 301203 发现 1 行 OHLC 异常数据已过滤，日期: ['2023-02-28']
02:13:41 [WARNING] _filter_ohlc_outliers: 600256 发现 2 行 OHLC 异常数据已过滤，日期: ['2016-02-18', '2020-05-15']
02:15:03 [WARNING] _filter_ohlc_outliers: 601225 发现 11 行 OHLC 异常数据已过滤，日期: ['2017-07-14', '2017-07-20', '2017-08-03', '2017-11-15', '2017-11-16']...
02:15:12 [WARNING] _filter_ohlc_outliers: 601699 发现 2 行 OHLC 异常数据已过滤，日期: ['2016-05-11', '2020-06-29']
02:15:12 [WARNING] _filter_ohlc_outliers: 601666 发现 6 行 OHLC 异常数据已过滤，日期: ['2018-10-08', '2018-11-07', '2019-02-19', '2019-10-23', '2019-12-27']...
02:15:29 [WARNING] _filter_ohlc_outliers: 603007 发现 1 行 OHLC 异常数据已过滤，日期: ['2016-08-30']
02:16:35 [WARNING] _filter_ohlc_outliers: 603855 发现 1 行 OHLC 异常数据已过滤，日期: ['2017-03-31']
02:17:03 [WARNING] _filter_ohlc_outliers: 000037 发现 1 行 OHLC 异常数据已过滤，日期: ['2016-06-30']
02:17:09 [WARNING] _filter_ohlc_outliers: 000338 发现 2 行 OHLC 异常数据已过滤，日期: ['2016-05-10', '2016-07-07']
02:17:20 [WARNING] _filter_ohlc_outliers: 000540 发现 1 行 OHLC 异常数据已过滤，日期: ['2023-05-17']
02:17:34 [WARNING] _filter_ohlc_outliers: 000683 发现 1 行 OHLC 异常数据已过滤，日期: ['2016-02-18']
02:17:36 [WARNING] _filter_ohlc_outliers: 000708 发现 1 行 OHLC 异常数据已过滤，日期: ['2016-02-18']
02:17:46 [WARNING] _filter_ohlc_outliers: 000789 发现 1 行 OHLC 异常数据已过滤，日期: ['2016-02-18']
02:18:04 [WARNING] _filter_ohlc_outliers: 000932 发现 3 行 OHLC 异常数据已过滤，日期: ['2016-02-18', '2016-03-23', '2016-08-10']
02:18:41 [WARNING] _filter_ohlc_outliers: 002087 发现 2 行 OHLC 异常数据已过滤，日期: ['2024-06-07', '2024-06-26']
02:20:08 [WARNING] _filter_ohlc_outliers: 002621 发现 1 行 OHLC 异常数据已过滤，日期: ['2024-06-12']
02:20:11 [WARNING] _filter_ohlc_outliers: 002684 发现 2 行 OHLC 异常数据已过滤，日期: ['2022-06-07', '2022-06-23']
02:20:17 [WARNING] _filter_ohlc_outliers: 002756 发现 2 行 OHLC 异常数据已过滤，日期: ['2018-12-12', '2019-02-12']
02:20:19 [WARNING] _filter_ohlc_outliers: 002776 发现 3 行 OHLC 异常数据已过滤，日期: ['2022-04-27', '2022-07-05', '2023-12-25']
02:20:19 [WARNING] _filter_ohlc_outliers: 002796 发现 1 行 OHLC 异常数据已过滤，日期: ['2016-03-31']
02:20:47 [WARNING] _filter_ohlc_outliers: 002975 发现 1 行 OHLC 异常数据已过滤，日期: ['2019-12-31']
02:21:00 [WARNING] _filter_ohlc_outliers: 300057 发现 1 行 OHLC 异常数据已过滤，日期: ['2016-03-31']
02:21:16 [WARNING] _filter_ohlc_outliers: 300178 发现 1 行 OHLC 异常数据已过滤，日期: ['2022-06-20']
02:22:33 [WARNING] _filter_ohlc_outliers: 300488 发现 1 行 OHLC 异常数据已过滤，日期: ['2016-08-31']
02:23:11 [WARNING] _filter_ohlc_outliers: 300787 发现 1 行 OHLC 异常数据已过滤，日期: ['2019-05-31']
02:23:27 [WARNING] _filter_ohlc_outliers: 300864 发现 1 行 OHLC 异常数据已过滤，日期: ['2020-06-30']
02:23:46 [WARNING] _filter_ohlc_outliers: 301191 发现 1 行 OHLC 异常数据已过滤，日期: ['2022-02-28']
02:23:49 [WARNING] _filter_ohlc_outliers: 301203 发现 1 行 OHLC 异常数据已过滤，日期: ['2023-02-28']
02:24:34 [WARNING] _filter_ohlc_outliers: 600260 发现 1 行 OHLC 异常数据已过滤，日期: ['2023-01-30']
02:24:37 [WARNING] _filter_ohlc_outliers: 600291 发现 1 行 OHLC 异常数据已过滤，日期: ['2022-06-06']
02:24:40 [WARNING] _filter_ohlc_outliers: 600295 发现 1 行 OHLC 异常数据已过滤，日期: ['2016-05-10']
02:24:42 [WARNING] _filter_ohlc_outliers: 600306 发现 2 行 OHLC 异常数据已过滤，日期: ['2024-06-03', '2024-06-18']
02:24:43 [WARNING] _filter_ohlc_outliers: 600309 发现 1 行 OHLC 异常数据已过滤，日期: ['2016-06-01']
02:25:13 [WARNING] _filter_ohlc_outliers: 600507 发现 4 行 OHLC 异常数据已过滤，日期: ['2016-12-05', '2016-12-22', '2016-12-26', '2017-01-06']
02:25:43 [WARNING] _filter_ohlc_outliers: 600705 发现 2 行 OHLC 异常数据已过滤，日期: ['2025-03-27', '2025-04-30']
02:25:55 [WARNING] _filter_ohlc_outliers: 600782 发现 1 行 OHLC 异常数据已过滤，日期: ['2016-02-18']
02:26:03 [WARNING] _filter_ohlc_outliers: 600823 发现 2 行 OHLC 异常数据已过滤，日期: ['2024-05-14', '2024-05-31']
02:27:06 [WARNING] _filter_ohlc_outliers: 603195 发现 1 行 OHLC 异常数据已过滤，日期: ['2019-12-31']
02:27:22 [WARNING] _filter_ohlc_outliers: 603336 发现 1 行 OHLC 异常数据已过滤，日期: ['2016-11-28']
02:28:15 [WARNING] _filter_ohlc_outliers: 000037 发现 1 行 OHLC 异常数据已过滤，日期: ['2016-06-30']
02:28:27 [WARNING] _filter_ohlc_outliers: 000540 发现 1 行 OHLC 异常数据已过滤，日期: ['2023-05-17']
02:28:44 [WARNING] _filter_ohlc_outliers: 000683 发现 1 行 OHLC 异常数据已过滤，日期: ['2016-02-18']
02:28:50 [WARNING] _filter_ohlc_outliers: 000717 发现 1 行 OHLC 异常数据已过滤，日期: ['2016-03-31']
02:29:20 [WARNING] _filter_ohlc_outliers: 000932 发现 3 行 OHLC 异常数据已过滤，日期: ['2016-02-18', '2016-03-23', '2016-08-10']
02:29:26 [WARNING] _filter_ohlc_outliers: 000983 发现 1 行 OHLC 异常数据已过滤，日期: ['2016-02-18']
02:29:44 [WARNING] _filter_ohlc_outliers: 002087 发现 2 行 OHLC 异常数据已过滤，日期: ['2024-06-07', '2024-06-26']
02:30:36 [WARNING] _filter_ohlc_outliers: 002493 发现 1 行 OHLC 异常数据已过滤，日期: ['2016-02-17']
02:30:45 [WARNING] _filter_ohlc_outliers: 002621 发现 1 行 OHLC 异常数据已过滤，日期: ['2024-06-12']
02:30:53 [WARNING] _filter_ohlc_outliers: 002684 发现 2 行 OHLC 异常数据已过滤，日期: ['2022-06-07', '2022-06-23']
02:30:58 [WARNING] _filter_ohlc_outliers: 002756 发现 2 行 OHLC 异常数据已过滤，日期: ['2018-12-12', '2019-02-12']
02:30:58 [WARNING] _filter_ohlc_outliers: 002776 发现 3 行 OHLC 异常数据已过滤，日期: ['2022-04-27', '2022-07-05', '2023-12-25']
02:31:03 [WARNING] _filter_ohlc_outliers: 002796 发现 1 行 OHLC 异常数据已过滤，日期: ['2016-03-31']
02:31:25 [WARNING] _filter_ohlc_outliers: 002975 发现 1 行 OHLC 异常数据已过滤，日期: ['2019-12-31']
02:31:51 [WARNING] _filter_ohlc_outliers: 300178 发现 1 行 OHLC 异常数据已过滤，日期: ['2022-06-20']
02:32:52 [WARNING] _filter_ohlc_outliers: 300488 发现 1 行 OHLC 异常数据已过滤，日期: ['2016-08-31']
02:33:29 [WARNING] _filter_ohlc_outliers: 301191 发现 1 行 OHLC 异常数据已过滤，日期: ['2022-02-28']
02:33:31 [WARNING] _filter_ohlc_outliers: 301203 发现 1 行 OHLC 异常数据已过滤，日期: ['2023-02-28']
02:33:37 [WARNING] _filter_ohlc_outliers: 301360 发现 1 行 OHLC 异常数据已过滤，日期: ['2023-02-28']
02:34:30 [WARNING] _filter_ohlc_outliers: 600260 发现 1 行 OHLC 异常数据已过滤，日期: ['2023-01-30']
02:34:34 [WARNING] _filter_ohlc_outliers: 600291 发现 1 行 OHLC 异常数据已过滤，日期: ['2022-06-06']
02:34:37 [WARNING] _filter_ohlc_outliers: 600295 发现 1 行 OHLC 异常数据已过滤，日期: ['2016-05-10']
02:34:40 [WARNING] _filter_ohlc_outliers: 600306 发现 2 行 OHLC 异常数据已过滤，日期: ['2024-06-03', '2024-06-18']
02:34:40 [WARNING] _filter_ohlc_outliers: 600309 发现 1 行 OHLC 异常数据已过滤，日期: ['2016-06-01']
02:35:09 [WARNING] _filter_ohlc_outliers: 600507 发现 4 行 OHLC 异常数据已过滤，日期: ['2016-12-05', '2016-12-22', '2016-12-26', '2017-01-06']
02:35:20 [WARNING] _filter_ohlc_outliers: 600546 发现 3 行 OHLC 异常数据已过滤，日期: ['2017-07-14', '2018-01-23', '2018-02-07']
02:35:29 [WARNING] _filter_ohlc_outliers: 600596 发现 1 行 OHLC 异常数据已过滤，日期: ['2016-02-17']
02:35:38 [WARNING] _filter_ohlc_outliers: 600705 发现 2 行 OHLC 异常数据已过滤，日期: ['2025-03-27', '2025-04-30']
02:35:50 [WARNING] _filter_ohlc_outliers: 600782 发现 1 行 OHLC 异常数据已过滤，日期: ['2016-02-18']
02:35:55 [WARNING] _filter_ohlc_outliers: 600823 发现 2 行 OHLC 异常数据已过滤，日期: ['2024-05-14', '2024-05-31']
02:36:27 [WARNING] _filter_ohlc_outliers: 601225 发现 11 行 OHLC 异常数据已过滤，日期: ['2017-07-14', '2017-07-20', '2017-08-03', '2017-11-15', '2017-11-16']...
02:36:33 [WARNING] _filter_ohlc_outliers: 601666 发现 6 行 OHLC 异常数据已过滤，日期: ['2018-10-08', '2018-11-07', '2019-02-19', '2019-10-23', '2019-12-27']...
02:37:20 [WARNING] _filter_ohlc_outliers: 603353 发现 1 行 OHLC 异常数据已过滤，日期: ['2020-02-28']
02:37:35 [WARNING] _filter_ohlc_outliers: 603619 发现 1 行 OHLC 异常数据已过滤，日期: ['2017-09-29']
02:38:11 [WARNING] _filter_ohlc_outliers: 000416 发现 1 行 OHLC 异常数据已过滤，日期: ['2024-04-23']
02:38:18 [WARNING] _filter_ohlc_outliers: 000540 发现 1 行 OHLC 异常数据已过滤，日期: ['2023-05-17']
02:38:30 [WARNING] _filter_ohlc_outliers: 000717 发现 1 行 OHLC 异常数据已过滤，日期: ['2016-03-31']
02:38:50 [WARNING] _filter_ohlc_outliers: 000937 发现 8 行 OHLC 异常数据已过滤，日期: ['2018-09-11', '2018-09-12', '2019-02-20', '2019-04-30', '2019-05-20']...
02:38:52 [WARNING] _filter_ohlc_outliers: 000971 发现 3 行 OHLC 异常数据已过滤，日期: ['2017-11-30', '2017-12-29', '2024-05-30']
02:38:53 [WARNING] _filter_ohlc_outliers: 000976 发现 5 行 OHLC 异常数据已过滤，日期: ['2024-04-26', '2024-05-31', '2024-06-28', '2024-07-10', '2024-07-24']
02:38:55 [WARNING] _filter_ohlc_outliers: 000982 发现 1 行 OHLC 异常数据已过滤，日期: ['2024-06-20']
02:39:07 [WARNING] _filter_ohlc_outliers: 002087 发现 2 行 OHLC 异常数据已过滤，日期: ['2024-06-07', '2024-06-26']
02:39:49 [WARNING] _filter_ohlc_outliers: 002621 发现 1 行 OHLC 异常数据已过滤，日期: ['2024-06-12']
02:39:58 [WARNING] _filter_ohlc_outliers: 002684 发现 2 行 OHLC 异常数据已过滤，日期: ['2022-06-07', '2022-06-23']
02:40:00 [WARNING] _filter_ohlc_outliers: 002756 发现 2 行 OHLC 异常数据已过滤，日期: ['2018-12-12', '2019-02-12']
02:40:00 [WARNING] _filter_ohlc_outliers: 002776 发现 3 行 OHLC 异常数据已过滤，日期: ['2022-04-27', '2022-07-05', '2023-12-25']
02:40:07 [WARNING] _filter_ohlc_outliers: 002975 发现 1 行 OHLC 异常数据已过滤，日期: ['2019-12-31']
02:40:18 [WARNING] _filter_ohlc_outliers: 300178 发现 1 行 OHLC 异常数据已过滤，日期: ['2022-06-20']
02:41:22 [WARNING] _filter_ohlc_outliers: 301191 发现 1 行 OHLC 异常数据已过滤，日期: ['2022-02-28']
02:41:25 [WARNING] _filter_ohlc_outliers: 301203 发现 1 行 OHLC 异常数据已过滤，日期: ['2023-02-28']
02:41:31 [WARNING] _filter_ohlc_outliers: 301360 发现 1 行 OHLC 异常数据已过滤，日期: ['2023-02-28']
02:42:13 [WARNING] _filter_ohlc_outliers: 600260 发现 1 行 OHLC 异常数据已过滤，日期: ['2023-01-30']
02:42:18 [WARNING] _filter_ohlc_outliers: 600291 发现 1 行 OHLC 异常数据已过滤，日期: ['2022-06-06']
02:42:18 [WARNING] _filter_ohlc_outliers: 600295 发现 1 行 OHLC 异常数据已过滤，日期: ['2016-05-10']
02:42:21 [WARNING] _filter_ohlc_outliers: 600306 发现 2 行 OHLC 异常数据已过滤，日期: ['2024-06-03', '2024-06-18']
02:42:38 [WARNING] _filter_ohlc_outliers: 600507 发现 4 行 OHLC 异常数据已过滤，日期: ['2016-12-05', '2016-12-22', '2016-12-26', '2017-01-06']
02:42:47 [WARNING] _filter_ohlc_outliers: 600546 发现 3 行 OHLC 异常数据已过滤，日期: ['2017-07-14', '2018-01-23', '2018-02-07']
02:42:56 [WARNING] _filter_ohlc_outliers: 600596 发现 1 行 OHLC 异常数据已过滤，日期: ['2016-02-17']
02:43:11 [WARNING] _filter_ohlc_outliers: 600705 发现 2 行 OHLC 异常数据已过滤，日期: ['2025-03-27', '2025-04-30']
02:43:27 [WARNING] _filter_ohlc_outliers: 600823 发现 2 行 OHLC 异常数据已过滤，日期: ['2024-05-14', '2024-05-31']
02:43:32 [WARNING] _filter_ohlc_outliers: 600890 发现 2 行 OHLC 异常数据已过滤，日期: ['2022-05-26', '2022-06-14']
02:43:34 [WARNING] _filter_ohlc_outliers: 600898 发现 1 行 OHLC 异常数据已过滤，日期: ['2025-01-09']
02:43:53 [WARNING] _filter_ohlc_outliers: 601225 发现 11 行 OHLC 异常数据已过滤，日期: ['2017-07-14', '2017-07-20', '2017-08-03', '2017-11-15', '2017-11-16']...
02:43:58 [WARNING] _filter_ohlc_outliers: 601699 发现 2 行 OHLC 异常数据已过滤，日期: ['2016-05-11', '2020-06-29']
02:44:16 [WARNING] _filter_ohlc_outliers: 603353 发现 1 行 OHLC 异常数据已过滤，日期: ['2020-02-28']
02:44:24 [WARNING] _filter_ohlc_outliers: 603619 发现 1 行 OHLC 异常数据已过滤，日期: ['2017-09-29']
02:44:40 [WARNING] _filter_ohlc_outliers: 000046 发现 1 行 OHLC 异常数据已过滤，日期: ['2023-12-26']
02:44:40 [WARNING] _filter_ohlc_outliers: 000023 发现 1 行 OHLC 异常数据已过滤，日期: ['2024-07-23']
02:44:42 [WARNING] _filter_ohlc_outliers: 000502 发现 2 行 OHLC 异常数据已过滤，日期: ['2022-06-07', '2022-06-23']
02:44:42 [WARNING] _filter_ohlc_outliers: 000416 发现 1 行 OHLC 异常数据已过滤，日期: ['2024-04-23']
02:44:45 [WARNING] _filter_ohlc_outliers: 000540 发现 1 行 OHLC 异常数据已过滤，日期: ['2023-05-17']
02:44:47 [WARNING] _filter_ohlc_outliers: 000585 发现 2 行 OHLC 异常数据已过滤，日期: ['2016-03-31', '2022-05-20']
02:44:50 [WARNING] _filter_ohlc_outliers: 000627 发现 5 行 OHLC 异常数据已过滤，日期: ['2025-04-28', '2025-05-30', '2025-06-30', '2025-07-09', '2025-08-12']
02:44:51 [WARNING] _filter_ohlc_outliers: 000760 发现 3 行 OHLC 异常数据已过滤，日期: ['2020-05-28', '2021-06-15', '2021-07-20']
02:44:54 [WARNING] _filter_ohlc_outliers: 000806 发现 1 行 OHLC 异常数据已过滤，日期: ['2023-07-03']
02:44:56 [WARNING] _filter_ohlc_outliers: 000851 发现 1 行 OHLC 异常数据已过滤，日期: ['2025-09-25']
02:45:05 [WARNING] _filter_ohlc_outliers: 000932 发现 3 行 OHLC 异常数据已过滤，日期: ['2016-02-18', '2016-03-23', '2016-08-10']
02:45:07 [WARNING] _filter_ohlc_outliers: 000971 发现 3 行 OHLC 异常数据已过滤，日期: ['2017-11-30', '2017-12-29', '2024-05-30']
02:45:08 [WARNING] _filter_ohlc_outliers: 000976 发现 5 行 OHLC 异常数据已过滤，日期: ['2024-04-26', '2024-05-31', '2024-06-28', '2024-07-10', '2024-07-24']
02:45:09 [WARNING] _filter_ohlc_outliers: 000982 发现 1 行 OHLC 异常数据已过滤，日期: ['2024-06-20']
02:45:21 [WARNING] _filter_ohlc_outliers: 002087 发现 2 行 OHLC 异常数据已过滤，日期: ['2024-06-07', '2024-06-26']
02:45:52 [WARNING] _filter_ohlc_outliers: 002619 发现 2 行 OHLC 异常数据已过滤，日期: ['2018-03-30', '2022-03-29']
02:45:54 [WARNING] _filter_ohlc_outliers: 002621 发现 1 行 OHLC 异常数据已过滤，日期: ['2024-06-12']
02:45:56 [WARNING] _filter_ohlc_outliers: 002684 发现 2 行 OHLC 异常数据已过滤，日期: ['2022-06-07', '2022-06-23']
02:45:57 [WARNING] _filter_ohlc_outliers: 002699 发现 2 行 OHLC 异常数据已过滤，日期: ['2024-04-24', '2024-05-31']
02:45:58 [WARNING] _filter_ohlc_outliers: 002776 发现 3 行 OHLC 异常数据已过滤，日期: ['2022-04-27', '2022-07-05', '2023-12-25']
02:46:07 [WARNING] _filter_ohlc_outliers: 300178 发现 1 行 OHLC 异常数据已过滤，日期: ['2022-06-20']
02:46:09 [WARNING] _filter_ohlc_outliers: 300262 发现 1 行 OHLC 异常数据已过滤，日期: ['2024-06-17']
02:46:34 [WARNING] _filter_ohlc_outliers: 301626 发现 1 行 OHLC 异常数据已过滤，日期: ['2024-08-30']
02:46:39 [WARNING] _filter_ohlc_outliers: 600077 发现 1 行 OHLC 异常数据已过滤，日期: ['2023-06-12']
02:46:43 [WARNING] _filter_ohlc_outliers: 600122 发现 1 行 OHLC 异常数据已过滤，日期: ['2023-05-25']
02:46:45 [WARNING] _filter_ohlc_outliers: 600145 发现 1 行 OHLC 异常数据已过滤，日期: ['2022-04-20']
02:46:53 [WARNING] _filter_ohlc_outliers: 600190 发现 2 行 OHLC 异常数据已过滤，日期: ['2024-08-30', '2025-07-17']
02:46:55 [WARNING] _filter_ohlc_outliers: 600220 发现 1 行 OHLC 异常数据已过滤，日期: ['2024-06-12']
02:46:57 [WARNING] _filter_ohlc_outliers: 600260 发现 1 行 OHLC 异常数据已过滤，日期: ['2023-01-30']
02:46:58 [WARNING] _filter_ohlc_outliers: 600291 发现 1 行 OHLC 异常数据已过滤，日期: ['2022-06-06']
02:46:59 [WARNING] _filter_ohlc_outliers: 600306 发现 2 行 OHLC 异常数据已过滤，日期: ['2024-06-03', '2024-06-18']
02:47:04 [WARNING] _filter_ohlc_outliers: 600321 发现 2 行 OHLC 异常数据已过滤，日期: ['2016-06-30', '2024-05-29']
02:47:14 [WARNING] _filter_ohlc_outliers: 600634 发现 3 行 OHLC 异常数据已过滤，日期: ['2020-11-23', '2021-06-03', '2021-07-13']
02:47:17 [WARNING] _filter_ohlc_outliers: 600652 发现 1 行 OHLC 异常数据已过滤，日期: ['2022-06-14']
02:47:22 [WARNING] _filter_ohlc_outliers: 600705 发现 2 行 OHLC 异常数据已过滤，日期: ['2025-03-27', '2025-04-30']
02:47:33 [WARNING] _filter_ohlc_outliers: 600823 发现 2 行 OHLC 异常数据已过滤，日期: ['2024-05-14', '2024-05-31']
02:47:37 [WARNING] _filter_ohlc_outliers: 600863 发现 1 行 OHLC 异常数据已过滤，日期: ['2016-02-18']
02:47:40 [WARNING] _filter_ohlc_outliers: 600890 发现 2 行 OHLC 异常数据已过滤，日期: ['2022-05-26', '2022-06-14']
02:47:41 [WARNING] _filter_ohlc_outliers: 600896 发现 2 行 OHLC 异常数据已过滤，日期: ['2016-06-30', '2022-07-15']
02:47:43 [WARNING] _filter_ohlc_outliers: 600898 发现 1 行 OHLC 异常数据已过滤，日期: ['2025-01-09']
02:47:59 [WARNING] _filter_ohlc_outliers: 601619 发现 1 行 OHLC 异常数据已过滤，日期: ['2017-07-24']
02:48:00 [WARNING] _filter_ohlc_outliers: 601666 发现 6 行 OHLC 异常数据已过滤，日期: ['2018-10-08', '2018-11-07', '2019-02-19', '2019-10-23', '2019-12-27']...
02:48:11 [WARNING] _filter_ohlc_outliers: 603157 发现 1 行 OHLC 异常数据已过滤，日期: ['2022-05-16']
02:48:25 [WARNING] _filter_ohlc_outliers: 603619 发现 1 行 OHLC 异常数据已过滤，日期: ['2017-09-29']
02:48:42 [WARNING] _filter_ohlc_outliers: 000046 发现 1 行 OHLC 异常数据已过滤，日期: ['2023-12-26']
02:48:42 [WARNING] _filter_ohlc_outliers: 000023 发现 1 行 OHLC 异常数据已过滤，日期: ['2024-07-23']
02:48:44 [WARNING] _filter_ohlc_outliers: 000416 发现 1 行 OHLC 异常数据已过滤，日期: ['2024-04-23']
02:48:49 [WARNING] _filter_ohlc_outliers: 000502 发现 2 行 OHLC 异常数据已过滤，日期: ['2022-06-07', '2022-06-23']
02:48:56 [WARNING] _filter_ohlc_outliers: 000540 发现 1 行 OHLC 异常数据已过滤，日期: ['2023-05-17']
02:49:01 [WARNING] _filter_ohlc_outliers: 000585 发现 2 行 OHLC 异常数据已过滤，日期: ['2016-03-31', '2022-05-20']
02:49:06 [WARNING] _filter_ohlc_outliers: 000627 发现 5 行 OHLC 异常数据已过滤，日期: ['2025-04-28', '2025-05-30', '2025-06-30', '2025-07-09', '2025-08-12']
02:49:13 [WARNING] _filter_ohlc_outliers: 000760 发现 3 行 OHLC 异常数据已过滤，日期: ['2020-05-28', '2021-06-15', '2021-07-20']
02:49:19 [WARNING] _filter_ohlc_outliers: 000806 发现 1 行 OHLC 异常数据已过滤，日期: ['2023-07-03']
02:49:22 [WARNING] _filter_ohlc_outliers: 000851 发现 1 行 OHLC 异常数据已过滤，日期: ['2025-09-25']
02:49:30 [WARNING] _filter_ohlc_outliers: 000971 发现 3 行 OHLC 异常数据已过滤，日期: ['2017-11-30', '2017-12-29', '2024-05-30']
02:49:32 [WARNING] _filter_ohlc_outliers: 000982 发现 1 行 OHLC 异常数据已过滤，日期: ['2024-06-20']
02:49:32 [WARNING] _filter_ohlc_outliers: 000976 发现 5 行 OHLC 异常数据已过滤，日期: ['2024-04-26', '2024-05-31', '2024-06-28', '2024-07-10', '2024-07-24']
02:49:52 [WARNING] _filter_ohlc_outliers: 002087 发现 2 行 OHLC 异常数据已过滤，日期: ['2024-06-07', '2024-06-26']
02:49:53 [WARNING] _filter_ohlc_outliers: 002118 发现 3 行 OHLC 异常数据已过滤，日期: ['2022-04-27', '2022-07-04', '2023-06-14']
02:49:59 [WARNING] _filter_ohlc_outliers: 002260 发现 3 行 OHLC 异常数据已过滤，日期: ['2022-03-31', '2022-05-06', '2022-06-15']
02:50:33 [WARNING] _filter_ohlc_outliers: 002619 发现 2 行 OHLC 异常数据已过滤，日期: ['2018-03-30', '2022-03-29']
02:50:36 [WARNING] _filter_ohlc_outliers: 002621 发现 1 行 OHLC 异常数据已过滤，日期: ['2024-06-12']
02:50:45 [WARNING] _filter_ohlc_outliers: 002684 发现 2 行 OHLC 异常数据已过滤，日期: ['2022-06-07', '2022-06-23']
02:50:47 [WARNING] _filter_ohlc_outliers: 002699 发现 2 行 OHLC 异常数据已过滤，日期: ['2024-04-24', '2024-05-31']
02:50:48 [WARNING] _filter_ohlc_outliers: 002776 发现 3 行 OHLC 异常数据已过滤，日期: ['2022-04-27', '2022-07-05', '2023-12-25']
02:51:24 [WARNING] _filter_ohlc_outliers: 300178 发现 1 行 OHLC 异常数据已过滤，日期: ['2022-06-20']
02:51:34 [WARNING] _filter_ohlc_outliers: 300262 发现 1 行 OHLC 异常数据已过滤，日期: ['2024-06-17']
02:52:23 [WARNING] _filter_ohlc_outliers: 301626 发现 1 行 OHLC 异常数据已过滤，日期: ['2024-08-30']
02:52:32 [WARNING] _filter_ohlc_outliers: 600077 发现 1 行 OHLC 异常数据已过滤，日期: ['2023-06-12']
02:52:34 [WARNING] _filter_ohlc_outliers: 600083 发现 1 行 OHLC 异常数据已过滤，日期: ['2025-01-15']
02:52:36 [WARNING] _filter_ohlc_outliers: 600122 发现 1 行 OHLC 异常数据已过滤，日期: ['2023-05-25']
02:52:41 [WARNING] _filter_ohlc_outliers: 600145 发现 1 行 OHLC 异常数据已过滤，日期: ['2022-04-20']
02:52:46 [WARNING] _filter_ohlc_outliers: 600190 发现 2 行 OHLC 异常数据已过滤，日期: ['2024-08-30', '2025-07-17']
02:52:52 [WARNING] _filter_ohlc_outliers: 600220 发现 1 行 OHLC 异常数据已过滤，日期: ['2024-06-12']
02:52:54 [WARNING] _filter_ohlc_outliers: 600260 发现 1 行 OHLC 异常数据已过滤，日期: ['2023-01-30']
02:52:57 [WARNING] _filter_ohlc_outliers: 600291 发现 1 行 OHLC 异常数据已过滤，日期: ['2022-06-06']
02:52:59 [WARNING] _filter_ohlc_outliers: 600306 发现 2 行 OHLC 异常数据已过滤，日期: ['2024-06-03', '2024-06-18']
02:53:05 [WARNING] _filter_ohlc_outliers: 600321 发现 2 行 OHLC 异常数据已过滤，日期: ['2016-06-30', '2024-05-29']
02:53:07 [WARNING] _filter_ohlc_outliers: 600385 发现 2 行 OHLC 异常数据已过滤，日期: ['2022-06-28', '2022-06-30']
02:53:10 [WARNING] _filter_ohlc_outliers: 600462 发现 2 行 OHLC 异常数据已过滤，日期: ['2025-06-27', '2025-07-11']
02:53:20 [WARNING] _filter_ohlc_outliers: 600634 发现 3 行 OHLC 异常数据已过滤，日期: ['2020-11-23', '2021-06-03', '2021-07-13']
02:53:25 [WARNING] _filter_ohlc_outliers: 600652 发现 1 行 OHLC 异常数据已过滤，日期: ['2022-06-14']
02:53:31 [WARNING] _filter_ohlc_outliers: 600705 发现 2 行 OHLC 异常数据已过滤，日期: ['2025-03-27', '2025-04-30']
02:53:45 [WARNING] _filter_ohlc_outliers: 600823 发现 2 行 OHLC 异常数据已过滤，日期: ['2024-05-14', '2024-05-31']
02:53:45 [WARNING] _filter_ohlc_outliers: 600781 发现 3 行 OHLC 异常数据已过滤，日期: ['2022-04-27', '2022-07-04', '2023-06-16']
02:53:50 [WARNING] _filter_ohlc_outliers: 600863 发现 1 行 OHLC 异常数据已过滤，日期: ['2016-02-18']
02:53:52 [WARNING] _filter_ohlc_outliers: 600890 发现 2 行 OHLC 异常数据已过滤，日期: ['2022-05-26', '2022-06-14']
02:53:54 [WARNING] _filter_ohlc_outliers: 600896 发现 2 行 OHLC 异常数据已过滤，日期: ['2016-06-30', '2022-07-15']
02:53:55 [WARNING] _filter_ohlc_outliers: 600898 发现 1 行 OHLC 异常数据已过滤，日期: ['2025-01-09']
02:54:15 [WARNING] _filter_ohlc_outliers: 601868 发现 1 行 OHLC 异常数据已过滤，日期: ['2021-10-12']
02:54:24 [WARNING] _filter_ohlc_outliers: 603157 发现 1 行 OHLC 异常数据已过滤，日期: ['2022-05-16']
02:54:40 [WARNING] _filter_ohlc_outliers: 603555 发现 1 行 OHLC 异常数据已过滤，日期: ['2024-03-06']
02:55:56 [WARNING] _filter_ohlc_outliers: 603729 发现 2 行 OHLC 异常数据已过滤，日期: ['2017-07-31', '2017-08-31']
02:56:02 [WARNING] _filter_ohlc_outliers: 000982 发现 1 行 OHLC 异常数据已过滤，日期: ['2024-06-20']
02:56:03 [WARNING] _filter_ohlc_outliers: 000982 发现 1 行 OHLC 异常数据已过滤，日期: ['2024-06-20']
02:56:06 [WARNING] _filter_ohlc_outliers: 000982 发现 1 行 OHLC 异常数据已过滤，日期: ['2024-06-20']
02:56:20 [WARNING] _filter_ohlc_outliers: 000023 发现 1 行 OHLC 异常数据已过滤，日期: ['2024-07-23']
02:56:24 [WARNING] _filter_ohlc_outliers: 000038 发现 1 行 OHLC 异常数据已过滤，日期: ['2023-06-20']
02:56:29 [WARNING] _filter_ohlc_outliers: 000046 发现 1 行 OHLC 异常数据已过滤，日期: ['2023-12-26']
02:56:40 [WARNING] _filter_ohlc_outliers: 000338 发现 2 行 OHLC 异常数据已过滤，日期: ['2016-05-10', '2016-07-07']
02:56:42 [WARNING] _filter_ohlc_outliers: 000416 发现 1 行 OHLC 异常数据已过滤，日期: ['2024-04-23']
02:56:49 [WARNING] _filter_ohlc_outliers: 000502 发现 2 行 OHLC 异常数据已过滤，日期: ['2022-06-07', '2022-06-23']
02:57:00 [WARNING] _filter_ohlc_outliers: 000540 发现 1 行 OHLC 异常数据已过滤，日期: ['2023-05-17']
02:57:19 [WARNING] _filter_ohlc_outliers: 000584 发现 1 行 OHLC 异常数据已过滤，日期: ['2025-06-23']
02:57:31 [WARNING] _filter_ohlc_outliers: 000606 发现 1 行 OHLC 异常数据已过滤，日期: ['2023-06-14']
02:57:40 [WARNING] _filter_ohlc_outliers: 000613 发现 1 行 OHLC 异常数据已过滤，日期: ['2022-06-09']
02:57:45 [WARNING] _filter_ohlc_outliers: 000622 发现 1 行 OHLC 异常数据已过滤，日期: ['2025-06-26']
02:57:47 [WARNING] _filter_ohlc_outliers: 000627 发现 5 行 OHLC 异常数据已过滤，日期: ['2025-04-28', '2025-05-30', '2025-06-30', '2025-07-09', '2025-08-12']
02:58:02 [WARNING] _filter_ohlc_outliers: 000662 发现 1 行 OHLC 异常数据已过滤，日期: ['2021-04-08']
02:58:09 [WARNING] _filter_ohlc_outliers: 000673 发现 1 行 OHLC 异常数据已过滤，日期: ['2022-06-14']
02:58:15 [WARNING] _filter_ohlc_outliers: 000683 发现 1 行 OHLC 异常数据已过滤，日期: ['2016-02-18']
02:58:20 [WARNING] _filter_ohlc_outliers: 000708 发现 1 行 OHLC 异常数据已过滤，日期: ['2016-02-18']
02:58:34 [WARNING] _filter_ohlc_outliers: 000760 发现 3 行 OHLC 异常数据已过滤，日期: ['2020-05-28', '2021-06-15', '2021-07-20']
02:58:50 [WARNING] _filter_ohlc_outliers: 000806 发现 1 行 OHLC 异常数据已过滤，日期: ['2023-07-03']
02:58:57 [WARNING] _filter_ohlc_outliers: 000820 发现 1 行 OHLC 异常数据已过滤，日期: ['2018-02-28']
02:59:03 [WARNING] _filter_ohlc_outliers: 000825 发现 1 行 OHLC 异常数据已过滤，日期: ['2016-02-17']
02:59:06 [WARNING] _filter_ohlc_outliers: 000830 发现 2 行 OHLC 异常数据已过滤，日期: ['2016-05-05', '2016-05-09']
02:59:13 [WARNING] _filter_ohlc_outliers: 000851 发现 1 行 OHLC 异常数据已过滤，日期: ['2025-09-25']
02:59:39 [WARNING] _filter_ohlc_outliers: 000932 发现 3 行 OHLC 异常数据已过滤，日期: ['2016-02-18', '2016-03-23', '2016-08-10']
02:59:41 [WARNING] _filter_ohlc_outliers: 000939 发现 3 行 OHLC 异常数据已过滤，日期: ['2019-04-25', '2020-11-06', '2020-12-15']
02:59:41 [WARNING] _filter_ohlc_outliers: 000933 发现 1 行 OHLC 异常数据已过滤，日期: ['2016-02-18']
02:59:51 [WARNING] _filter_ohlc_outliers: 000971 发现 3 行 OHLC 异常数据已过滤，日期: ['2017-11-30', '2017-12-29', '2024-05-30']
02:59:55 [WARNING] _filter_ohlc_outliers: 000979 发现 8 行 OHLC 异常数据已过滤，日期: ['2016-03-02', '2017-02-08', '2017-02-28', '2017-04-28', '2017-06-01']...
02:59:56 [WARNING] _filter_ohlc_outliers: 000976 发现 5 行 OHLC 异常数据已过滤，日期: ['2024-04-26', '2024-05-31', '2024-06-28', '2024-07-10', '2024-07-24']
02:59:57 [WARNING] _filter_ohlc_outliers: 000982 发现 1 行 OHLC 异常数据已过滤，日期: ['2024-06-20']
03:00:02 [WARNING] _filter_ohlc_outliers: 000995 发现 1 行 OHLC 异常数据已过滤，日期: ['2019-04-23']
03:00:07 [WARNING] _filter_ohlc_outliers: 001208 发现 1 行 OHLC 异常数据已过滤，日期: ['2021-06-28']
03:00:31 [WARNING] _filter_ohlc_outliers: 002018 发现 1 行 OHLC 异常数据已过滤，日期: ['2019-10-29']
03:00:49 [WARNING] _filter_ohlc_outliers: 002070 发现 1 行 OHLC 异常数据已过滤，日期: ['2019-07-05']
03:00:54 [WARNING] _filter_ohlc_outliers: 002087 发现 2 行 OHLC 异常数据已过滤，日期: ['2024-06-07', '2024-06-26']
03:01:03 [WARNING] _filter_ohlc_outliers: 002110 发现 2 行 OHLC 异常数据已过滤，日期: ['2016-04-07', '2016-07-04']
03:01:07 [WARNING] _filter_ohlc_outliers: 002118 发现 3 行 OHLC 异常数据已过滤，日期: ['2022-04-27', '2022-07-04', '2023-06-14']
03:01:20 [WARNING] _filter_ohlc_outliers: 002143 发现 1 行 OHLC 异常数据已过滤，日期: ['2019-11-27']
03:01:24 [WARNING] _filter_ohlc_outliers: 002147 发现 1 行 OHLC 异常数据已过滤，日期: ['2022-06-02']
03:02:21 [WARNING] _filter_ohlc_outliers: 002260 发现 3 行 OHLC 异常数据已过滤，日期: ['2022-03-31', '2022-05-06', '2022-06-15']
03:03:39 [WARNING] _filter_ohlc_outliers: 002411 发现 1 行 OHLC 异常数据已过滤，日期: ['2023-06-20']
03:03:57 [WARNING] _filter_ohlc_outliers: 002447 发现 1 行 OHLC 异常数据已过滤，日期: ['2022-06-07']
03:04:07 [WARNING] _filter_ohlc_outliers: 002464 发现 1 行 OHLC 异常数据已过滤，日期: ['2022-06-08']
03:04:14 [WARNING] _filter_ohlc_outliers: 002473 发现 1 行 OHLC 异常数据已过滤，日期: ['2022-06-01']
03:04:15 [WARNING] _filter_ohlc_outliers: 002477 发现 1 行 OHLC 异常数据已过滤，日期: ['2019-10-14']
03:05:18 [WARNING] _filter_ohlc_outliers: 002604 发现 4 行 OHLC 异常数据已过滤，日期: ['2019-04-26', '2020-06-02', '2020-07-13', '2020-08-31']
03:05:29 [WARNING] _filter_ohlc_outliers: 002619 发现 2 行 OHLC 异常数据已过滤，日期: ['2018-03-30', '2022-03-29']
03:05:31 [WARNING] _filter_ohlc_outliers: 002621 发现 1 行 OHLC 异常数据已过滤，日期: ['2024-06-12']
03:06:03 [WARNING] _filter_ohlc_outliers: 002684 发现 2 行 OHLC 异常数据已过滤，日期: ['2022-06-07', '2022-06-23']
03:06:07 [WARNING] _filter_ohlc_outliers: 002699 发现 2 行 OHLC 异常数据已过滤，日期: ['2024-04-24', '2024-05-31']
03:06:09 [WARNING] _filter_ohlc_outliers: 002703 发现 1 行 OHLC 异常数据已过滤，日期: ['2016-03-31']
03:06:32 [WARNING] _filter_ohlc_outliers: 002739 发现 2 行 OHLC 异常数据已过滤，日期: ['2016-03-31', '2016-04-29']
03:06:37 [WARNING] _filter_ohlc_outliers: 002751 发现 1 行 OHLC 异常数据已过滤，日期: ['2023-06-21']
03:06:38 [WARNING] _filter_ohlc_outliers: 002756 发现 2 行 OHLC 异常数据已过滤，日期: ['2018-12-12', '2019-02-12']
03:06:43 [WARNING] _filter_ohlc_outliers: 002770 发现 1 行 OHLC 异常数据已过滤，日期: ['2022-06-02']
03:06:45 [WARNING] _filter_ohlc_outliers: 002776 发现 3 行 OHLC 异常数据已过滤，日期: ['2022-04-27', '2022-07-05', '2023-12-25']
03:06:56 [WARNING] _filter_ohlc_outliers: 002796 发现 1 行 OHLC 异常数据已过滤，日期: ['2016-03-31']
03:07:15 [WARNING] _filter_ohlc_outliers: 002847 发现 1 行 OHLC 异常数据已过滤，日期: ['2017-02-10']
03:08:04 [WARNING] _filter_ohlc_outliers: 002975 发现 1 行 OHLC 异常数据已过滤，日期: ['2019-12-31']
03:08:44 [WARNING] _filter_ohlc_outliers: 300057 发现 1 行 OHLC 异常数据已过滤，日期: ['2016-03-31']
03:09:05 [WARNING] _filter_ohlc_outliers: 300104 发现 3 行 OHLC 异常数据已过滤，日期: ['2019-04-23', '2020-06-09', '2020-07-16']
03:09:43 [WARNING] _filter_ohlc_outliers: 300178 发现 1 行 OHLC 异常数据已过滤，日期: ['2022-06-20']
03:10:05 [WARNING] _filter_ohlc_outliers: 300223 发现 1 行 OHLC 异常数据已过滤，日期: ['2016-08-31']
03:10:43 [WARNING] _filter_ohlc_outliers: 300280 发现 1 行 OHLC 异常数据已过滤，日期: ['2025-09-16']
03:11:24 [WARNING] _filter_ohlc_outliers: 300356 发现 1 行 OHLC 异常数据已过滤，日期: ['2023-06-21']
03:11:40 [WARNING] _filter_ohlc_outliers: 300390 发现 1 行 OHLC 异常数据已过滤，日期: ['2018-12-18']
03:12:11 [WARNING] _filter_ohlc_outliers: 300456 发现 1 行 OHLC 异常数据已过滤，日期: ['2015-12-31']
03:12:26 [WARNING] _filter_ohlc_outliers: 300488 发现 1 行 OHLC 异常数据已过滤，日期: ['2016-08-31']
03:12:40 [WARNING] _filter_ohlc_outliers: 300526 发现 2 行 OHLC 异常数据已过滤，日期: ['2017-06-01', '2023-06-20']
03:13:35 [WARNING] _filter_ohlc_outliers: 300654 发现 1 行 OHLC 异常数据已过滤，日期: ['2017-09-28']
03:15:45 [WARNING] _filter_ohlc_outliers: 301095 发现 1 行 OHLC 异常数据已过滤，日期: ['2022-06-30']
03:15:55 [WARNING] _filter_ohlc_outliers: 301150 发现 1 行 OHLC 异常数据已过滤，日期: ['2022-02-28']
03:16:02 [WARNING] _filter_ohlc_outliers: 301191 发现 1 行 OHLC 异常数据已过滤，日期: ['2022-02-28']
03:16:07 [WARNING] _filter_ohlc_outliers: 301203 发现 1 行 OHLC 异常数据已过滤，日期: ['2023-02-28']
03:16:17 [WARNING] _filter_ohlc_outliers: 301268 发现 1 行 OHLC 异常数据已过滤，日期: ['2022-02-28']
03:16:30 [WARNING] _filter_ohlc_outliers: 301369 发现 1 行 OHLC 异常数据已过滤，日期: ['2022-07-29']
03:16:42 [WARNING] _filter_ohlc_outliers: 301629 发现 1 行 OHLC 异常数据已过滤，日期: ['2025-01-27']
03:16:54 [WARNING] _filter_ohlc_outliers: 600069 发现 1 行 OHLC 异常数据已过滤，日期: ['2020-08-19']
03:16:55 [WARNING] _filter_ohlc_outliers: 600074 发现 4 行 OHLC 异常数据已过滤，日期: ['2019-04-24', '2020-02-28', '2020-04-13', '2020-05-25']
03:17:00 [WARNING] _filter_ohlc_outliers: 600077 发现 1 行 OHLC 异常数据已过滤，日期: ['2023-06-12']
03:17:06 [WARNING] _filter_ohlc_outliers: 600083 发现 1 行 OHLC 异常数据已过滤，日期: ['2025-01-15']
03:17:10 [WARNING] _filter_ohlc_outliers: 600093 发现 1 行 OHLC 异常数据已过滤，日期: ['2022-05-27']
03:17:31 [WARNING] _filter_ohlc_outliers: 600122 发现 1 行 OHLC 异常数据已过滤，日期: ['2023-05-25']
03:17:35 [WARNING] _filter_ohlc_outliers: 600145 发现 1 行 OHLC 异常数据已过滤，日期: ['2022-04-20']
03:17:37 [WARNING] _filter_ohlc_outliers: 600146 发现 1 行 OHLC 异常数据已过滤，日期: ['2022-06-06']
03:17:53 [WARNING] _filter_ohlc_outliers: 600190 发现 2 行 OHLC 异常数据已过滤，日期: ['2024-08-30', '2025-07-17']
03:18:00 [WARNING] _filter_ohlc_outliers: 600209 发现 1 行 OHLC 异常数据已过滤，日期: ['2022-05-26']
03:18:05 [WARNING] _filter_ohlc_outliers: 600220 发现 1 行 OHLC 异常数据已过滤，日期: ['2024-06-12']
03:18:07 [WARNING] _filter_ohlc_outliers: 600225 发现 1 行 OHLC 异常数据已过滤，日期: ['2025-02-10']
03:18:24 [WARNING] _filter_ohlc_outliers: 600256 发现 2 行 OHLC 异常数据已过滤，日期: ['2016-02-18', '2020-05-15']
03:18:26 [WARNING] _filter_ohlc_outliers: 600260 发现 1 行 OHLC 异常数据已过滤，日期: ['2023-01-30']
03:18:37 [WARNING] _filter_ohlc_outliers: 600291 发现 1 行 OHLC 异常数据已过滤，日期: ['2022-06-06']
03:18:40 [WARNING] _filter_ohlc_outliers: 600295 发现 1 行 OHLC 异常数据已过滤，日期: ['2016-05-10']
03:18:46 [WARNING] _filter_ohlc_outliers: 600306 发现 2 行 OHLC 异常数据已过滤，日期: ['2024-06-03', '2024-06-18']
03:18:54 [WARNING] _filter_ohlc_outliers: 600321 发现 2 行 OHLC 异常数据已过滤，日期: ['2016-06-30', '2024-05-29']
03:18:54 [WARNING] _filter_ohlc_outliers: 600325 发现 1 行 OHLC 异常数据已过滤，日期: ['2016-02-18']
03:19:21 [WARNING] _filter_ohlc_outliers: 600385 发现 2 行 OHLC 异常数据已过滤，日期: ['2022-06-28', '2022-06-30']
03:19:24 [WARNING] _filter_ohlc_outliers: 600389 发现 1 行 OHLC 异常数据已过滤，日期: ['2016-03-31']
03:19:30 [WARNING] _filter_ohlc_outliers: 600401 发现 4 行 OHLC 异常数据已过滤，日期: ['2016-03-02', '2018-02-01', '2019-05-28', '2019-07-05']
03:19:38 [WARNING] _filter_ohlc_outliers: 600462 发现 2 行 OHLC 异常数据已过滤，日期: ['2025-06-27', '2025-07-11']
03:19:47 [WARNING] _filter_ohlc_outliers: 600485 发现 1 行 OHLC 异常数据已过滤，日期: ['2020-04-16']
03:19:56 [WARNING] _filter_ohlc_outliers: 600507 发现 4 行 OHLC 异常数据已过滤，日期: ['2016-12-05', '2016-12-22', '2016-12-26', '2017-01-06']
03:20:06 [WARNING] _filter_ohlc_outliers: 600532 发现 1 行 OHLC 异常数据已过滤，日期: ['2023-05-31']
03:20:15 [WARNING] _filter_ohlc_outliers: 600555 发现 1 行 OHLC 异常数据已过滤，日期: ['2022-06-17']
03:20:32 [WARNING] _filter_ohlc_outliers: 600596 发现 1 行 OHLC 异常数据已过滤，日期: ['2016-02-17']
03:20:39 [WARNING] _filter_ohlc_outliers: 600634 发现 3 行 OHLC 异常数据已过滤，日期: ['2020-11-23', '2021-06-03', '2021-07-13']
03:20:44 [WARNING] _filter_ohlc_outliers: 600647 发现 1 行 OHLC 异常数据已过滤，日期: ['2024-06-06']
03:20:46 [WARNING] _filter_ohlc_outliers: 600652 发现 1 行 OHLC 异常数据已过滤，日期: ['2022-06-14']
03:21:01 [WARNING] _filter_ohlc_outliers: 600701 发现 3 行 OHLC 异常数据已过滤，日期: ['2020-04-24', '2021-03-17', '2021-04-22']
03:21:15 [WARNING] _filter_ohlc_outliers: 600725 发现 3 行 OHLC 异常数据已过滤，日期: ['2016-02-18', '2016-09-20', '2017-12-05']
03:21:27 [WARNING] _filter_ohlc_outliers: 600766 发现 1 行 OHLC 异常数据已过滤，日期: ['2024-06-06']
03:21:28 [WARNING] _filter_ohlc_outliers: 600767 发现 1 行 OHLC 异常数据已过滤，日期: ['2023-06-01']
03:21:37 [WARNING] _filter_ohlc_outliers: 600781 发现 3 行 OHLC 异常数据已过滤，日期: ['2022-04-27', '2022-07-04', '2023-06-16']
03:21:38 [WARNING] _filter_ohlc_outliers: 600782 发现 1 行 OHLC 异常数据已过滤，日期: ['2016-02-18']
03:21:49 [WARNING] _filter_ohlc_outliers: 600809 发现 3 行 OHLC 异常数据已过滤，日期: ['2015-11-30', '2016-02-18', '2017-01-20']
03:21:54 [WARNING] _filter_ohlc_outliers: 600823 发现 2 行 OHLC 异常数据已过滤，日期: ['2024-05-14', '2024-05-31']
03:22:06 [WARNING] _filter_ohlc_outliers: 600863 发现 1 行 OHLC 异常数据已过滤，日期: ['2016-02-18']
03:22:09 [WARNING] _filter_ohlc_outliers: 600870 发现 1 行 OHLC 异常数据已过滤，日期: ['2022-06-06']
03:22:19 [WARNING] _filter_ohlc_outliers: 600890 发现 2 行 OHLC 异常数据已过滤，日期: ['2022-05-26', '2022-06-14']
03:22:20 [WARNING] _filter_ohlc_outliers: 600891 发现 3 行 OHLC 异常数据已过滤，日期: ['2020-02-26', '2021-03-22', '2021-04-28']
03:22:22 [WARNING] _filter_ohlc_outliers: 600896 发现 2 行 OHLC 异常数据已过滤，日期: ['2016-06-30', '2022-07-15']
03:22:24 [WARNING] _filter_ohlc_outliers: 600898 发现 1 行 OHLC 异常数据已过滤，日期: ['2025-01-09']
03:23:14 [WARNING] _filter_ohlc_outliers: 601212 发现 1 行 OHLC 异常数据已过滤，日期: ['2017-02-16']
03:23:43 [WARNING] _filter_ohlc_outliers: 601619 发现 1 行 OHLC 异常数据已过滤，日期: ['2017-07-24']
03:23:49 [WARNING] _filter_ohlc_outliers: 601699 发现 2 行 OHLC 异常数据已过滤，日期: ['2016-05-11', '2020-06-29']
03:24:21 [WARNING] _filter_ohlc_outliers: 603007 发现 1 行 OHLC 异常数据已过滤，日期: ['2016-08-30']
03:24:24 [WARNING] _filter_ohlc_outliers: 603027 发现 1 行 OHLC 异常数据已过滤，日期: ['2016-03-09']
03:24:32 [WARNING] _filter_ohlc_outliers: 603061 发现 1 行 OHLC 异常数据已过滤，日期: ['2022-12-30']
03:24:44 [WARNING] _filter_ohlc_outliers: 603101 发现 1 行 OHLC 异常数据已过滤，日期: ['2016-03-31']
03:24:53 [WARNING] _filter_ohlc_outliers: 603133 发现 1 行 OHLC 异常数据已过滤，日期: ['2024-06-06']
03:24:58 [WARNING] _filter_ohlc_outliers: 603157 发现 1 行 OHLC 异常数据已过滤，日期: ['2022-05-16']
03:25:36 [WARNING] _filter_ohlc_outliers: 603353 发现 1 行 OHLC 异常数据已过滤，日期: ['2020-02-28']
03:25:57 [WARNING] _filter_ohlc_outliers: 603555 发现 1 行 OHLC 异常数据已过滤，日期: ['2024-03-06']
03:26:10 [WARNING] _filter_ohlc_outliers: 603603 发现 1 行 OHLC 异常数据已过滤，日期: ['2024-03-27']
03:26:20 [WARNING] _filter_ohlc_outliers: 603619 发现 1 行 OHLC 异常数据已过滤，日期: ['2017-09-29']
03:26:44 [WARNING] _filter_ohlc_outliers: 603729 发现 2 行 OHLC 异常数据已过滤，日期: ['2017-07-31', '2017-08-31']
03:27:10 [WARNING] _filter_ohlc_outliers: 603878 发现 1 行 OHLC 异常数据已过滤，日期: ['2016-10-31']
03:27:43 [WARNING] _filter_ohlc_outliers: 603996 发现 1 行 OHLC 异常数据已过滤，日期: ['2022-04-25']
03:27:55 [WARNING] _filter_ohlc_outliers: 605168 发现 1 行 OHLC 异常数据已过滤，日期: ['2020-03-31']
03:27:57 [WARNING] _filter_ohlc_outliers: 605178 发现 1 行 OHLC 异常数据已过滤，日期: ['2020-05-29']
03:28:00 [WARNING] _filter_ohlc_outliers: 605288 发现 1 行 OHLC 异常数据已过滤，日期: ['2020-03-31']
03:28:25 [WARNING] _filter_ohlc_outliers: 000023 发现 1 行 OHLC 异常数据已过滤，日期: ['2024-07-23']
03:28:31 [WARNING] _filter_ohlc_outliers: 000038 发现 1 行 OHLC 异常数据已过滤，日期: ['2023-06-20']
03:28:36 [WARNING] _filter_ohlc_outliers: 000046 发现 1 行 OHLC 异常数据已过滤，日期: ['2023-12-26']
03:28:56 [WARNING] _filter_ohlc_outliers: 000338 发现 2 行 OHLC 异常数据已过滤，日期: ['2016-05-10', '2016-07-07']
03:28:58 [WARNING] _filter_ohlc_outliers: 000416 发现 1 行 OHLC 异常数据已过滤，日期: ['2024-04-23']
03:29:07 [WARNING] _filter_ohlc_outliers: 000502 发现 2 行 OHLC 异常数据已过滤，日期: ['2022-06-07', '2022-06-23']
03:29:20 [WARNING] _filter_ohlc_outliers: 000540 发现 1 行 OHLC 异常数据已过滤，日期: ['2023-05-17']
03:29:40 [WARNING] _filter_ohlc_outliers: 000584 发现 1 行 OHLC 异常数据已过滤，日期: ['2025-06-23']
03:29:51 [WARNING] _filter_ohlc_outliers: 000606 发现 1 行 OHLC 异常数据已过滤，日期: ['2023-06-14']
03:29:59 [WARNING] _filter_ohlc_outliers: 000613 发现 1 行 OHLC 异常数据已过滤，日期: ['2022-06-09']
03:30:04 [WARNING] _filter_ohlc_outliers: 000622 发现 1 行 OHLC 异常数据已过滤，日期: ['2025-06-26']
03:30:07 [WARNING] _filter_ohlc_outliers: 000627 发现 5 行 OHLC 异常数据已过滤，日期: ['2025-04-28', '2025-05-30', '2025-06-30', '2025-07-09', '2025-08-12']
03:30:23 [WARNING] _filter_ohlc_outliers: 000662 发现 1 行 OHLC 异常数据已过滤，日期: ['2021-04-08']
03:30:31 [WARNING] _filter_ohlc_outliers: 000670 发现 1 行 OHLC 异常数据已过滤，日期: ['2020-03-17']
03:30:34 [WARNING] _filter_ohlc_outliers: 000673 发现 1 行 OHLC 异常数据已过滤，日期: ['2022-06-14']
03:30:40 [WARNING] _filter_ohlc_outliers: 000683 发现 1 行 OHLC 异常数据已过滤，日期: ['2016-02-18']
03:30:46 [WARNING] _filter_ohlc_outliers: 000708 发现 1 行 OHLC 异常数据已过滤，日期: ['2016-02-18']
03:31:00 [WARNING] _filter_ohlc_outliers: 000760 发现 3 行 OHLC 异常数据已过滤，日期: ['2020-05-28', '2021-06-15', '2021-07-20']
03:31:16 [WARNING] _filter_ohlc_outliers: 000806 发现 1 行 OHLC 异常数据已过滤，日期: ['2023-07-03']
03:31:26 [WARNING] _filter_ohlc_outliers: 000820 发现 1 行 OHLC 异常数据已过滤，日期: ['2018-02-28']
03:31:33 [WARNING] _filter_ohlc_outliers: 000825 发现 1 行 OHLC 异常数据已过滤，日期: ['2016-02-17']
03:31:36 [WARNING] _filter_ohlc_outliers: 000830 发现 2 行 OHLC 异常数据已过滤，日期: ['2016-05-05', '2016-05-09']
03:31:45 [WARNING] _filter_ohlc_outliers: 000851 发现 1 行 OHLC 异常数据已过滤，日期: ['2025-09-25']
03:32:21 [WARNING] _filter_ohlc_outliers: 000932 发现 3 行 OHLC 异常数据已过滤，日期: ['2016-02-18', '2016-03-23', '2016-08-10']
03:32:22 [WARNING] _filter_ohlc_outliers: 000933 发现 1 行 OHLC 异常数据已过滤，日期: ['2016-02-18']
03:32:22 [WARNING] _filter_ohlc_outliers: 000939 发现 3 行 OHLC 异常数据已过滤，日期: ['2019-04-25', '2020-11-06', '2020-12-15']
03:32:37 [WARNING] _filter_ohlc_outliers: 000971 发现 3 行 OHLC 异常数据已过滤，日期: ['2017-11-30', '2017-12-29', '2024-05-30']
03:32:42 [WARNING] _filter_ohlc_outliers: 000976 发现 5 行 OHLC 异常数据已过滤，日期: ['2024-04-26', '2024-05-31', '2024-06-28', '2024-07-10', '2024-07-24']
03:32:43 [WARNING] _filter_ohlc_outliers: 000979 发现 8 行 OHLC 异常数据已过滤，日期: ['2016-03-02', '2017-02-08', '2017-02-28', '2017-04-28', '2017-06-01']...
03:32:46 [WARNING] _filter_ohlc_outliers: 000982 发现 1 行 OHLC 异常数据已过滤，日期: ['2024-06-20']
03:32:51 [WARNING] _filter_ohlc_outliers: 000995 发现 1 行 OHLC 异常数据已过滤，日期: ['2019-04-23']
03:32:56 [WARNING] _filter_ohlc_outliers: 001208 发现 1 行 OHLC 异常数据已过滤，日期: ['2021-06-28']
03:33:06 [WARNING] _filter_ohlc_outliers: 001283 发现 1 行 OHLC 异常数据已过滤，日期: ['2022-06-30']
03:33:29 [WARNING] _filter_ohlc_outliers: 002018 发现 1 行 OHLC 异常数据已过滤，日期: ['2019-10-29']
03:33:57 [WARNING] _filter_ohlc_outliers: 002070 发现 1 行 OHLC 异常数据已过滤，日期: ['2019-07-05']
03:34:07 [WARNING] _filter_ohlc_outliers: 002087 发现 2 行 OHLC 异常数据已过滤，日期: ['2024-06-07', '2024-06-26']
03:34:18 [WARNING] _filter_ohlc_outliers: 002110 发现 2 行 OHLC 异常数据已过滤，日期: ['2016-04-07', '2016-07-04']
03:34:23 [WARNING] _filter_ohlc_outliers: 002118 发现 3 行 OHLC 异常数据已过滤，日期: ['2022-04-27', '2022-07-04', '2023-06-14']
03:34:34 [WARNING] _filter_ohlc_outliers: 002143 发现 1 行 OHLC 异常数据已过滤，日期: ['2019-11-27']
03:34:39 [WARNING] _filter_ohlc_outliers: 002147 发现 1 行 OHLC 异常数据已过滤，日期: ['2022-06-02']
03:35:48 [WARNING] _filter_ohlc_outliers: 002260 发现 3 行 OHLC 异常数据已过滤，日期: ['2022-03-31', '2022-05-06', '2022-06-15']
03:37:15 [WARNING] _filter_ohlc_outliers: 002411 发现 1 行 OHLC 异常数据已过滤，日期: ['2023-06-20']
03:37:44 [WARNING] _filter_ohlc_outliers: 002447 发现 1 行 OHLC 异常数据已过滤，日期: ['2022-06-07']
03:37:55 [WARNING] _filter_ohlc_outliers: 002464 发现 1 行 OHLC 异常数据已过滤，日期: ['2022-06-08']
03:38:05 [WARNING] _filter_ohlc_outliers: 002473 发现 1 行 OHLC 异常数据已过滤，日期: ['2022-06-01']
03:38:08 [WARNING] _filter_ohlc_outliers: 002477 发现 1 行 OHLC 异常数据已过滤，日期: ['2019-10-14']
03:39:32 [WARNING] _filter_ohlc_outliers: 002604 发现 4 行 OHLC 异常数据已过滤，日期: ['2019-04-26', '2020-06-02', '2020-07-13', '2020-08-31']
03:39:42 [WARNING] _filter_ohlc_outliers: 002619 发现 2 行 OHLC 异常数据已过滤，日期: ['2018-03-30', '2022-03-29']
03:39:45 [WARNING] _filter_ohlc_outliers: 002621 发现 1 行 OHLC 异常数据已过滤，日期: ['2024-06-12']
03:40:15 [WARNING] _filter_ohlc_outliers: 002684 发现 2 行 OHLC 异常数据已过滤，日期: ['2022-06-07', '2022-06-23']
03:40:19 [WARNING] _filter_ohlc_outliers: 002699 发现 2 行 OHLC 异常数据已过滤，日期: ['2024-04-24', '2024-05-31']
03:40:25 [WARNING] _filter_ohlc_outliers: 002703 发现 1 行 OHLC 异常数据已过滤，日期: ['2016-03-31']
03:40:45 [WARNING] _filter_ohlc_outliers: 002739 发现 2 行 OHLC 异常数据已过滤，日期: ['2016-03-31', '2016-04-29']
03:40:53 [WARNING] _filter_ohlc_outliers: 002751 发现 1 行 OHLC 异常数据已过滤，日期: ['2023-06-21']
03:40:55 [WARNING] _filter_ohlc_outliers: 002756 发现 2 行 OHLC 异常数据已过滤，日期: ['2018-12-12', '2019-02-12']
03:41:05 [WARNING] _filter_ohlc_outliers: 002770 发现 1 行 OHLC 异常数据已过滤，日期: ['2022-06-02']
03:41:07 [WARNING] _filter_ohlc_outliers: 002776 发现 3 行 OHLC 异常数据已过滤，日期: ['2022-04-27', '2022-07-05', '2023-12-25']
03:41:21 [WARNING] _filter_ohlc_outliers: 002796 发现 1 行 OHLC 异常数据已过滤，日期: ['2016-03-31']
03:41:23 [WARNING] _filter_ohlc_outliers: 002798 发现 1 行 OHLC 异常数据已过滤，日期: ['2016-03-31']
03:41:24 [WARNING] _filter_ohlc_outliers: 002799 发现 1 行 OHLC 异常数据已过滤，日期: ['2016-04-29']
03:41:27 [WARNING] _filter_ohlc_outliers: 002803 发现 1 行 OHLC 异常数据已过滤，日期: ['2016-07-14']
03:41:46 [WARNING] _filter_ohlc_outliers: 002836 发现 2 行 OHLC 异常数据已过滤，日期: ['2016-10-31', '2017-01-04']
03:42:59 [WARNING] _filter_ohlc_outliers: 002975 发现 1 行 OHLC 异常数据已过滤，日期: ['2019-12-31']
03:43:01 [WARNING] _filter_ohlc_outliers: 002977 发现 1 行 OHLC 异常数据已过滤，日期: ['2020-01-23']
03:44:12 [WARNING] _filter_ohlc_outliers: 300057 发现 1 行 OHLC 异常数据已过滤，日期: ['2016-03-31']
03:44:50 [WARNING] _filter_ohlc_outliers: 300104 发现 3 行 OHLC 异常数据已过滤，日期: ['2019-04-23', '2020-06-09', '2020-07-16']
03:45:56 [WARNING] _filter_ohlc_outliers: 300178 发现 1 行 OHLC 异常数据已过滤，日期: ['2022-06-20']
03:46:26 [WARNING] _filter_ohlc_outliers: 300223 发现 1 行 OHLC 异常数据已过滤，日期: ['2016-08-31']
03:47:05 [WARNING] _filter_ohlc_outliers: 300280 发现 1 行 OHLC 异常数据已过滤，日期: ['2025-09-16']
03:48:03 [WARNING] _filter_ohlc_outliers: 300356 发现 1 行 OHLC 异常数据已过滤，日期: ['2023-06-21']
03:48:32 [WARNING] _filter_ohlc_outliers: 300390 发现 1 行 OHLC 异常数据已过滤，日期: ['2018-12-18']
03:49:04 [WARNING] _filter_ohlc_outliers: 300429 发现 1 行 OHLC 异常数据已过滤，日期: ['2015-11-30']
03:49:29 [WARNING] _filter_ohlc_outliers: 300456 发现 1 行 OHLC 异常数据已过滤，日期: ['2015-12-31']
03:49:32 [WARNING] _filter_ohlc_outliers: 300458 发现 1 行 OHLC 异常数据已过滤，日期: ['2015-11-30']
03:49:59 [WARNING] _filter_ohlc_outliers: 300488 发现 1 行 OHLC 异常数据已过滤，日期: ['2016-08-31']
03:50:17 [WARNING] _filter_ohlc_outliers: 300507 发现 1 行 OHLC 异常数据已过滤，日期: ['2016-02-29']
03:50:28 [WARNING] _filter_ohlc_outliers: 300526 发现 2 行 OHLC 异常数据已过滤，日期: ['2017-06-01', '2023-06-20']
03:52:09 [WARNING] _filter_ohlc_outliers: 300649 发现 1 行 OHLC 异常数据已过滤，日期: ['2017-03-31']
03:52:14 [WARNING] _filter_ohlc_outliers: 300654 发现 1 行 OHLC 异常数据已过滤，日期: ['2017-09-28']
03:53:26 [WARNING] _filter_ohlc_outliers: 300741 发现 1 行 OHLC 异常数据已过滤，日期: ['2017-12-29']
03:53:30 [WARNING] _filter_ohlc_outliers: 300747 发现 1 行 OHLC 异常数据已过滤，日期: ['2018-03-30']
03:53:50 [WARNING] _filter_ohlc_outliers: 300771 发现 1 行 OHLC 异常数据已过滤，日期: ['2019-01-31']
03:54:27 [WARNING] _filter_ohlc_outliers: 300841 发现 1 行 OHLC 异常数据已过滤，日期: ['2020-03-31']
03:54:39 [WARNING] _filter_ohlc_outliers: 300862 发现 1 行 OHLC 异常数据已过滤，日期: ['2020-06-30']
03:55:45 [WARNING] _filter_ohlc_outliers: 301095 发现 1 行 OHLC 异常数据已过滤，日期: ['2022-06-30']
03:55:54 [WARNING] _filter_ohlc_outliers: 301150 发现 1 行 OHLC 异常数据已过滤，日期: ['2022-02-28']
03:56:01 [WARNING] _filter_ohlc_outliers: 301191 发现 1 行 OHLC 异常数据已过滤，日期: ['2022-02-28']
03:56:06 [WARNING] _filter_ohlc_outliers: 301203 发现 1 行 OHLC 异常数据已过滤，日期: ['2023-02-28']
03:56:15 [WARNING] _filter_ohlc_outliers: 301268 发现 1 行 OHLC 异常数据已过滤，日期: ['2022-02-28']
03:56:28 [WARNING] _filter_ohlc_outliers: 301369 发现 1 行 OHLC 异常数据已过滤，日期: ['2022-07-29']
03:56:40 [WARNING] _filter_ohlc_outliers: 301629 发现 1 行 OHLC 异常数据已过滤，日期: ['2025-01-27']
03:56:54 [WARNING] _filter_ohlc_outliers: 600069 发现 1 行 OHLC 异常数据已过滤，日期: ['2020-08-19']
03:56:55 [WARNING] _filter_ohlc_outliers: 600074 发现 4 行 OHLC 异常数据已过滤，日期: ['2019-04-24', '2020-02-28', '2020-04-13', '2020-05-25']
03:57:00 [WARNING] _filter_ohlc_outliers: 600077 发现 1 行 OHLC 异常数据已过滤，日期: ['2023-06-12']
03:57:06 [WARNING] _filter_ohlc_outliers: 600083 发现 1 行 OHLC 异常数据已过滤，日期: ['2025-01-15']
03:57:10 [WARNING] _filter_ohlc_outliers: 600093 发现 1 行 OHLC 异常数据已过滤，日期: ['2022-05-27']
03:57:31 [WARNING] _filter_ohlc_outliers: 600122 发现 1 行 OHLC 异常数据已过滤，日期: ['2023-05-25']
03:57:34 [WARNING] _filter_ohlc_outliers: 600145 发现 1 行 OHLC 异常数据已过滤，日期: ['2022-04-20']
03:57:36 [WARNING] _filter_ohlc_outliers: 600146 发现 1 行 OHLC 异常数据已过滤，日期: ['2022-06-06']
03:57:54 [WARNING] _filter_ohlc_outliers: 600190 发现 2 行 OHLC 异常数据已过滤，日期: ['2024-08-30', '2025-07-17']
03:58:00 [WARNING] _filter_ohlc_outliers: 600209 发现 1 行 OHLC 异常数据已过滤，日期: ['2022-05-26']
03:58:05 [WARNING] _filter_ohlc_outliers: 600220 发现 1 行 OHLC 异常数据已过滤，日期: ['2024-06-12']
03:58:05 [WARNING] _filter_ohlc_outliers: 600225 发现 1 行 OHLC 异常数据已过滤，日期: ['2025-02-10']
03:58:23 [WARNING] _filter_ohlc_outliers: 600256 发现 2 行 OHLC 异常数据已过滤，日期: ['2016-02-18', '2020-05-15']
03:58:26 [WARNING] _filter_ohlc_outliers: 600260 发现 1 行 OHLC 异常数据已过滤，日期: ['2023-01-30']
03:58:36 [WARNING] _filter_ohlc_outliers: 600291 发现 1 行 OHLC 异常数据已过滤，日期: ['2022-06-06']
03:58:39 [WARNING] _filter_ohlc_outliers: 600295 发现 1 行 OHLC 异常数据已过滤，日期: ['2016-05-10']
03:58:45 [WARNING] _filter_ohlc_outliers: 600306 发现 2 行 OHLC 异常数据已过滤，日期: ['2024-06-03', '2024-06-18']
03:58:48 [WARNING] _filter_ohlc_outliers: 600309 发现 1 行 OHLC 异常数据已过滤，日期: ['2016-06-01']
03:58:52 [WARNING] _filter_ohlc_outliers: 600321 发现 2 行 OHLC 异常数据已过滤，日期: ['2016-06-30', '2024-05-29']
03:59:26 [WARNING] _filter_ohlc_outliers: 600385 发现 2 行 OHLC 异常数据已过滤，日期: ['2022-06-28', '2022-06-30']
03:59:31 [WARNING] _filter_ohlc_outliers: 600389 发现 1 行 OHLC 异常数据已过滤，日期: ['2016-03-31']
03:59:37 [WARNING] _filter_ohlc_outliers: 600401 发现 4 行 OHLC 异常数据已过滤，日期: ['2016-03-02', '2018-02-01', '2019-05-28', '2019-07-05']
03:59:57 [WARNING] _filter_ohlc_outliers: 600462 发现 2 行 OHLC 异常数据已过滤，日期: ['2025-06-27', '2025-07-11']
04:00:10 [WARNING] _filter_ohlc_outliers: 600485 发现 1 行 OHLC 异常数据已过滤，日期: ['2020-04-16']
04:00:21 [WARNING] _filter_ohlc_outliers: 600507 发现 4 行 OHLC 异常数据已过滤，日期: ['2016-12-05', '2016-12-22', '2016-12-26', '2017-01-06']
04:00:31 [WARNING] _filter_ohlc_outliers: 600532 发现 1 行 OHLC 异常数据已过滤，日期: ['2023-05-31']
04:00:41 [WARNING] _filter_ohlc_outliers: 600555 发现 1 行 OHLC 异常数据已过滤，日期: ['2022-06-17']
04:00:56 [WARNING] _filter_ohlc_outliers: 600596 发现 1 行 OHLC 异常数据已过滤，日期: ['2016-02-17']
04:01:16 [WARNING] _filter_ohlc_outliers: 600634 发现 3 行 OHLC 异常数据已过滤，日期: ['2020-11-23', '2021-06-03', '2021-07-13']
04:01:26 [WARNING] _filter_ohlc_outliers: 600647 发现 1 行 OHLC 异常数据已过滤，日期: ['2024-06-06']
04:01:30 [WARNING] _filter_ohlc_outliers: 600652 发现 1 行 OHLC 异常数据已过滤，日期: ['2022-06-14']
04:01:55 [WARNING] _filter_ohlc_outliers: 600701 发现 3 行 OHLC 异常数据已过滤，日期: ['2020-04-24', '2021-03-17', '2021-04-22']
04:02:12 [WARNING] _filter_ohlc_outliers: 600725 发现 3 行 OHLC 异常数据已过滤，日期: ['2016-02-18', '2016-09-20', '2017-12-05']
04:02:18 [WARNING] _filter_ohlc_outliers: 600734 发现 4 行 OHLC 异常数据已过滤，日期: ['2016-04-15', '2017-07-14', '2017-12-15', '2018-07-03']
04:02:38 [WARNING] _filter_ohlc_outliers: 600766 发现 1 行 OHLC 异常数据已过滤，日期: ['2024-06-06']
04:02:39 [WARNING] _filter_ohlc_outliers: 600767 发现 1 行 OHLC 异常数据已过滤，日期: ['2023-06-01']
04:02:49 [WARNING] _filter_ohlc_outliers: 600781 发现 3 行 OHLC 异常数据已过滤，日期: ['2022-04-27', '2022-07-04', '2023-06-16']
04:02:52 [WARNING] _filter_ohlc_outliers: 600782 发现 1 行 OHLC 异常数据已过滤，日期: ['2016-02-18']
04:03:13 [WARNING] _filter_ohlc_outliers: 600823 发现 2 行 OHLC 异常数据已过滤，日期: ['2024-05-14', '2024-05-31']
04:03:32 [WARNING] _filter_ohlc_outliers: 600863 发现 1 行 OHLC 异常数据已过滤，日期: ['2016-02-18']
04:03:35 [WARNING] _filter_ohlc_outliers: 600870 发现 1 行 OHLC 异常数据已过滤，日期: ['2022-06-06']
04:03:48 [WARNING] _filter_ohlc_outliers: 600890 发现 2 行 OHLC 异常数据已过滤，日期: ['2022-05-26', '2022-06-14']
04:03:48 [WARNING] _filter_ohlc_outliers: 600891 发现 3 行 OHLC 异常数据已过滤，日期: ['2020-02-26', '2021-03-22', '2021-04-28']
04:03:50 [WARNING] _filter_ohlc_outliers: 600896 发现 2 行 OHLC 异常数据已过滤，日期: ['2016-06-30', '2022-07-15']
04:03:52 [WARNING] _filter_ohlc_outliers: 600898 发现 1 行 OHLC 异常数据已过滤，日期: ['2025-01-09']
04:04:43 [WARNING] _filter_ohlc_outliers: 601212 发现 1 行 OHLC 异常数据已过滤，日期: ['2017-02-16']
04:04:44 [WARNING] _filter_ohlc_outliers: 601225 发现 11 行 OHLC 异常数据已过滤，日期: ['2017-07-14', '2017-07-20', '2017-08-03', '2017-11-15', '2017-11-16']...
04:05:12 [WARNING] _filter_ohlc_outliers: 601619 发现 1 行 OHLC 异常数据已过滤，日期: ['2017-07-24']
04:05:56 [WARNING] _filter_ohlc_outliers: 603007 发现 1 行 OHLC 异常数据已过滤，日期: ['2016-08-30']
04:06:09 [WARNING] _filter_ohlc_outliers: 603027 发现 1 行 OHLC 异常数据已过滤，日期: ['2016-03-09']
04:06:45 [WARNING] _filter_ohlc_outliers: 603101 发现 1 行 OHLC 异常数据已过滤，日期: ['2016-03-31']
04:07:01 [WARNING] _filter_ohlc_outliers: 603133 发现 1 行 OHLC 异常数据已过滤，日期: ['2024-06-06']
04:07:05 [WARNING] _filter_ohlc_outliers: 603157 发现 1 行 OHLC 异常数据已过滤，日期: ['2022-05-16']
04:07:46 [WARNING] _filter_ohlc_outliers: 603283 发现 1 行 OHLC 异常数据已过滤，日期: ['2017-09-29']
04:08:07 [WARNING] _filter_ohlc_outliers: 603353 发现 1 行 OHLC 异常数据已过滤，日期: ['2020-02-28']
04:08:09 [WARNING] _filter_ohlc_outliers: 603360 发现 1 行 OHLC 异常数据已过滤，日期: ['2017-02-08']
04:08:39 [WARNING] _filter_ohlc_outliers: 603555 发现 1 行 OHLC 异常数据已过滤，日期: ['2024-03-06']
04:08:56 [WARNING] _filter_ohlc_outliers: 603603 发现 1 行 OHLC 异常数据已过滤，日期: ['2024-03-27']
04:09:04 [WARNING] _filter_ohlc_outliers: 603619 发现 1 行 OHLC 异常数据已过滤，日期: ['2017-09-29']
04:09:37 [WARNING] _filter_ohlc_outliers: 603729 发现 2 行 OHLC 异常数据已过滤，日期: ['2017-07-31', '2017-08-31']
04:10:09 [WARNING] _filter_ohlc_outliers: 603878 发现 1 行 OHLC 异常数据已过滤，日期: ['2016-10-31']
04:10:58 [WARNING] _filter_ohlc_outliers: 603996 发现 1 行 OHLC 异常数据已过滤，日期: ['2022-04-25']
04:11:17 [WARNING] _filter_ohlc_outliers: 605168 发现 1 行 OHLC 异常数据已过滤，日期: ['2020-03-31']
04:11:19 [WARNING] _filter_ohlc_outliers: 605178 发现 1 行 OHLC 异常数据已过滤，日期: ['2020-05-29']
04:11:27 [WARNING] _filter_ohlc_outliers: 605288 发现 1 行 OHLC 异常数据已过滤，日期: ['2020-03-31']
04:11:54 [WARNING] _filter_ohlc_outliers: 000018 发现 1 行 OHLC 异常数据已过滤，日期: ['2020-01-02']
04:11:59 [WARNING] _filter_ohlc_outliers: 000023 发现 1 行 OHLC 异常数据已过滤，日期: ['2024-07-23']
04:12:04 [WARNING] _filter_ohlc_outliers: 000038 发现 1 行 OHLC 异常数据已过滤，日期: ['2023-06-20']
04:12:12 [WARNING] _filter_ohlc_outliers: 000046 发现 1 行 OHLC 异常数据已过滤，日期: ['2023-12-26']
04:12:35 [WARNING] _filter_ohlc_outliers: 000338 发现 2 行 OHLC 异常数据已过滤，日期: ['2016-05-10', '2016-07-07']
04:12:37 [WARNING] _filter_ohlc_outliers: 000416 发现 1 行 OHLC 异常数据已过滤，日期: ['2024-04-23']
04:12:49 [WARNING] _filter_ohlc_outliers: 000502 发现 2 行 OHLC 异常数据已过滤，日期: ['2022-06-07', '2022-06-23']
04:12:55 [WARNING] _filter_ohlc_outliers: 000511 发现 1 行 OHLC 异常数据已过滤，日期: ['2018-07-16']
04:13:13 [WARNING] _filter_ohlc_outliers: 000540 发现 1 行 OHLC 异常数据已过滤，日期: ['2023-05-17']
04:13:37 [WARNING] _filter_ohlc_outliers: 000584 发现 1 行 OHLC 异常数据已过滤，日期: ['2025-06-23']
04:13:38 [WARNING] _filter_ohlc_outliers: 000585 发现 2 行 OHLC 异常数据已过滤，日期: ['2016-03-31', '2022-05-20']
04:13:51 [WARNING] _filter_ohlc_outliers: 000606 发现 1 行 OHLC 异常数据已过滤，日期: ['2023-06-14']
04:14:00 [WARNING] _filter_ohlc_outliers: 000613 发现 1 行 OHLC 异常数据已过滤，日期: ['2022-06-09']
04:14:05 [WARNING] _filter_ohlc_outliers: 000622 发现 1 行 OHLC 异常数据已过滤，日期: ['2025-06-26']
04:14:21 [WARNING] _filter_ohlc_outliers: 000662 发现 1 行 OHLC 异常数据已过滤，日期: ['2021-04-08']
04:14:30 [WARNING] _filter_ohlc_outliers: 000670 发现 1 行 OHLC 异常数据已过滤，日期: ['2020-03-17']
04:14:34 [WARNING] _filter_ohlc_outliers: 000673 发现 1 行 OHLC 异常数据已过滤，日期: ['2022-06-14']
04:14:39 [WARNING] _filter_ohlc_outliers: 000683 发现 1 行 OHLC 异常数据已过滤，日期: ['2016-02-18']
04:14:47 [WARNING] _filter_ohlc_outliers: 000708 发现 1 行 OHLC 异常数据已过滤，日期: ['2016-02-18']
04:15:05 [WARNING] _filter_ohlc_outliers: 000760 发现 3 行 OHLC 异常数据已过滤，日期: ['2020-05-28', '2021-06-15', '2021-07-20']
04:15:25 [WARNING] _filter_ohlc_outliers: 000806 发现 1 行 OHLC 异常数据已过滤，日期: ['2023-07-03']
04:15:39 [WARNING] _filter_ohlc_outliers: 000820 发现 1 行 OHLC 异常数据已过滤，日期: ['2018-02-28']
04:15:45 [WARNING] _filter_ohlc_outliers: 000825 发现 1 行 OHLC 异常数据已过滤，日期: ['2016-02-17']
04:15:48 [WARNING] _filter_ohlc_outliers: 000830 发现 2 行 OHLC 异常数据已过滤，日期: ['2016-05-05', '2016-05-09']
04:16:32 [WARNING] _filter_ohlc_outliers: 000932 发现 3 行 OHLC 异常数据已过滤，日期: ['2016-02-18', '2016-03-23', '2016-08-10']
04:16:34 [WARNING] _filter_ohlc_outliers: 000933 发现 1 行 OHLC 异常数据已过滤，日期: ['2016-02-18']
04:16:36 [WARNING] _filter_ohlc_outliers: 000939 发现 3 行 OHLC 异常数据已过滤，日期: ['2019-04-25', '2020-11-06', '2020-12-15']
04:16:52 [WARNING] _filter_ohlc_outliers: 000971 发现 3 行 OHLC 异常数据已过滤，日期: ['2017-11-30', '2017-12-29', '2024-05-30']
04:16:56 [WARNING] _filter_ohlc_outliers: 000976 发现 5 行 OHLC 异常数据已过滤，日期: ['2024-04-26', '2024-05-31', '2024-06-28', '2024-07-10', '2024-07-24']
04:16:57 [WARNING] _filter_ohlc_outliers: 000979 发现 8 行 OHLC 异常数据已过滤，日期: ['2016-03-02', '2017-02-08', '2017-02-28', '2017-04-28', '2017-06-01']...
04:17:02 [WARNING] _filter_ohlc_outliers: 000982 发现 1 行 OHLC 异常数据已过滤，日期: ['2024-06-20']
04:17:07 [WARNING] _filter_ohlc_outliers: 000995 发现 1 行 OHLC 异常数据已过滤，日期: ['2019-04-23']
04:17:14 [WARNING] _filter_ohlc_outliers: 001208 发现 1 行 OHLC 异常数据已过滤，日期: ['2021-06-28']
04:17:22 [WARNING] _filter_ohlc_outliers: 001283 发现 1 行 OHLC 异常数据已过滤，日期: ['2022-06-30']
04:17:52 [WARNING] _filter_ohlc_outliers: 002018 发现 1 行 OHLC 异常数据已过滤，日期: ['2019-10-29']
04:18:24 [WARNING] _filter_ohlc_outliers: 002070 发现 1 行 OHLC 异常数据已过滤，日期: ['2019-07-05']
04:18:35 [WARNING] _filter_ohlc_outliers: 002087 发现 2 行 OHLC 异常数据已过滤，日期: ['2024-06-07', '2024-06-26']
04:18:48 [WARNING] _filter_ohlc_outliers: 002110 发现 2 行 OHLC 异常数据已过滤，日期: ['2016-04-07', '2016-07-04']
04:18:53 [WARNING] _filter_ohlc_outliers: 002118 发现 3 行 OHLC 异常数据已过滤，日期: ['2022-04-27', '2022-07-04', '2023-06-14']
04:19:13 [WARNING] _filter_ohlc_outliers: 002143 发现 1 行 OHLC 异常数据已过滤，日期: ['2019-11-27']
04:19:17 [WARNING] _filter_ohlc_outliers: 002147 发现 1 行 OHLC 异常数据已过滤，日期: ['2022-06-02']
04:20:45 [WARNING] _filter_ohlc_outliers: 002260 发现 3 行 OHLC 异常数据已过滤，日期: ['2022-03-31', '2022-05-06', '2022-06-15']
04:22:44 [WARNING] _filter_ohlc_outliers: 002411 发现 1 行 OHLC 异常数据已过滤，日期: ['2023-06-20']
04:23:12 [WARNING] _filter_ohlc_outliers: 002447 发现 1 行 OHLC 异常数据已过滤，日期: ['2022-06-07']
04:23:25 [WARNING] _filter_ohlc_outliers: 002464 发现 1 行 OHLC 异常数据已过滤，日期: ['2022-06-08']
04:23:35 [WARNING] _filter_ohlc_outliers: 002473 发现 1 行 OHLC 异常数据已过滤，日期: ['2022-06-01']
04:23:39 [WARNING] _filter_ohlc_outliers: 002477 发现 1 行 OHLC 异常数据已过滤，日期: ['2019-10-14']
04:25:15 [WARNING] _filter_ohlc_outliers: 002604 发现 4 行 OHLC 异常数据已过滤，日期: ['2019-04-26', '2020-06-02', '2020-07-13', '2020-08-31']
04:25:25 [WARNING] _filter_ohlc_outliers: 002619 发现 2 行 OHLC 异常数据已过滤，日期: ['2018-03-30', '2022-03-29']
04:25:27 [WARNING] _filter_ohlc_outliers: 002621 发现 1 行 OHLC 异常数据已过滤，日期: ['2024-06-12']
04:26:16 [WARNING] _filter_ohlc_outliers: 002684 发现 2 行 OHLC 异常数据已过滤，日期: ['2022-06-07', '2022-06-23']
04:26:24 [WARNING] _filter_ohlc_outliers: 002699 发现 2 行 OHLC 异常数据已过滤，日期: ['2024-04-24', '2024-05-31']
04:26:28 [WARNING] _filter_ohlc_outliers: 002703 发现 1 行 OHLC 异常数据已过滤，日期: ['2016-03-31']
04:26:51 [WARNING] _filter_ohlc_outliers: 002739 发现 2 行 OHLC 异常数据已过滤，日期: ['2016-03-31', '2016-04-29']
04:26:59 [WARNING] _filter_ohlc_outliers: 002751 发现 1 行 OHLC 异常数据已过滤，日期: ['2023-06-21']
04:27:02 [WARNING] _filter_ohlc_outliers: 002756 发现 2 行 OHLC 异常数据已过滤，日期: ['2018-12-12', '2019-02-12']
04:27:12 [WARNING] _filter_ohlc_outliers: 002770 发现 1 行 OHLC 异常数据已过滤，日期: ['2022-06-02']
04:27:15 [WARNING] _filter_ohlc_outliers: 002776 发现 3 行 OHLC 异常数据已过滤，日期: ['2022-04-27', '2022-07-05', '2023-12-25']
04:27:30 [WARNING] _filter_ohlc_outliers: 002796 发现 1 行 OHLC 异常数据已过滤，日期: ['2016-03-31']
04:27:33 [WARNING] _filter_ohlc_outliers: 002798 发现 1 行 OHLC 异常数据已过滤，日期: ['2016-03-31']
04:27:33 [WARNING] _filter_ohlc_outliers: 002799 发现 1 行 OHLC 异常数据已过滤，日期: ['2016-04-29']
04:27:36 [WARNING] _filter_ohlc_outliers: 002803 发现 1 行 OHLC 异常数据已过滤，日期: ['2016-07-14']
04:27:56 [WARNING] _filter_ohlc_outliers: 002836 发现 2 行 OHLC 异常数据已过滤，日期: ['2016-10-31', '2017-01-04']
04:28:05 [WARNING] _filter_ohlc_outliers: 002847 发现 1 行 OHLC 异常数据已过滤，日期: ['2017-02-10']
04:29:15 [WARNING] _filter_ohlc_outliers: 002975 发现 1 行 OHLC 异常数据已过滤，日期: ['2019-12-31']
04:29:16 [WARNING] _filter_ohlc_outliers: 002977 发现 1 行 OHLC 异常数据已过滤，日期: ['2020-01-23']
04:29:27 [WARNING] _filter_ohlc_outliers: 002991 发现 1 行 OHLC 异常数据已过滤，日期: ['2020-06-30']
04:30:31 [WARNING] _filter_ohlc_outliers: 300057 发现 1 行 OHLC 异常数据已过滤，日期: ['2016-03-31']
04:31:10 [WARNING] _filter_ohlc_outliers: 300104 发现 3 行 OHLC 异常数据已过滤，日期: ['2019-04-23', '2020-06-09', '2020-07-16']
04:32:17 [WARNING] _filter_ohlc_outliers: 300178 发现 1 行 OHLC 异常数据已过滤，日期: ['2022-06-20']
04:32:57 [WARNING] _filter_ohlc_outliers: 300223 发现 1 行 OHLC 异常数据已过滤，日期: ['2016-08-31']
04:33:36 [WARNING] _filter_ohlc_outliers: 300262 发现 1 行 OHLC 异常数据已过滤，日期: ['2024-06-17']
04:33:56 [WARNING] _filter_ohlc_outliers: 300280 发现 1 行 OHLC 异常数据已过滤，日期: ['2025-09-16']
04:35:00 [WARNING] _filter_ohlc_outliers: 300356 发现 1 行 OHLC 异常数据已过滤，日期: ['2023-06-21']
04:35:30 [WARNING] _filter_ohlc_outliers: 300390 发现 1 行 OHLC 异常数据已过滤，日期: ['2018-12-18']
04:36:06 [WARNING] _filter_ohlc_outliers: 300429 发现 1 行 OHLC 异常数据已过滤，日期: ['2015-11-30']
04:36:23 [WARNING] _filter_ohlc_outliers: 300446 发现 1 行 OHLC 异常数据已过滤，日期: ['2015-12-31']
04:36:34 [WARNING] _filter_ohlc_outliers: 300456 发现 1 行 OHLC 异常数据已过滤，日期: ['2015-12-31']
04:36:37 [WARNING] _filter_ohlc_outliers: 300458 发现 1 行 OHLC 异常数据已过滤，日期: ['2015-11-30']
04:37:03 [WARNING] _filter_ohlc_outliers: 300488 发现 1 行 OHLC 异常数据已过滤，日期: ['2016-08-31']
04:37:20 [WARNING] _filter_ohlc_outliers: 300507 发现 1 行 OHLC 异常数据已过滤，日期: ['2016-02-29']
04:37:31 [WARNING] _filter_ohlc_outliers: 300526 发现 2 行 OHLC 异常数据已过滤，日期: ['2017-06-01', '2023-06-20']
04:39:22 [WARNING] _filter_ohlc_outliers: 300649 发现 1 行 OHLC 异常数据已过滤，日期: ['2017-03-31']
04:39:27 [WARNING] _filter_ohlc_outliers: 300654 发现 1 行 OHLC 异常数据已过滤，日期: ['2017-09-28']
04:40:05 [WARNING] _filter_ohlc_outliers: 300695 发现 1 行 OHLC 异常数据已过滤，日期: ['2017-06-30']
04:40:46 [WARNING] _filter_ohlc_outliers: 300741 发现 1 行 OHLC 异常数据已过滤，日期: ['2017-12-29']
04:40:50 [WARNING] _filter_ohlc_outliers: 300747 发现 1 行 OHLC 异常数据已过滤，日期: ['2018-03-30']
04:41:09 [WARNING] _filter_ohlc_outliers: 300771 发现 1 行 OHLC 异常数据已过滤，日期: ['2019-01-31']
04:41:22 [WARNING] _filter_ohlc_outliers: 300789 发现 1 行 OHLC 异常数据已过滤，日期: ['2019-05-31']
04:41:53 [WARNING] _filter_ohlc_outliers: 300841 发现 1 行 OHLC 异常数据已过滤，日期: ['2020-03-31']
04:42:04 [WARNING] _filter_ohlc_outliers: 300862 发现 1 行 OHLC 异常数据已过滤，日期: ['2020-06-30']
04:42:50 [WARNING] _filter_ohlc_outliers: 300957 发现 1 行 OHLC 异常数据已过滤，日期: ['2020-12-31']
04:43:44 [WARNING] _filter_ohlc_outliers: 301095 发现 1 行 OHLC 异常数据已过滤，日期: ['2022-06-30']
04:43:58 [WARNING] _filter_ohlc_outliers: 301135 发现 1 行 OHLC 异常数据已过滤，日期: ['2022-02-28']
04:44:00 [WARNING] _filter_ohlc_outliers: 301150 发现 1 行 OHLC 异常数据已过滤，日期: ['2022-02-28']
04:44:10 [WARNING] _filter_ohlc_outliers: 301191 发现 1 行 OHLC 异常数据已过滤，日期: ['2022-02-28']
04:44:16 [WARNING] _filter_ohlc_outliers: 301203 发现 1 行 OHLC 异常数据已过滤，日期: ['2023-02-28']
04:44:18 [WARNING] _filter_ohlc_outliers: 301212 发现 1 行 OHLC 异常数据已过滤，日期: ['2022-02-28']
04:44:29 [WARNING] _filter_ohlc_outliers: 301248 发现 1 行 OHLC 异常数据已过滤，日期: ['2022-02-28']
04:44:35 [WARNING] _filter_ohlc_outliers: 301268 发现 1 行 OHLC 异常数据已过滤，日期: ['2022-02-28']
04:44:35 [WARNING] _filter_ohlc_outliers: 301269 发现 1 行 OHLC 异常数据已过滤，日期: ['2022-06-30']
04:44:43 [WARNING] _filter_ohlc_outliers: 301308 发现 1 行 OHLC 异常数据已过滤，日期: ['2022-06-30']
04:44:56 [WARNING] _filter_ohlc_outliers: 301367 发现 1 行 OHLC 异常数据已过滤，日期: ['2022-09-30']
04:45:04 [WARNING] _filter_ohlc_outliers: 301393 发现 1 行 OHLC 异常数据已过滤，日期: ['2023-05-31']
04:45:15 [WARNING] _filter_ohlc_outliers: 301528 发现 1 行 OHLC 异常数据已过滤，日期: ['2023-06-30']
04:45:22 [WARNING] _filter_ohlc_outliers: 301590 发现 1 行 OHLC 异常数据已过滤，日期: ['2025-04-30']
04:45:24 [WARNING] _filter_ohlc_outliers: 301626 发现 1 行 OHLC 异常数据已过滤，日期: ['2024-08-30']
04:45:24 [WARNING] _filter_ohlc_outliers: 301630 发现 1 行 OHLC 异常数据已过滤，日期: ['2025-05-30']
04:45:24 [WARNING] _filter_ohlc_outliers: 301629 发现 1 行 OHLC 异常数据已过滤，日期: ['2025-01-27']
04:45:42 [WARNING] _filter_ohlc_outliers: 600069 发现 1 行 OHLC 异常数据已过滤，日期: ['2020-08-19']
04:45:43 [WARNING] _filter_ohlc_outliers: 600074 发现 4 行 OHLC 异常数据已过滤，日期: ['2019-04-24', '2020-02-28', '2020-04-13', '2020-05-25']
04:45:46 [WARNING] _filter_ohlc_outliers: 600077 发现 1 行 OHLC 异常数据已过滤，日期: ['2023-06-12']
04:45:51 [WARNING] _filter_ohlc_outliers: 600083 发现 1 行 OHLC 异常数据已过滤，日期: ['2025-01-15']
04:45:57 [WARNING] _filter_ohlc_outliers: 600093 发现 1 行 OHLC 异常数据已过滤，日期: ['2022-05-27']
04:46:19 [WARNING] _filter_ohlc_outliers: 600122 发现 1 行 OHLC 异常数据已过滤，日期: ['2023-05-25']
04:46:29 [WARNING] _filter_ohlc_outliers: 600145 发现 1 行 OHLC 异常数据已过滤，日期: ['2022-04-20']
04:46:31 [WARNING] _filter_ohlc_outliers: 600146 发现 1 行 OHLC 异常数据已过滤，日期: ['2022-06-06']
04:47:02 [WARNING] _filter_ohlc_outliers: 600209 发现 1 行 OHLC 异常数据已过滤，日期: ['2022-05-26']
04:47:07 [WARNING] _filter_ohlc_outliers: 600220 发现 1 行 OHLC 异常数据已过滤，日期: ['2024-06-12']
04:47:09 [WARNING] _filter_ohlc_outliers: 600225 发现 1 行 OHLC 异常数据已过滤，日期: ['2025-02-10']
04:47:33 [WARNING] _filter_ohlc_outliers: 600256 发现 2 行 OHLC 异常数据已过滤，日期: ['2016-02-18', '2020-05-15']
04:47:37 [WARNING] _filter_ohlc_outliers: 600260 发现 1 行 OHLC 异常数据已过滤，日期: ['2023-01-30']
04:47:53 [WARNING] _filter_ohlc_outliers: 600291 发现 1 行 OHLC 异常数据已过滤，日期: ['2022-06-06']
04:47:56 [WARNING] _filter_ohlc_outliers: 600295 发现 1 行 OHLC 异常数据已过滤，日期: ['2016-05-10']
04:48:04 [WARNING] _filter_ohlc_outliers: 600306 发现 2 行 OHLC 异常数据已过滤，日期: ['2024-06-03', '2024-06-18']
04:48:07 [WARNING] _filter_ohlc_outliers: 600309 发现 1 行 OHLC 异常数据已过滤，日期: ['2016-06-01']
04:48:09 [WARNING] _filter_ohlc_outliers: 600321 发现 2 行 OHLC 异常数据已过滤，日期: ['2016-06-30', '2024-05-29']
04:48:12 [WARNING] _filter_ohlc_outliers: 600325 发现 1 行 OHLC 异常数据已过滤，日期: ['2016-02-18']
04:48:48 [WARNING] _filter_ohlc_outliers: 600385 发现 2 行 OHLC 异常数据已过滤，日期: ['2022-06-28', '2022-06-30']
04:48:54 [WARNING] _filter_ohlc_outliers: 600389 发现 1 行 OHLC 异常数据已过滤，日期: ['2016-03-31']
04:48:59 [WARNING] _filter_ohlc_outliers: 600401 发现 4 行 OHLC 异常数据已过滤，日期: ['2016-03-02', '2018-02-01', '2019-05-28', '2019-07-05']
04:49:11 [WARNING] _filter_ohlc_outliers: 600432 发现 1 行 OHLC 异常数据已过滤，日期: ['2018-07-10']
04:49:22 [WARNING] _filter_ohlc_outliers: 600462 发现 2 行 OHLC 异常数据已过滤，日期: ['2025-06-27', '2025-07-11']
04:49:34 [WARNING] _filter_ohlc_outliers: 600485 发现 1 行 OHLC 异常数据已过滤，日期: ['2020-04-16']
04:49:49 [WARNING] _filter_ohlc_outliers: 600507 发现 4 行 OHLC 异常数据已过滤，日期: ['2016-12-05', '2016-12-22', '2016-12-26', '2017-01-06']
04:50:05 [WARNING] _filter_ohlc_outliers: 600532 发现 1 行 OHLC 异常数据已过滤，日期: ['2023-05-31']
04:50:15 [WARNING] _filter_ohlc_outliers: 600546 发现 3 行 OHLC 异常数据已过滤，日期: ['2017-07-14', '2018-01-23', '2018-02-07']
04:50:22 [WARNING] _filter_ohlc_outliers: 600555 发现 1 行 OHLC 异常数据已过滤，日期: ['2022-06-17']
04:51:04 [WARNING] _filter_ohlc_outliers: 600634 发现 3 行 OHLC 异常数据已过滤，日期: ['2020-11-23', '2021-06-03', '2021-07-13']
04:51:13 [WARNING] _filter_ohlc_outliers: 600647 发现 1 行 OHLC 异常数据已过滤，日期: ['2024-06-06']
04:51:18 [WARNING] _filter_ohlc_outliers: 600652 发现 1 行 OHLC 异常数据已过滤，日期: ['2022-06-14']
04:51:48 [WARNING] _filter_ohlc_outliers: 600701 发现 3 行 OHLC 异常数据已过滤，日期: ['2020-04-24', '2021-03-17', '2021-04-22']
04:52:08 [WARNING] _filter_ohlc_outliers: 600725 发现 3 行 OHLC 异常数据已过滤，日期: ['2016-02-18', '2016-09-20', '2017-12-05']
04:52:13 [WARNING] _filter_ohlc_outliers: 600734 发现 4 行 OHLC 异常数据已过滤，日期: ['2016-04-15', '2017-07-14', '2017-12-15', '2018-07-03']
04:52:35 [WARNING] _filter_ohlc_outliers: 600766 发现 1 行 OHLC 异常数据已过滤，日期: ['2024-06-06']
04:52:35 [WARNING] _filter_ohlc_outliers: 600767 发现 1 行 OHLC 异常数据已过滤，日期: ['2023-06-01']
04:52:43 [WARNING] _filter_ohlc_outliers: 600781 发现 3 行 OHLC 异常数据已过滤，日期: ['2022-04-27', '2022-07-04', '2023-06-16']
04:52:45 [WARNING] _filter_ohlc_outliers: 600782 发现 1 行 OHLC 异常数据已过滤，日期: ['2016-02-18']
04:53:10 [WARNING] _filter_ohlc_outliers: 600823 发现 2 行 OHLC 异常数据已过滤，日期: ['2024-05-14', '2024-05-31']
04:53:34 [WARNING] _filter_ohlc_outliers: 600863 发现 1 行 OHLC 异常数据已过滤，日期: ['2016-02-18']
04:53:38 [WARNING] _filter_ohlc_outliers: 600870 发现 1 行 OHLC 异常数据已过滤，日期: ['2022-06-06']
04:53:52 [WARNING] _filter_ohlc_outliers: 600891 发现 3 行 OHLC 异常数据已过滤，日期: ['2020-02-26', '2021-03-22', '2021-04-28']
04:53:52 [WARNING] _filter_ohlc_outliers: 600890 发现 2 行 OHLC 异常数据已过滤，日期: ['2022-05-26', '2022-06-14']
04:53:56 [WARNING] _filter_ohlc_outliers: 600896 发现 2 行 OHLC 异常数据已过滤，日期: ['2016-06-30', '2022-07-15']
04:53:57 [WARNING] _filter_ohlc_outliers: 600898 发现 1 行 OHLC 异常数据已过滤，日期: ['2025-01-09']
04:55:08 [WARNING] _filter_ohlc_outliers: 601212 发现 1 行 OHLC 异常数据已过滤，日期: ['2017-02-16']
04:55:10 [WARNING] _filter_ohlc_outliers: 601225 发现 11 行 OHLC 异常数据已过滤，日期: ['2017-07-14', '2017-07-20', '2017-08-03', '2017-11-15', '2017-11-16']...
04:55:39 [WARNING] _filter_ohlc_outliers: 601619 发现 1 行 OHLC 异常数据已过滤，日期: ['2017-07-24']
04:56:35 [WARNING] _filter_ohlc_outliers: 603007 发现 1 行 OHLC 异常数据已过滤，日期: ['2016-08-30']
04:56:47 [WARNING] _filter_ohlc_outliers: 603027 发现 1 行 OHLC 异常数据已过滤，日期: ['2016-03-09']
04:57:29 [WARNING] _filter_ohlc_outliers: 603101 发现 1 行 OHLC 异常数据已过滤，日期: ['2016-03-31']
04:57:45 [WARNING] _filter_ohlc_outliers: 603133 发现 1 行 OHLC 异常数据已过滤，日期: ['2024-06-06']
04:57:49 [WARNING] _filter_ohlc_outliers: 603157 发现 1 行 OHLC 异常数据已过滤，日期: ['2022-05-16']
04:58:38 [WARNING] _filter_ohlc_outliers: 603283 发现 1 行 OHLC 异常数据已过滤，日期: ['2017-09-29']
04:59:06 [WARNING] _filter_ohlc_outliers: 603353 发现 1 行 OHLC 异常数据已过滤，日期: ['2020-02-28']
04:59:08 [WARNING] _filter_ohlc_outliers: 603360 发现 1 行 OHLC 异常数据已过滤，日期: ['2017-02-08']
04:59:51 [WARNING] _filter_ohlc_outliers: 603555 发现 1 行 OHLC 异常数据已过滤，日期: ['2024-03-06']
05:00:09 [WARNING] _filter_ohlc_outliers: 603603 发现 1 行 OHLC 异常数据已过滤，日期: ['2024-03-27']
05:00:21 [WARNING] _filter_ohlc_outliers: 603619 发现 1 行 OHLC 异常数据已过滤，日期: ['2017-09-29']
05:01:10 [WARNING] _filter_ohlc_outliers: 603729 发现 2 行 OHLC 异常数据已过滤，日期: ['2017-07-31', '2017-08-31']
05:01:13 [WARNING] _filter_ohlc_outliers: 603737 发现 2 行 OHLC 异常数据已过滤，日期: ['2016-03-31', '2016-06-07']
05:01:27 [WARNING] _filter_ohlc_outliers: 603809 发现 1 行 OHLC 异常数据已过滤，日期: ['2017-09-29']
05:01:47 [WARNING] _filter_ohlc_outliers: 603878 发现 1 行 OHLC 异常数据已过滤，日期: ['2016-10-31']
05:02:43 [WARNING] _filter_ohlc_outliers: 603996 发现 1 行 OHLC 异常数据已过滤，日期: ['2022-04-25']
05:03:01 [WARNING] _filter_ohlc_outliers: 605168 发现 1 行 OHLC 异常数据已过滤，日期: ['2020-03-31']
05:03:03 [WARNING] _filter_ohlc_outliers: 605178 发现 1 行 OHLC 异常数据已过滤，日期: ['2020-05-29']
05:03:14 [WARNING] _filter_ohlc_outliers: 605288 发现 1 行 OHLC 异常数据已过滤，日期: ['2020-03-31']
05:03:44 [WARNING] _filter_ohlc_outliers: 000018 发现 1 行 OHLC 异常数据已过滤，日期: ['2020-01-02']
05:03:49 [WARNING] _filter_ohlc_outliers: 000023 发现 1 行 OHLC 异常数据已过滤，日期: ['2024-07-23']
05:03:54 [WARNING] _filter_ohlc_outliers: 000038 发现 1 行 OHLC 异常数据已过滤，日期: ['2023-06-20']
05:04:02 [WARNING] _filter_ohlc_outliers: 000046 发现 1 行 OHLC 异常数据已过滤，日期: ['2023-12-26']
05:04:24 [WARNING] _filter_ohlc_outliers: 000338 发现 2 行 OHLC 异常数据已过滤，日期: ['2016-05-10', '2016-07-07']
05:04:29 [WARNING] _filter_ohlc_outliers: 000416 发现 1 行 OHLC 异常数据已过滤，日期: ['2024-04-23']
05:04:38 [WARNING] _filter_ohlc_outliers: 000502 发现 2 行 OHLC 异常数据已过滤，日期: ['2022-06-07', '2022-06-23']
05:04:44 [WARNING] _filter_ohlc_outliers: 000511 发现 1 行 OHLC 异常数据已过滤，日期: ['2018-07-16']
05:05:02 [WARNING] _filter_ohlc_outliers: 000540 发现 1 行 OHLC 异常数据已过滤，日期: ['2023-05-17']
05:05:27 [WARNING] _filter_ohlc_outliers: 000584 发现 1 行 OHLC 异常数据已过滤，日期: ['2025-06-23']
05:05:28 [WARNING] _filter_ohlc_outliers: 000585 发现 2 行 OHLC 异常数据已过滤，日期: ['2016-03-31', '2022-05-20']
05:05:41 [WARNING] _filter_ohlc_outliers: 000606 发现 1 行 OHLC 异常数据已过滤，日期: ['2023-06-14']
05:05:50 [WARNING] _filter_ohlc_outliers: 000613 发现 1 行 OHLC 异常数据已过滤，日期: ['2022-06-09']
05:05:55 [WARNING] _filter_ohlc_outliers: 000622 发现 1 行 OHLC 异常数据已过滤，日期: ['2025-06-26']
05:06:12 [WARNING] _filter_ohlc_outliers: 000662 发现 1 行 OHLC 异常数据已过滤，日期: ['2021-04-08']
05:06:21 [WARNING] _filter_ohlc_outliers: 000670 发现 1 行 OHLC 异常数据已过滤，日期: ['2020-03-17']
05:06:24 [WARNING] _filter_ohlc_outliers: 000673 发现 1 行 OHLC 异常数据已过滤，日期: ['2022-06-14']
05:06:30 [WARNING] _filter_ohlc_outliers: 000683 发现 1 行 OHLC 异常数据已过滤，日期: ['2016-02-18']
05:06:38 [WARNING] _filter_ohlc_outliers: 000708 发现 1 行 OHLC 异常数据已过滤，日期: ['2016-02-18']
05:06:48 [WARNING] _filter_ohlc_outliers: 000727 发现 1 行 OHLC 异常数据已过滤，日期: ['2016-11-14']
05:07:01 [WARNING] _filter_ohlc_outliers: 000760 发现 3 行 OHLC 异常数据已过滤，日期: ['2020-05-28', '2021-06-15', '2021-07-20']
05:07:20 [WARNING] _filter_ohlc_outliers: 000806 发现 1 行 OHLC 异常数据已过滤，日期: ['2023-07-03']
05:07:33 [WARNING] _filter_ohlc_outliers: 000820 发现 1 行 OHLC 异常数据已过滤，日期: ['2018-02-28']
05:07:39 [WARNING] _filter_ohlc_outliers: 000825 发现 1 行 OHLC 异常数据已过滤，日期: ['2016-02-17']
05:07:41 [WARNING] _filter_ohlc_outliers: 000830 发现 2 行 OHLC 异常数据已过滤，日期: ['2016-05-05', '2016-05-09']
05:08:30 [WARNING] _filter_ohlc_outliers: 000932 发现 3 行 OHLC 异常数据已过滤，日期: ['2016-02-18', '2016-03-23', '2016-08-10']
05:08:32 [WARNING] _filter_ohlc_outliers: 000933 发现 1 行 OHLC 异常数据已过滤，日期: ['2016-02-18']
05:08:35 [WARNING] _filter_ohlc_outliers: 000939 发现 3 行 OHLC 异常数据已过滤，日期: ['2019-04-25', '2020-11-06', '2020-12-15']
05:08:49 [WARNING] _filter_ohlc_outliers: 000971 发现 3 行 OHLC 异常数据已过滤，日期: ['2017-11-30', '2017-12-29', '2024-05-30']
05:08:54 [WARNING] _filter_ohlc_outliers: 000976 发现 5 行 OHLC 异常数据已过滤，日期: ['2024-04-26', '2024-05-31', '2024-06-28', '2024-07-10', '2024-07-24']
05:08:55 [WARNING] _filter_ohlc_outliers: 000979 发现 8 行 OHLC 异常数据已过滤，日期: ['2016-03-02', '2017-02-08', '2017-02-28', '2017-04-28', '2017-06-01']...
05:08:59 [WARNING] _filter_ohlc_outliers: 000982 发现 1 行 OHLC 异常数据已过滤，日期: ['2024-06-20']
05:09:09 [WARNING] _filter_ohlc_outliers: 001208 发现 1 行 OHLC 异常数据已过滤，日期: ['2021-06-28']
05:09:17 [WARNING] _filter_ohlc_outliers: 001283 发现 1 行 OHLC 异常数据已过滤，日期: ['2022-06-30']
05:09:46 [WARNING] _filter_ohlc_outliers: 002018 发现 1 行 OHLC 异常数据已过滤，日期: ['2019-10-29']
05:10:13 [WARNING] _filter_ohlc_outliers: 002070 发现 1 行 OHLC 异常数据已过滤，日期: ['2019-07-05']
05:10:24 [WARNING] _filter_ohlc_outliers: 002087 发现 2 行 OHLC 异常数据已过滤，日期: ['2024-06-07', '2024-06-26']
05:10:34 [WARNING] _filter_ohlc_outliers: 002110 发现 2 行 OHLC 异常数据已过滤，日期: ['2016-04-07', '2016-07-04']
05:10:41 [WARNING] _filter_ohlc_outliers: 002118 发现 3 行 OHLC 异常数据已过滤，日期: ['2022-04-27', '2022-07-04', '2023-06-14']
05:11:01 [WARNING] _filter_ohlc_outliers: 002143 发现 1 行 OHLC 异常数据已过滤，日期: ['2019-11-27']
05:11:05 [WARNING] _filter_ohlc_outliers: 002147 发现 1 行 OHLC 异常数据已过滤，日期: ['2022-06-02']
05:12:28 [WARNING] _filter_ohlc_outliers: 002260 发现 3 行 OHLC 异常数据已过滤，日期: ['2022-03-31', '2022-05-06', '2022-06-15']
05:14:18 [WARNING] _filter_ohlc_outliers: 002411 发现 1 行 OHLC 异常数据已过滤，日期: ['2023-06-20']
05:14:46 [WARNING] _filter_ohlc_outliers: 002447 发现 1 行 OHLC 异常数据已过滤，日期: ['2022-06-07']
05:14:59 [WARNING] _filter_ohlc_outliers: 002464 发现 1 行 OHLC 异常数据已过滤，日期: ['2022-06-08']
05:15:09 [WARNING] _filter_ohlc_outliers: 002473 发现 1 行 OHLC 异常数据已过滤，日期: ['2022-06-01']
05:15:14 [WARNING] _filter_ohlc_outliers: 002477 发现 1 行 OHLC 异常数据已过滤，日期: ['2019-10-14']
05:16:48 [WARNING] _filter_ohlc_outliers: 002604 发现 4 行 OHLC 异常数据已过滤，日期: ['2019-04-26', '2020-06-02', '2020-07-13', '2020-08-31']
05:16:57 [WARNING] _filter_ohlc_outliers: 002619 发现 2 行 OHLC 异常数据已过滤，日期: ['2018-03-30', '2022-03-29']
05:16:59 [WARNING] _filter_ohlc_outliers: 002621 发现 1 行 OHLC 异常数据已过滤，日期: ['2024-06-12']
05:17:50 [WARNING] _filter_ohlc_outliers: 002684 发现 2 行 OHLC 异常数据已过滤，日期: ['2022-06-07', '2022-06-23']
05:17:58 [WARNING] _filter_ohlc_outliers: 002699 发现 2 行 OHLC 异常数据已过滤，日期: ['2024-04-24', '2024-05-31']
05:18:01 [WARNING] _filter_ohlc_outliers: 002703 发现 1 行 OHLC 异常数据已过滤，日期: ['2016-03-31']
05:18:25 [WARNING] _filter_ohlc_outliers: 002739 发现 2 行 OHLC 异常数据已过滤，日期: ['2016-03-31', '2016-04-29']
05:18:33 [WARNING] _filter_ohlc_outliers: 002751 发现 1 行 OHLC 异常数据已过滤，日期: ['2023-06-21']
05:18:36 [WARNING] _filter_ohlc_outliers: 002756 发现 2 行 OHLC 异常数据已过滤，日期: ['2018-12-12', '2019-02-12']
05:18:46 [WARNING] _filter_ohlc_outliers: 002770 发现 1 行 OHLC 异常数据已过滤，日期: ['2022-06-02']
05:18:49 [WARNING] _filter_ohlc_outliers: 002776 发现 3 行 OHLC 异常数据已过滤，日期: ['2022-04-27', '2022-07-05', '2023-12-25']
05:19:04 [WARNING] _filter_ohlc_outliers: 002796 发现 1 行 OHLC 异常数据已过滤，日期: ['2016-03-31']
05:19:07 [WARNING] _filter_ohlc_outliers: 002799 发现 1 行 OHLC 异常数据已过滤，日期: ['2016-04-29']
05:19:07 [WARNING] _filter_ohlc_outliers: 002798 发现 1 行 OHLC 异常数据已过滤，日期: ['2016-03-31']
05:19:09 [WARNING] _filter_ohlc_outliers: 002803 发现 1 行 OHLC 异常数据已过滤，日期: ['2016-07-14']
05:19:37 [WARNING] _filter_ohlc_outliers: 002847 发现 1 行 OHLC 异常数据已过滤，日期: ['2017-02-10']
05:20:47 [WARNING] _filter_ohlc_outliers: 002975 发现 1 行 OHLC 异常数据已过滤，日期: ['2019-12-31']
05:20:49 [WARNING] _filter_ohlc_outliers: 002977 发现 1 行 OHLC 异常数据已过滤，日期: ['2020-01-23']
05:20:58 [WARNING] _filter_ohlc_outliers: 002991 发现 1 行 OHLC 异常数据已过滤，日期: ['2020-06-30']
05:22:02 [WARNING] _filter_ohlc_outliers: 300057 发现 1 行 OHLC 异常数据已过滤，日期: ['2016-03-31']
05:22:44 [WARNING] _filter_ohlc_outliers: 300104 发现 3 行 OHLC 异常数据已过滤，日期: ['2019-04-23', '2020-06-09', '2020-07-16']
05:23:49 [WARNING] _filter_ohlc_outliers: 300178 发现 1 行 OHLC 异常数据已过滤，日期: ['2022-06-20']
05:24:34 [WARNING] _filter_ohlc_outliers: 300223 发现 1 行 OHLC 异常数据已过滤，日期: ['2016-08-31']
05:25:14 [WARNING] _filter_ohlc_outliers: 300262 发现 1 行 OHLC 异常数据已过滤，日期: ['2024-06-17']
05:25:33 [WARNING] _filter_ohlc_outliers: 300280 发现 1 行 OHLC 异常数据已过滤，日期: ['2025-09-16']
05:26:38 [WARNING] _filter_ohlc_outliers: 300356 发现 1 行 OHLC 异常数据已过滤，日期: ['2023-06-21']
05:27:06 [WARNING] _filter_ohlc_outliers: 300390 发现 1 行 OHLC 异常数据已过滤，日期: ['2018-12-18']
05:27:42 [WARNING] _filter_ohlc_outliers: 300429 发现 1 行 OHLC 异常数据已过滤，日期: ['2015-11-30']
05:27:44 [WARNING] _filter_ohlc_outliers: 300431 发现 3 行 OHLC 异常数据已过滤，日期: ['2016-01-29', '2020-06-30', '2020-11-06']
05:28:01 [WARNING] _filter_ohlc_outliers: 300446 发现 1 行 OHLC 异常数据已过滤，日期: ['2015-12-31']
05:28:12 [WARNING] _filter_ohlc_outliers: 300456 发现 1 行 OHLC 异常数据已过滤，日期: ['2015-12-31']
05:28:15 [WARNING] _filter_ohlc_outliers: 300458 发现 1 行 OHLC 异常数据已过滤，日期: ['2015-11-30']
05:28:40 [WARNING] _filter_ohlc_outliers: 300488 发现 1 行 OHLC 异常数据已过滤，日期: ['2016-08-31']
05:28:59 [WARNING] _filter_ohlc_outliers: 300507 发现 1 行 OHLC 异常数据已过滤，日期: ['2016-02-29']
05:29:15 [WARNING] _filter_ohlc_outliers: 300526 发现 2 行 OHLC 异常数据已过滤，日期: ['2017-06-01', '2023-06-20']
05:31:03 [WARNING] _filter_ohlc_outliers: 300649 发现 1 行 OHLC 异常数据已过滤，日期: ['2017-03-31']
05:31:08 [WARNING] _filter_ohlc_outliers: 300654 发现 1 行 OHLC 异常数据已过滤，日期: ['2017-09-28']
05:31:46 [WARNING] _filter_ohlc_outliers: 300695 发现 1 行 OHLC 异常数据已过滤，日期: ['2017-06-30']
05:32:24 [WARNING] _filter_ohlc_outliers: 300741 发现 1 行 OHLC 异常数据已过滤，日期: ['2017-12-29']
05:32:29 [WARNING] _filter_ohlc_outliers: 300747 发现 1 行 OHLC 异常数据已过滤，日期: ['2018-03-30']
05:32:46 [WARNING] _filter_ohlc_outliers: 300771 发现 1 行 OHLC 异常数据已过滤，日期: ['2019-01-31']
05:32:58 [WARNING] _filter_ohlc_outliers: 300789 发现 1 行 OHLC 异常数据已过滤，日期: ['2019-05-31']
05:33:30 [WARNING] _filter_ohlc_outliers: 300841 发现 1 行 OHLC 异常数据已过滤，日期: ['2020-03-31']
05:33:41 [WARNING] _filter_ohlc_outliers: 300862 发现 1 行 OHLC 异常数据已过滤，日期: ['2020-06-30']
05:35:22 [WARNING] _filter_ohlc_outliers: 301095 发现 1 行 OHLC 异常数据已过滤，日期: ['2022-06-30']
05:35:36 [WARNING] _filter_ohlc_outliers: 301135 发现 1 行 OHLC 异常数据已过滤，日期: ['2022-02-28']
05:35:38 [WARNING] _filter_ohlc_outliers: 301150 发现 1 行 OHLC 异常数据已过滤，日期: ['2022-02-28']
05:35:49 [WARNING] _filter_ohlc_outliers: 301191 发现 1 行 OHLC 异常数据已过滤，日期: ['2022-02-28']
05:35:54 [WARNING] _filter_ohlc_outliers: 301203 发现 1 行 OHLC 异常数据已过滤，日期: ['2023-02-28']
05:35:57 [WARNING] _filter_ohlc_outliers: 301212 发现 1 行 OHLC 异常数据已过滤，日期: ['2022-02-28']
05:36:11 [WARNING] _filter_ohlc_outliers: 301248 发现 1 行 OHLC 异常数据已过滤，日期: ['2022-02-28']
05:36:17 [WARNING] _filter_ohlc_outliers: 301268 发现 1 行 OHLC 异常数据已过滤，日期: ['2022-02-28']
05:36:18 [WARNING] _filter_ohlc_outliers: 301269 发现 1 行 OHLC 异常数据已过滤，日期: ['2022-06-30']
05:36:27 [WARNING] _filter_ohlc_outliers: 301308 发现 1 行 OHLC 异常数据已过滤，日期: ['2022-06-30']
05:36:42 [WARNING] _filter_ohlc_outliers: 301367 发现 1 行 OHLC 异常数据已过滤，日期: ['2022-09-30']
05:36:49 [WARNING] _filter_ohlc_outliers: 301393 发现 1 行 OHLC 异常数据已过滤，日期: ['2023-05-31']
05:37:01 [WARNING] _filter_ohlc_outliers: 301528 发现 1 行 OHLC 异常数据已过滤，日期: ['2023-06-30']
05:37:08 [WARNING] _filter_ohlc_outliers: 301589 发现 1 行 OHLC 异常数据已过滤，日期: ['2023-12-29']
05:37:08 [WARNING] _filter_ohlc_outliers: 301590 发现 1 行 OHLC 异常数据已过滤，日期: ['2025-04-30']
05:37:11 [WARNING] _filter_ohlc_outliers: 301626 发现 1 行 OHLC 异常数据已过滤，日期: ['2024-08-30']
05:37:11 [WARNING] _filter_ohlc_outliers: 301630 发现 1 行 OHLC 异常数据已过滤，日期: ['2025-05-30']
05:37:11 [WARNING] _filter_ohlc_outliers: 301629 发现 1 行 OHLC 异常数据已过滤，日期: ['2025-01-27']
05:37:11 [WARNING] _filter_ohlc_outliers: 301631 发现 1 行 OHLC 异常数据已过滤，日期: ['2024-09-30']
05:37:28 [WARNING] _filter_ohlc_outliers: 600069 发现 1 行 OHLC 异常数据已过滤，日期: ['2020-08-19']
05:37:29 [WARNING] _filter_ohlc_outliers: 600074 发现 4 行 OHLC 异常数据已过滤，日期: ['2019-04-24', '2020-02-28', '2020-04-13', '2020-05-25']
05:37:34 [WARNING] _filter_ohlc_outliers: 600077 发现 1 行 OHLC 异常数据已过滤，日期: ['2023-06-12']
05:37:39 [WARNING] _filter_ohlc_outliers: 600083 发现 1 行 OHLC 异常数据已过滤，日期: ['2025-01-15']
05:37:44 [WARNING] _filter_ohlc_outliers: 600093 发现 1 行 OHLC 异常数据已过滤，日期: ['2022-05-27']
05:38:07 [WARNING] _filter_ohlc_outliers: 600122 发现 1 行 OHLC 异常数据已过滤，日期: ['2023-05-25']
05:38:18 [WARNING] _filter_ohlc_outliers: 600145 发现 1 行 OHLC 异常数据已过滤，日期: ['2022-04-20']
05:38:20 [WARNING] _filter_ohlc_outliers: 600146 发现 1 行 OHLC 异常数据已过滤，日期: ['2022-06-06']
05:38:53 [WARNING] _filter_ohlc_outliers: 600209 发现 1 行 OHLC 异常数据已过滤，日期: ['2022-05-26']
05:38:58 [WARNING] _filter_ohlc_outliers: 600220 发现 1 行 OHLC 异常数据已过滤，日期: ['2024-06-12']
05:39:03 [WARNING] _filter_ohlc_outliers: 600225 发现 1 行 OHLC 异常数据已过滤，日期: ['2025-02-10']
05:39:25 [WARNING] _filter_ohlc_outliers: 600256 发现 2 行 OHLC 异常数据已过滤，日期: ['2016-02-18', '2020-05-15']
05:39:29 [WARNING] _filter_ohlc_outliers: 600260 发现 1 行 OHLC 异常数据已过滤，日期: ['2023-01-30']
05:39:44 [WARNING] _filter_ohlc_outliers: 600291 发现 1 行 OHLC 异常数据已过滤，日期: ['2022-06-06']
05:39:47 [WARNING] _filter_ohlc_outliers: 600295 发现 1 行 OHLC 异常数据已过滤，日期: ['2016-05-10']
05:39:53 [WARNING] _filter_ohlc_outliers: 600306 发现 2 行 OHLC 异常数据已过滤，日期: ['2024-06-03', '2024-06-18']
05:39:55 [WARNING] _filter_ohlc_outliers: 600309 发现 1 行 OHLC 异常数据已过滤，日期: ['2016-06-01']
05:40:02 [WARNING] _filter_ohlc_outliers: 600321 发现 2 行 OHLC 异常数据已过滤，日期: ['2016-06-30', '2024-05-29']
05:40:05 [WARNING] _filter_ohlc_outliers: 600325 发现 1 行 OHLC 异常数据已过滤，日期: ['2016-02-18']
05:40:40 [WARNING] _filter_ohlc_outliers: 600385 发现 2 行 OHLC 异常数据已过滤，日期: ['2022-06-28', '2022-06-30']
05:40:42 [WARNING] _filter_ohlc_outliers: 600389 发现 1 行 OHLC 异常数据已过滤，日期: ['2016-03-31']
05:40:50 [WARNING] _filter_ohlc_outliers: 600401 发现 4 行 OHLC 异常数据已过滤，日期: ['2016-03-02', '2018-02-01', '2019-05-28', '2019-07-05']
05:41:01 [WARNING] _filter_ohlc_outliers: 600432 发现 1 行 OHLC 异常数据已过滤，日期: ['2018-07-10']
05:41:24 [WARNING] _filter_ohlc_outliers: 600485 发现 1 行 OHLC 异常数据已过滤，日期: ['2020-04-16']
05:41:40 [WARNING] _filter_ohlc_outliers: 600507 发现 4 行 OHLC 异常数据已过滤，日期: ['2016-12-05', '2016-12-22', '2016-12-26', '2017-01-06']
05:41:55 [WARNING] _filter_ohlc_outliers: 600532 发现 1 行 OHLC 异常数据已过滤，日期: ['2023-05-31']
05:42:06 [WARNING] _filter_ohlc_outliers: 600546 发现 3 行 OHLC 异常数据已过滤，日期: ['2017-07-14', '2018-01-23', '2018-02-07']
05:42:11 [WARNING] _filter_ohlc_outliers: 600555 发现 1 行 OHLC 异常数据已过滤，日期: ['2022-06-17']
05:42:51 [WARNING] _filter_ohlc_outliers: 600634 发现 3 行 OHLC 异常数据已过滤，日期: ['2020-11-23', '2021-06-03', '2021-07-13']
05:43:02 [WARNING] _filter_ohlc_outliers: 600647 发现 1 行 OHLC 异常数据已过滤，日期: ['2024-06-06']
05:43:06 [WARNING] _filter_ohlc_outliers: 600652 发现 1 行 OHLC 异常数据已过滤，日期: ['2022-06-14']
05:43:35 [WARNING] _filter_ohlc_outliers: 600701 发现 3 行 OHLC 异常数据已过滤，日期: ['2020-04-24', '2021-03-17', '2021-04-22']
05:43:50 [WARNING] _filter_ohlc_outliers: 600725 发现 3 行 OHLC 异常数据已过滤，日期: ['2016-02-18', '2016-09-20', '2017-12-05']
05:43:56 [WARNING] _filter_ohlc_outliers: 600734 发现 4 行 OHLC 异常数据已过滤，日期: ['2016-04-15', '2017-07-14', '2017-12-15', '2018-07-03']
05:44:17 [WARNING] _filter_ohlc_outliers: 600766 发现 1 行 OHLC 异常数据已过滤，日期: ['2024-06-06']
05:44:17 [WARNING] _filter_ohlc_outliers: 600767 发现 1 行 OHLC 异常数据已过滤，日期: ['2023-06-01']
05:44:26 [WARNING] _filter_ohlc_outliers: 600781 发现 3 行 OHLC 异常数据已过滤，日期: ['2022-04-27', '2022-07-04', '2023-06-16']
05:44:28 [WARNING] _filter_ohlc_outliers: 600782 发现 1 行 OHLC 异常数据已过滤，日期: ['2016-02-18']
05:44:49 [WARNING] _filter_ohlc_outliers: 600823 发现 2 行 OHLC 异常数据已过滤，日期: ['2024-05-14', '2024-05-31']
05:45:10 [WARNING] _filter_ohlc_outliers: 600863 发现 1 行 OHLC 异常数据已过滤，日期: ['2016-02-18']
05:45:14 [WARNING] _filter_ohlc_outliers: 600870 发现 1 行 OHLC 异常数据已过滤，日期: ['2022-06-06']
05:45:27 [WARNING] _filter_ohlc_outliers: 600890 发现 2 行 OHLC 异常数据已过滤，日期: ['2022-05-26', '2022-06-14']
05:45:28 [WARNING] _filter_ohlc_outliers: 600891 发现 3 行 OHLC 异常数据已过滤，日期: ['2020-02-26', '2021-03-22', '2021-04-28']
05:45:32 [WARNING] _filter_ohlc_outliers: 600896 发现 2 行 OHLC 异常数据已过滤，日期: ['2016-06-30', '2022-07-15']
05:45:34 [WARNING] _filter_ohlc_outliers: 600898 发现 1 行 OHLC 异常数据已过滤，日期: ['2025-01-09']
05:46:44 [WARNING] _filter_ohlc_outliers: 601212 发现 1 行 OHLC 异常数据已过滤，日期: ['2017-02-16']
05:46:45 [WARNING] _filter_ohlc_outliers: 601225 发现 11 行 OHLC 异常数据已过滤，日期: ['2017-07-14', '2017-07-20', '2017-08-03', '2017-11-15', '2017-11-16']...
05:47:15 [WARNING] _filter_ohlc_outliers: 601619 发现 1 行 OHLC 异常数据已过滤，日期: ['2017-07-24']
05:47:33 [WARNING] _filter_ohlc_outliers: 601868 发现 1 行 OHLC 异常数据已过滤，日期: ['2021-10-12']
05:48:09 [WARNING] _filter_ohlc_outliers: 603007 发现 1 行 OHLC 异常数据已过滤，日期: ['2016-08-30']
05:48:24 [WARNING] _filter_ohlc_outliers: 603027 发现 1 行 OHLC 异常数据已过滤，日期: ['2016-03-09']
05:49:04 [WARNING] _filter_ohlc_outliers: 603101 发现 1 行 OHLC 异常数据已过滤，日期: ['2016-03-31']
05:49:21 [WARNING] _filter_ohlc_outliers: 603133 发现 1 行 OHLC 异常数据已过滤，日期: ['2024-06-06']
05:49:25 [WARNING] _filter_ohlc_outliers: 603157 发现 1 行 OHLC 异常数据已过滤，日期: ['2022-05-16']
05:50:14 [WARNING] _filter_ohlc_outliers: 603283 发现 1 行 OHLC 异常数据已过滤，日期: ['2017-09-29']
05:50:44 [WARNING] _filter_ohlc_outliers: 603353 发现 1 行 OHLC 异常数据已过滤，日期: ['2020-02-28']
05:50:48 [WARNING] _filter_ohlc_outliers: 603360 发现 1 行 OHLC 异常数据已过滤，日期: ['2017-02-08']
05:51:25 [WARNING] _filter_ohlc_outliers: 603555 发现 1 行 OHLC 异常数据已过滤，日期: ['2024-03-06']
05:51:45 [WARNING] _filter_ohlc_outliers: 603603 发现 1 行 OHLC 异常数据已过滤，日期: ['2024-03-27']
05:51:54 [WARNING] _filter_ohlc_outliers: 603619 发现 1 行 OHLC 异常数据已过滤，日期: ['2017-09-29']
05:52:38 [WARNING] _filter_ohlc_outliers: 603729 发现 2 行 OHLC 异常数据已过滤，日期: ['2017-07-31', '2017-08-31']
05:52:41 [WARNING] _filter_ohlc_outliers: 603737 发现 2 行 OHLC 异常数据已过滤，日期: ['2016-03-31', '2016-06-07']
05:52:53 [WARNING] _filter_ohlc_outliers: 603809 发现 1 行 OHLC 异常数据已过滤，日期: ['2017-09-29']
05:53:12 [WARNING] _filter_ohlc_outliers: 603878 发现 1 行 OHLC 异常数据已过滤，日期: ['2016-10-31']
05:54:08 [WARNING] _filter_ohlc_outliers: 603996 发现 1 行 OHLC 异常数据已过滤，日期: ['2022-04-25']
05:54:25 [WARNING] _filter_ohlc_outliers: 605168 发现 1 行 OHLC 异常数据已过滤，日期: ['2020-03-31']
05:54:27 [WARNING] _filter_ohlc_outliers: 605178 发现 1 行 OHLC 异常数据已过滤，日期: ['2020-05-29']
05:54:38 [WARNING] _filter_ohlc_outliers: 605288 发现 1 行 OHLC 异常数据已过滤，日期: ['2020-03-31']
05:56:21 [WARNING] _filter_ohlc_outliers: 000670 发现 1 行 OHLC 异常数据已过滤，日期: ['2020-03-17']
05:56:24 [WARNING] _filter_ohlc_outliers: 000683 发现 1 行 OHLC 异常数据已过滤，日期: ['2016-02-18']
05:56:33 [WARNING] _filter_ohlc_outliers: 000708 发现 1 行 OHLC 异常数据已过滤，日期: ['2016-02-18']
05:56:54 [WARNING] _filter_ohlc_outliers: 000789 发现 1 行 OHLC 异常数据已过滤，日期: ['2016-02-18']
05:57:29 [WARNING] _filter_ohlc_outliers: 000983 发现 1 行 OHLC 异常数据已过滤，日期: ['2016-02-18']
05:57:33 [WARNING] _filter_ohlc_outliers: 000995 发现 1 行 OHLC 异常数据已过滤，日期: ['2019-04-23']
06:00:51 [WARNING] _filter_ohlc_outliers: 002523 发现 1 行 OHLC 异常数据已过滤，日期: ['2016-02-18']
06:02:26 [WARNING] _filter_ohlc_outliers: 002799 发现 1 行 OHLC 异常数据已过滤，日期: ['2016-04-29']
06:02:29 [WARNING] _filter_ohlc_outliers: 002801 发现 1 行 OHLC 异常数据已过滤，日期: ['2016-03-31']
06:05:44 [WARNING] _filter_ohlc_outliers: 300429 发现 1 行 OHLC 异常数据已过滤，日期: ['2015-11-30']
06:06:04 [WARNING] _filter_ohlc_outliers: 300488 发现 1 行 OHLC 异常数据已过滤，日期: ['2016-08-31']
06:06:08 [WARNING] _filter_ohlc_outliers: 300507 发现 1 行 OHLC 异常数据已过滤，日期: ['2016-02-29']
06:06:31 [WARNING] _filter_ohlc_outliers: 300583 发现 1 行 OHLC 异常数据已过滤，日期: ['2016-10-31']
06:06:40 [WARNING] _filter_ohlc_outliers: 300628 发现 1 行 OHLC 异常数据已过滤，日期: ['2017-03-22']
06:07:13 [WARNING] _filter_ohlc_outliers: 300747 发现 1 行 OHLC 异常数据已过滤，日期: ['2018-03-30']
06:07:17 [WARNING] _filter_ohlc_outliers: 300771 发现 1 行 OHLC 异常数据已过滤，日期: ['2019-01-31']
06:07:20 [WARNING] _filter_ohlc_outliers: 300789 发现 1 行 OHLC 异常数据已过滤，日期: ['2019-05-31']
06:07:33 [WARNING] _filter_ohlc_outliers: 300865 发现 1 行 OHLC 异常数据已过滤，日期: ['2020-06-30']
06:08:01 [WARNING] _filter_ohlc_outliers: 301047 发现 1 行 OHLC 异常数据已过滤，日期: ['2021-06-30']
06:08:56 [WARNING] _filter_ohlc_outliers: 301589 发现 1 行 OHLC 异常数据已过滤，日期: ['2023-12-29']
06:08:58 [WARNING] _filter_ohlc_outliers: 301630 发现 1 行 OHLC 异常数据已过滤，日期: ['2025-05-30']
06:09:54 [WARNING] _filter_ohlc_outliers: 600256 发现 2 行 OHLC 异常数据已过滤，日期: ['2016-02-18', '2020-05-15']
06:10:13 [WARNING] _filter_ohlc_outliers: 600309 发现 1 行 OHLC 异常数据已过滤，日期: ['2016-06-01']
06:10:59 [WARNING] _filter_ohlc_outliers: 600507 发现 4 行 OHLC 异常数据已过滤，日期: ['2016-12-05', '2016-12-22', '2016-12-26', '2017-01-06']
06:11:17 [WARNING] _filter_ohlc_outliers: 600546 发现 3 行 OHLC 异常数据已过滤，日期: ['2017-07-14', '2018-01-23', '2018-02-07']
06:11:26 [WARNING] _filter_ohlc_outliers: 600596 发现 1 行 OHLC 异常数据已过滤，日期: ['2016-02-17']
06:14:13 [WARNING] _filter_ohlc_outliers: 601868 发现 1 行 OHLC 异常数据已过滤，日期: ['2021-10-12']
06:14:37 [WARNING] _filter_ohlc_outliers: 603027 发现 1 行 OHLC 异常数据已过滤，日期: ['2016-03-09']
06:15:08 [WARNING] _filter_ohlc_outliers: 603195 发现 1 行 OHLC 异常数据已过滤，日期: ['2019-12-31']
06:15:16 [WARNING] _filter_ohlc_outliers: 603229 发现 1 行 OHLC 异常数据已过滤，日期: ['2017-05-11']
06:15:34 [WARNING] _filter_ohlc_outliers: 603336 发现 1 行 OHLC 异常数据已过滤，日期: ['2016-11-28']
06:16:51 [WARNING] _filter_ohlc_outliers: 603809 发现 1 行 OHLC 异常数据已过滤，日期: ['2017-09-29']
06:17:42 [WARNING] _filter_ohlc_outliers: 605167 发现 1 行 OHLC 异常数据已过滤，日期: ['2021-07-28']
06:17:44 [WARNING] _filter_ohlc_outliers: 605168 发现 1 行 OHLC 异常数据已过滤，日期: ['2020-03-31']
06:18:49 [WARNING] _filter_ohlc_outliers: 000670 发现 1 行 OHLC 异常数据已过滤，日期: ['2020-03-17']
06:18:57 [WARNING] _filter_ohlc_outliers: 000708 发现 1 行 OHLC 异常数据已过滤，日期: ['2016-02-18']
06:19:16 [WARNING] _filter_ohlc_outliers: 000789 发现 1 行 OHLC 异常数据已过滤，日期: ['2016-02-18']
06:19:28 [WARNING] _filter_ohlc_outliers: 000932 发现 3 行 OHLC 异常数据已过滤，日期: ['2016-02-18', '2016-03-23', '2016-08-10']
06:19:34 [WARNING] _filter_ohlc_outliers: 000995 发现 1 行 OHLC 异常数据已过滤，日期: ['2019-04-23']
06:23:45 [WARNING] _filter_ohlc_outliers: 002799 发现 1 行 OHLC 异常数据已过滤，日期: ['2016-04-29']
06:23:48 [WARNING] _filter_ohlc_outliers: 002801 发现 1 行 OHLC 异常数据已过滤，日期: ['2016-03-31']
06:26:42 [WARNING] _filter_ohlc_outliers: 300446 发现 1 行 OHLC 异常数据已过滤，日期: ['2015-12-31']
06:26:51 [WARNING] _filter_ohlc_outliers: 300458 发现 1 行 OHLC 异常数据已过滤，日期: ['2015-11-30']
06:27:03 [WARNING] _filter_ohlc_outliers: 300507 发现 1 行 OHLC 异常数据已过滤，日期: ['2016-02-29']
06:27:25 [WARNING] _filter_ohlc_outliers: 300583 发现 1 行 OHLC 异常数据已过滤，日期: ['2016-10-31']
06:27:39 [WARNING] _filter_ohlc_outliers: 300654 发现 1 行 OHLC 异常数据已过滤，日期: ['2017-09-28']
06:27:56 [WARNING] _filter_ohlc_outliers: 300747 发现 1 行 OHLC 异常数据已过滤，日期: ['2018-03-30']
06:28:01 [WARNING] _filter_ohlc_outliers: 300789 发现 1 行 OHLC 异常数据已过滤，日期: ['2019-05-31']
06:28:11 [WARNING] _filter_ohlc_outliers: 300865 发现 1 行 OHLC 异常数据已过滤，日期: ['2020-06-30']
06:28:38 [WARNING] _filter_ohlc_outliers: 301047 发现 1 行 OHLC 异常数据已过滤，日期: ['2021-06-30']
06:29:33 [WARNING] _filter_ohlc_outliers: 301589 发现 1 行 OHLC 异常数据已过滤，日期: ['2023-12-29']
06:29:36 [WARNING] _filter_ohlc_outliers: 301630 发现 1 行 OHLC 异常数据已过滤，日期: ['2025-05-30']
06:30:30 [WARNING] _filter_ohlc_outliers: 600256 发现 2 行 OHLC 异常数据已过滤，日期: ['2016-02-18', '2020-05-15']
06:30:53 [WARNING] _filter_ohlc_outliers: 600309 发现 1 行 OHLC 异常数据已过滤，日期: ['2016-06-01']
06:31:43 [WARNING] _filter_ohlc_outliers: 600507 发现 4 行 OHLC 异常数据已过滤，日期: ['2016-12-05', '2016-12-22', '2016-12-26', '2017-01-06']
06:32:03 [WARNING] _filter_ohlc_outliers: 600546 发现 3 行 OHLC 异常数据已过滤，日期: ['2017-07-14', '2018-01-23', '2018-02-07']
06:32:12 [WARNING] _filter_ohlc_outliers: 600596 发现 1 行 OHLC 异常数据已过滤，日期: ['2016-02-17']
06:34:40 [WARNING] _filter_ohlc_outliers: 601333 发现 1 行 OHLC 异常数据已过滤，日期: ['2016-02-18']
06:35:14 [WARNING] _filter_ohlc_outliers: 603027 发现 1 行 OHLC 异常数据已过滤，日期: ['2016-03-09']
06:35:48 [WARNING] _filter_ohlc_outliers: 603195 发现 1 行 OHLC 异常数据已过滤，日期: ['2019-12-31']
06:36:06 [WARNING] _filter_ohlc_outliers: 603336 发现 1 行 OHLC 异常数据已过滤，日期: ['2016-11-28']
06:37:23 [WARNING] _filter_ohlc_outliers: 603809 发现 1 行 OHLC 异常数据已过滤，日期: ['2017-09-29']
06:38:16 [WARNING] _filter_ohlc_outliers: 605167 发现 1 行 OHLC 异常数据已过滤，日期: ['2021-07-28']
06:38:17 [WARNING] _filter_ohlc_outliers: 605168 发现 1 行 OHLC 异常数据已过滤，日期: ['2020-03-31']
06:39:18 [WARNING] _filter_ohlc_outliers: 000670 发现 1 行 OHLC 异常数据已过滤，日期: ['2020-03-17']
06:39:24 [WARNING] _filter_ohlc_outliers: 000708 发现 1 行 OHLC 异常数据已过滤，日期: ['2016-02-18']
06:39:31 [WARNING] _filter_ohlc_outliers: 000725 发现 1 行 OHLC 异常数据已过滤，日期: ['2016-02-18']
06:39:57 [WARNING] _filter_ohlc_outliers: 000932 发现 3 行 OHLC 异常数据已过滤，日期: ['2016-02-18', '2016-03-23', '2016-08-10']
06:40:03 [WARNING] _filter_ohlc_outliers: 000995 发现 1 行 OHLC 异常数据已过滤，日期: ['2019-04-23']
06:40:09 [WARNING] _filter_ohlc_outliers: 001208 发现 1 行 OHLC 异常数据已过滤，日期: ['2021-06-28']
06:43:42 [WARNING] _filter_ohlc_outliers: 002799 发现 1 行 OHLC 异常数据已过滤，日期: ['2016-04-29']
06:44:31 [WARNING] _filter_ohlc_outliers: 300057 发现 1 行 OHLC 异常数据已过滤，日期: ['2016-03-31']
06:45:52 [WARNING] _filter_ohlc_outliers: 300446 发现 1 行 OHLC 异常数据已过滤，日期: ['2015-12-31']
06:45:58 [WARNING] _filter_ohlc_outliers: 300458 发现 1 行 OHLC 异常数据已过滤，日期: ['2015-11-30']
06:46:24 [WARNING] _filter_ohlc_outliers: 300583 发现 1 行 OHLC 异常数据已过滤，日期: ['2016-10-31']
06:46:33 [WARNING] _filter_ohlc_outliers: 300654 发现 1 行 OHLC 异常数据已过滤，日期: ['2017-09-28']
06:46:51 [WARNING] _filter_ohlc_outliers: 300747 发现 1 行 OHLC 异常数据已过滤，日期: ['2018-03-30']
06:46:55 [WARNING] _filter_ohlc_outliers: 300789 发现 1 行 OHLC 异常数据已过滤，日期: ['2019-05-31']
06:47:27 [WARNING] _filter_ohlc_outliers: 301047 发现 1 行 OHLC 异常数据已过滤，日期: ['2021-06-30']
06:47:37 [WARNING] _filter_ohlc_outliers: 301097 发现 1 行 OHLC 异常数据已过滤，日期: ['2022-02-28']
06:47:45 [WARNING] _filter_ohlc_outliers: 301177 发现 1 行 OHLC 异常数据已过滤，日期: ['2021-10-29']
06:47:50 [WARNING] _filter_ohlc_outliers: 301212 发现 1 行 OHLC 异常数据已过滤，日期: ['2022-02-28']
06:48:05 [WARNING] _filter_ohlc_outliers: 301369 发现 1 行 OHLC 异常数据已过滤，日期: ['2022-07-29']
06:48:11 [WARNING] _filter_ohlc_outliers: 301589 发现 1 行 OHLC 异常数据已过滤，日期: ['2023-12-29']
06:48:13 [WARNING] _filter_ohlc_outliers: 301626 发现 1 行 OHLC 异常数据已过滤，日期: ['2024-08-30']
06:49:52 [WARNING] _filter_ohlc_outliers: 600390 发现 1 行 OHLC 异常数据已过滤，日期: ['2016-03-31']
06:51:51 [WARNING] _filter_ohlc_outliers: 601333 发现 1 行 OHLC 异常数据已过滤，日期: ['2016-02-18']
06:52:51 [WARNING] _filter_ohlc_outliers: 603229 发现 1 行 OHLC 异常数据已过滤，日期: ['2017-05-11']
06:53:40 [WARNING] _filter_ohlc_outliers: 603737 发现 2 行 OHLC 异常数据已过滤，日期: ['2016-03-31', '2016-06-07']
06:54:18 [WARNING] _filter_ohlc_outliers: 605288 发现 1 行 OHLC 异常数据已过滤，日期: ['2020-03-31']
06:54:58 [WARNING] _filter_ohlc_outliers: 000670 发现 1 行 OHLC 异常数据已过滤，日期: ['2020-03-17']
06:55:18 [WARNING] _filter_ohlc_outliers: 000825 发现 1 行 OHLC 异常数据已过滤，日期: ['2016-02-17']
06:55:20 [WARNING] _filter_ohlc_outliers: 000830 发现 2 行 OHLC 异常数据已过滤，日期: ['2016-05-05', '2016-05-09']
06:55:30 [WARNING] _filter_ohlc_outliers: 000933 发现 1 行 OHLC 异常数据已过滤，日期: ['2016-02-18']
06:55:35 [WARNING] _filter_ohlc_outliers: 000983 发现 1 行 OHLC 异常数据已过滤，日期: ['2016-02-18']
06:55:37 [WARNING] _filter_ohlc_outliers: 000995 发现 1 行 OHLC 异常数据已过滤，日期: ['2019-04-23']
06:55:43 [WARNING] _filter_ohlc_outliers: 001227 发现 1 行 OHLC 异常数据已过滤，日期: ['2022-01-19']
07:00:26 [WARNING] _filter_ohlc_outliers: 300458 发现 1 行 OHLC 异常数据已过滤，日期: ['2015-11-30']
07:00:43 [WARNING] _filter_ohlc_outliers: 300583 发现 1 行 OHLC 异常数据已过滤，日期: ['2016-10-31']
07:01:45 [WARNING] _filter_ohlc_outliers: 301047 发现 1 行 OHLC 异常数据已过滤，日期: ['2021-06-30']
07:01:53 [WARNING] _filter_ohlc_outliers: 301097 发现 1 行 OHLC 异常数据已过滤，日期: ['2022-02-28']
07:02:02 [WARNING] _filter_ohlc_outliers: 301177 发现 1 行 OHLC 异常数据已过滤，日期: ['2021-10-29']
07:02:07 [WARNING] _filter_ohlc_outliers: 301212 发现 1 行 OHLC 异常数据已过滤，日期: ['2022-02-28']
07:02:22 [WARNING] _filter_ohlc_outliers: 301369 发现 1 行 OHLC 异常数据已过滤，日期: ['2022-07-29']
07:02:27 [WARNING] _filter_ohlc_outliers: 301589 发现 1 行 OHLC 异常数据已过滤，日期: ['2023-12-29']
07:02:29 [WARNING] _filter_ohlc_outliers: 301626 发现 1 行 OHLC 异常数据已过滤，日期: ['2024-08-30']
07:05:52 [WARNING] _filter_ohlc_outliers: 601333 发现 1 行 OHLC 异常数据已过滤，日期: ['2016-02-18']
07:08:18 [WARNING] _filter_ohlc_outliers: 001208 发现 1 行 OHLC 异常数据已过滤，日期: ['2021-06-28']
07:10:09 [WARNING] _filter_ohlc_outliers: 300458 发现 1 行 OHLC 异常数据已过滤，日期: ['2015-11-30']
07:10:13 [WARNING] _filter_ohlc_outliers: 300654 发现 1 行 OHLC 异常数据已过滤，日期: ['2017-09-28']
07:10:41 [WARNING] _filter_ohlc_outliers: 301047 发现 1 行 OHLC 异常数据已过滤，日期: ['2021-06-30']
07:10:48 [WARNING] _filter_ohlc_outliers: 301097 发现 1 行 OHLC 异常数据已过滤，日期: ['2022-02-28']
07:10:57 [WARNING] _filter_ohlc_outliers: 301177 发现 1 行 OHLC 异常数据已过滤，日期: ['2021-10-29']
07:11:00 [WARNING] _filter_ohlc_outliers: 301212 发现 1 行 OHLC 异常数据已过滤，日期: ['2022-02-28']
07:11:09 [WARNING] _filter_ohlc_outliers: 301327 发现 1 行 OHLC 异常数据已过滤，日期: ['2022-07-29']
07:11:13 [WARNING] _filter_ohlc_outliers: 301369 发现 1 行 OHLC 异常数据已过滤，日期: ['2022-07-29']
07:11:17 [WARNING] _filter_ohlc_outliers: 301525 发现 1 行 OHLC 异常数据已过滤，日期: ['2023-07-31']
07:11:19 [WARNING] _filter_ohlc_outliers: 301589 发现 1 行 OHLC 异常数据已过滤，日期: ['2023-12-29']
07:11:20 [WARNING] _filter_ohlc_outliers: 301626 发现 1 行 OHLC 异常数据已过滤，日期: ['2024-08-30']
07:11:20 [WARNING] _filter_ohlc_outliers: 301631 发现 1 行 OHLC 异常数据已过滤，日期: ['2024-09-30']
07:13:19 [WARNING] _filter_ohlc_outliers: 603195 发现 1 行 OHLC 异常数据已过滤，日期: ['2019-12-31']
07:13:28 [WARNING] _filter_ohlc_outliers: 603823 发现 1 行 OHLC 异常数据已过滤，日期: ['2016-10-31']
07:14:43 [WARNING] _filter_ohlc_outliers: 301047 发现 1 行 OHLC 异常数据已过滤，日期: ['2021-06-30']
07:14:50 [WARNING] _filter_ohlc_outliers: 301097 发现 1 行 OHLC 异常数据已过滤，日期: ['2022-02-28']
07:15:00 [WARNING] _filter_ohlc_outliers: 301177 发现 1 行 OHLC 异常数据已过滤，日期: ['2021-10-29']
07:15:04 [WARNING] _filter_ohlc_outliers: 301212 发现 1 行 OHLC 异常数据已过滤，日期: ['2022-02-28']
07:15:14 [WARNING] _filter_ohlc_outliers: 301327 发现 1 行 OHLC 异常数据已过滤，日期: ['2022-07-29']
07:15:18 [WARNING] _filter_ohlc_outliers: 301369 发现 1 行 OHLC 异常数据已过滤，日期: ['2022-07-29']
07:15:22 [WARNING] _filter_ohlc_outliers: 301525 发现 1 行 OHLC 异常数据已过滤，日期: ['2023-07-31']
07:15:24 [WARNING] _filter_ohlc_outliers: 301589 发现 1 行 OHLC 异常数据已过滤，日期: ['2023-12-29']
07:15:26 [WARNING] _filter_ohlc_outliers: 301626 发现 1 行 OHLC 异常数据已过滤，日期: ['2024-08-30']
07:15:26 [WARNING] _filter_ohlc_outliers: 301631 发现 1 行 OHLC 异常数据已过滤，日期: ['2024-09-30']
07:16:17 [WARNING] _filter_ohlc_outliers: 605167 发现 1 行 OHLC 异常数据已过滤，日期: ['2021-07-28']
07:17:46 [WARNING] _filter_ohlc_outliers: 002975 发现 1 行 OHLC 异常数据已过滤，日期: ['2019-12-31']
07:18:42 [WARNING] _filter_ohlc_outliers: 301097 发现 1 行 OHLC 异常数据已过滤，日期: ['2022-02-28']
07:20:24 [WARNING] _filter_ohlc_outliers: 605167 发现 1 行 OHLC 异常数据已过滤，日期: ['2021-07-28']
07:20:25 [WARNING] _filter_ohlc_outliers: 605178 发现 1 行 OHLC 异常数据已过滤，日期: ['2020-05-29']
07:21:18 [WARNING] _filter_ohlc_outliers: 000983 发现 1 行 OHLC 异常数据已过滤，日期: ['2016-02-18']
07:22:27 [WARNING] _filter_ohlc_outliers: 002617 发现 2 行 OHLC 异常数据已过滤，日期: ['2016-07-29', '2016-08-31']
07:22:49 [WARNING] _filter_ohlc_outliers: 002975 发现 1 行 OHLC 异常数据已过滤，日期: ['2019-12-31']
07:24:14 [WARNING] _filter_ohlc_outliers: 300787 发现 1 行 OHLC 异常数据已过滤，日期: ['2019-05-31']
07:24:27 [WARNING] _filter_ohlc_outliers: 301097 发现 1 行 OHLC 异常数据已过滤，日期: ['2022-02-28']
07:24:30 [WARNING] _filter_ohlc_outliers: 301150 发现 1 行 OHLC 异常数据已过滤，日期: ['2022-02-28']
07:24:31 [WARNING] _filter_ohlc_outliers: 301191 发现 1 行 OHLC 异常数据已过滤，日期: ['2022-02-28']
07:26:50 [WARNING] _filter_ohlc_outliers: 601666 发现 6 行 OHLC 异常数据已过滤，日期: ['2018-10-08', '2018-11-07', '2019-02-19', '2019-10-23', '2019-12-27']...
07:27:00 [WARNING] _filter_ohlc_outliers: 603061 发现 1 行 OHLC 异常数据已过滤，日期: ['2022-12-30']
07:28:19 [WARNING] _filter_ohlc_outliers: 000979 发现 8 行 OHLC 异常数据已过滤，日期: ['2016-03-02', '2017-02-08', '2017-02-28', '2017-04-28', '2017-06-01']...
07:28:22 [WARNING] _filter_ohlc_outliers: 000979 发现 8 行 OHLC 异常数据已过滤，日期: ['2016-03-02', '2017-02-08', '2017-02-28', '2017-04-28', '2017-06-01']...
07:28:24 [WARNING] _filter_ohlc_outliers: 000979 发现 8 行 OHLC 异常数据已过滤，日期: ['2016-03-02', '2017-02-08', '2017-02-28', '2017-04-28', '2017-06-01']...
07:28:26 [WARNING] _filter_ohlc_outliers: 000979 发现 8 行 OHLC 异常数据已过滤，日期: ['2016-03-02', '2017-02-08', '2017-02-28', '2017-04-28', '2017-06-01']...
07:28:27 [WARNING] _filter_ohlc_outliers: 000979 发现 8 行 OHLC 异常数据已过滤，日期: ['2016-03-02', '2017-02-08', '2017-02-28', '2017-04-28', '2017-06-01']...
07:30:05 [WARNING] _filter_ohlc_outliers: 600256 发现 2 行 OHLC 异常数据已过滤，日期: ['2016-02-18', '2020-05-15']
07:30:43 [WARNING] _filter_ohlc_outliers: 000708 发现 1 行 OHLC 异常数据已过滤，日期: ['2016-02-18']
07:31:09 [WARNING] _filter_ohlc_outliers: 300057 发现 1 行 OHLC 异常数据已过滤，日期: ['2016-03-31']
07:31:31 [WARNING] _filter_ohlc_outliers: 300488 发现 1 行 OHLC 异常数据已过滤，日期: ['2016-08-31']
07:31:50 [WARNING] _filter_ohlc_outliers: 600507 发现 4 行 OHLC 异常数据已过滤，日期: ['2016-12-05', '2016-12-22', '2016-12-26', '2017-01-06']
07:33:20 [WARNING] _filter_ohlc_outliers: 300488 发现 1 行 OHLC 异常数据已过滤，日期: ['2016-08-31']
07:33:49 [WARNING] _filter_ohlc_outliers: 600507 发现 4 行 OHLC 异常数据已过滤，日期: ['2016-12-05', '2016-12-22', '2016-12-26', '2017-01-06']
07:34:08 [WARNING] _filter_ohlc_outliers: 601225 发现 11 行 OHLC 异常数据已过滤，日期: ['2017-07-14', '2017-07-20', '2017-08-03', '2017-11-15', '2017-11-16']...
07:34:38 [WARNING] _filter_ohlc_outliers: 000937 发现 8 行 OHLC 异常数据已过滤，日期: ['2018-09-11', '2018-09-12', '2019-02-20', '2019-04-30', '2019-05-20']...
07:35:23 [WARNING] _filter_ohlc_outliers: 600507 发现 4 行 OHLC 异常数据已过滤，日期: ['2016-12-05', '2016-12-22', '2016-12-26', '2017-01-06']
07:36:18 [WARNING] _filter_ohlc_outliers: 600863 发现 1 行 OHLC 异常数据已过滤，日期: ['2016-02-18']
07:37:15 [WARNING] _filter_ohlc_outliers: 601868 发现 1 行 OHLC 异常数据已过滤，日期: ['2021-10-12']
07:37:48 [WARNING] _filter_ohlc_outliers: 600660 发现 1 行 OHLC 异常数据已过滤，日期: ['2016-02-18']
07:37:51 [WARNING] _filter_ohlc_outliers: 600809 发现 3 行 OHLC 异常数据已过滤，日期: ['2015-11-30', '2016-02-18', '2017-01-20']
07:38:27 [WARNING] _filter_ohlc_outliers: 600660 发现 1 行 OHLC 异常数据已过滤，日期: ['2016-02-18']
07:38:30 [WARNING] _filter_ohlc_outliers: 600809 发现 3 行 OHLC 异常数据已过滤，日期: ['2015-11-30', '2016-02-18', '2017-01-20']
07:39:05 [WARNING] _filter_ohlc_outliers: 600660 发现 1 行 OHLC 异常数据已过滤，日期: ['2016-02-18']
07:39:07 [WARNING] _filter_ohlc_outliers: 600809 发现 3 行 OHLC 异常数据已过滤，日期: ['2015-11-30', '2016-02-18', '2017-01-20']
07:39:41 [WARNING] _filter_ohlc_outliers: 600660 发现 1 行 OHLC 异常数据已过滤，日期: ['2016-02-18']
07:39:44 [WARNING] _filter_ohlc_outliers: 600809 发现 3 行 OHLC 异常数据已过滤，日期: ['2015-11-30', '2016-02-18', '2017-01-20']
