[2026-03-03 18:00:01] 开始执行 fetch_daily_job（数据获取）
/usr/lib/python3.11/site-packages/urllib3/connectionpool.py:1063: InsecureRequestWarning: Unverified HTTPS request is being made to host '47.91.121.127'. Adding certificate verification is strongly advised. See: https://urllib3.readthedocs.io/en/1.26.x/advanced-usage.html#ssl-warnings
  warnings.warn(
18:08:06 [WARNING] 获取股票列表失败，跳过退市股票清理：('Connection aborted.', RemoteDisconnected('Remote end closed connection without response'))
  0%|          | 0/1 [00:00<?, ?it/s]100%|██████████| 1/1 [00:01<00:00,  1.28s/it]                                             18:08:08 [WARNING] 东方财富数据获取失败：('Connection aborted.', RemoteDisconnected('Remote end closed connection without response'))，切换下一个数据源
18:08:18 [WARNING] 从东方财富获取数据失败: 601100 - 502 Server Error: Bad Gateway for url: http://push2his.eastmoney.com/api/qt/stock/kline/get?fields1=f1%2Cf2%2Cf3%2Cf4%2Cf5%2Cf6&fields2=f51%2Cf52%2Cf53%2Cf54%2Cf55%2Cf56%2Cf57%2Cf58%2Cf59%2Cf60%2Cf61%2Cf116&ut=7eea3edcaed734bea9cbfc24409ed989&klt=101&fqt=1&secid=1.601100&beg=20260303&end=20260303&_=1623766962675
18:08:26 [WARNING] 从东方财富获取数据失败(尝试1/2): 601106 - 404 Client Error: Not Found for url: http://push2his.eastmoney.com/api/qt/stock/kline/get?fields1=f1%2Cf2%2Cf3%2Cf4%2Cf5%2Cf6&fields2=f51%2Cf52%2Cf53%2Cf54%2Cf55%2Cf56%2Cf57%2Cf58%2Cf59%2Cf60%2Cf61%2Cf116&ut=7eea3edcaed734bea9cbfc24409ed989&klt=101&fqt=1&secid=1.601106&beg=20260303&end=20260303&_=1623766962675
18:09:27 [WARNING] 从东方财富获取数据失败（最近 60s 内累计 3 次）: 最新失败 601111 - HTTPConnectionPool(host='160.119.228.146', port=12354): Max retries exceeded with url: http://push2his.eastmoney.com/api/qt/stock/kline/get?fields1=f1%2Cf2%2Cf3%2Cf4%2Cf5%2Cf6&fields2=f51%2Cf52%2Cf53%2Cf54%2Cf55%2Cf56%2Cf57%2Cf58%2Cf59%2Cf60%2Cf61%2Cf116&ut=7eea3edcaed734bea9cbfc24409ed989&klt=101&fqt=1&secid=1.601111&beg=20260303&end=20260303&_=1623766962675 (Caused by ConnectTimeoutError(<urllib3.connection.HTTPConnection object at 0x7fbfe225bcd0>, 'Connection to 160.119.228.146 timed out. (connect timeout=15)'))
18:10:36 [WARNING] 从东方财富获取数据失败: 601113 - HTTPConnectionPool(host='116.80.64.41', port=7777): Max retries exceeded with url: http://push2his.eastmoney.com/api/qt/stock/kline/get?fields1=f1%2Cf2%2Cf3%2Cf4%2Cf5%2Cf6&fields2=f51%2Cf52%2Cf53%2Cf54%2Cf55%2Cf56%2Cf57%2Cf58%2Cf59%2Cf60%2Cf61%2Cf116&ut=7eea3edcaed734bea9cbfc24409ed989&klt=101&fqt=1&secid=1.601113&beg=20260303&end=20260303&_=1623766962675 (Caused by ConnectTimeoutError(<urllib3.connection.HTTPConnection object at 0x7fbfe2907850>, 'Connection to 116.80.64.41 timed out. (connect timeout=15)'))
18:11:11 [WARNING] 从东方财富获取数据失败(尝试1/2): 601116 - HTTPConnectionPool(host='51.79.135.131', port=8080): Read timed out. (read timeout=15)
18:11:59 [WARNING] 从东方财富获取数据失败（最近 60s 内累计 3 次）: 最新失败 601121 - 502 Server Error: Bad Gateway for url: http://push2his.eastmoney.com/api/qt/stock/kline/get?fields1=f1%2Cf2%2Cf3%2Cf4%2Cf5%2Cf6&fields2=f51%2Cf52%2Cf53%2Cf54%2Cf55%2Cf56%2Cf57%2Cf58%2Cf59%2Cf60%2Cf61%2Cf116&ut=7eea3edcaed734bea9cbfc24409ed989&klt=101&fqt=1&secid=1.601121&beg=20260303&end=20260303&_=1623766962675
18:13:11 [WARNING] 从东方财富获取数据失败（最近 60s 内累计 2 次）: 最新失败 601133 - HTTPConnectionPool(host='5.161.103.41', port=88): Max retries exceeded with url: http://push2his.eastmoney.com/api/qt/stock/kline/get?fields1=f1%2Cf2%2Cf3%2Cf4%2Cf5%2Cf6&fields2=f51%2Cf52%2Cf53%2Cf54%2Cf55%2Cf56%2Cf57%2Cf58%2Cf59%2Cf60%2Cf61%2Cf116&ut=7eea3edcaed734bea9cbfc24409ed989&klt=101&fqt=1&secid=1.601133&beg=20160305&end=20230409&_=1623766962675 (Caused by ConnectTimeoutError(<urllib3.connection.HTTPConnection object at 0x7fbfe2221f90>, 'Connection to 5.161.103.41 timed out. (connect timeout=15)'))
18:14:14 [WARNING] 从东方财富获取数据失败（最近 60s 内累计 3 次）: 最新失败 601136 - HTTPConnectionPool(host='79.137.17.104', port=80): Max retries exceeded with url: http://push2his.eastmoney.com/api/qt/stock/kline/get?fields1=f1%2Cf2%2Cf3%2Cf4%2Cf5%2Cf6&fields2=f51%2Cf52%2Cf53%2Cf54%2Cf55%2Cf56%2Cf57%2Cf58%2Cf59%2Cf60%2Cf61%2Cf116&ut=7eea3edcaed734bea9cbfc24409ed989&klt=101&fqt=1&secid=1.601136&beg=20260303&end=20260303&_=1623766962675 (Caused by ConnectTimeoutError(<urllib3.connection.HTTPConnection object at 0x7fbfe230cbd0>, 'Connection to 79.137.17.104 timed out. (connect timeout=15)'))
18:15:27 [WARNING] 从东方财富获取数据失败（最近 60s 内累计 4 次）: 最新失败 601166 - 502 Server Error: Bad Gateway for url: http://push2his.eastmoney.com/api/qt/stock/kline/get?fields1=f1%2Cf2%2Cf3%2Cf4%2Cf5%2Cf6&fields2=f51%2Cf52%2Cf53%2Cf54%2Cf55%2Cf56%2Cf57%2Cf58%2Cf59%2Cf60%2Cf61%2Cf116&ut=7eea3edcaed734bea9cbfc24409ed989&klt=101&fqt=1&secid=1.601166&beg=20260303&end=20260303&_=1623766962675
18:16:48 [WARNING] 从东方财富获取数据失败（最近 60s 内累计 4 次）: 最新失败 600000 - HTTPConnectionPool(host='45.70.85.33', port=58080): Max retries exceeded with url: http://push2his.eastmoney.com/api/qt/stock/kline/get?fields1=f1%2Cf2%2Cf3%2Cf4%2Cf5%2Cf6&fields2=f51%2Cf52%2Cf53%2Cf54%2Cf55%2Cf56%2Cf57%2Cf58%2Cf59%2Cf60%2Cf61%2Cf116&ut=7eea3edcaed734bea9cbfc24409ed989&klt=101&fqt=1&secid=1.600000&beg=20260303&end=20260303&_=1623766962675 (Caused by ConnectTimeoutError(<urllib3.connection.HTTPConnection object at 0x7fbfe2241f10>, 'Connection to 45.70.85.33 timed out. (connect timeout=15)'))
18:17:54 [WARNING] 从东方财富获取数据失败（最近 60s 内累计 5 次）: 最新失败 600005 - HTTPConnectionPool(host='160.119.228.146', port=12354): Max retries exceeded with url: http://push2his.eastmoney.com/api/qt/stock/kline/get?fields1=f1%2Cf2%2Cf3%2Cf4%2Cf5%2Cf6&fields2=f51%2Cf52%2Cf53%2Cf54%2Cf55%2Cf56%2Cf57%2Cf58%2Cf59%2Cf60%2Cf61%2Cf116&ut=7eea3edcaed734bea9cbfc24409ed989&klt=101&fqt=1&secid=1.600005&beg=20170124&end=20260303&_=1623766962675 (Caused by ConnectTimeoutError(<urllib3.connection.HTTPConnection object at 0x7fbfe22b6c10>, 'Connection to 160.119.228.146 timed out. (connect timeout=15)'))
18:17:54 [WARNING] 数据源 [东方财富] 连续失败 5 次，降级 300 秒（第1次降级，优先使用其他数据源）
18:20:30 [WARNING] 从东方财富获取数据失败: 600068 - HTTPConnectionPool(host='5.102.109.41', port=999): Max retries exceeded with url: http://push2his.eastmoney.com/api/qt/stock/kline/get?fields1=f1%2Cf2%2Cf3%2Cf4%2Cf5%2Cf6&fields2=f51%2Cf52%2Cf53%2Cf54%2Cf55%2Cf56%2Cf57%2Cf58%2Cf59%2Cf60%2Cf61%2Cf116&ut=7eea3edcaed734bea9cbfc24409ed989&klt=101&fqt=1&secid=1.600068&beg=20210902&end=20260303&_=1623766962675 (Caused by ProxyError('Cannot connect to proxy.', RemoteDisconnected('Remote end closed connection without response')))
18:21:39 [WARNING] 从东方财富获取数据失败（最近 60s 内累计 3 次）: 最新失败 600074 - HTTPConnectionPool(host='5.102.109.41', port=999): Max retries exceeded with url: http://push2his.eastmoney.com/api/qt/stock/kline/get?fields1=f1%2Cf2%2Cf3%2Cf4%2Cf5%2Cf6&fields2=f51%2Cf52%2Cf53%2Cf54%2Cf55%2Cf56%2Cf57%2Cf58%2Cf59%2Cf60%2Cf61%2Cf116&ut=7eea3edcaed734bea9cbfc24409ed989&klt=101&fqt=1&secid=1.600074&beg=20200527&end=20260303&_=1623766962675 (Caused by ConnectTimeoutError(<urllib3.connection.HTTPConnection object at 0x7fbfe2230fd0>, 'Connection to 5.102.109.41 timed out. (connect timeout=15)'))
18:23:08 [WARNING] 从东方财富获取数据失败（最近 60s 内累计 3 次）: 最新失败 600091 - 502 Server Error: Bad Gateway for url: http://push2his.eastmoney.com/api/qt/stock/kline/get?fields1=f1%2Cf2%2Cf3%2Cf4%2Cf5%2Cf6&fields2=f51%2Cf52%2Cf53%2Cf54%2Cf55%2Cf56%2Cf57%2Cf58%2Cf59%2Cf60%2Cf61%2Cf116&ut=7eea3edcaed734bea9cbfc24409ed989&klt=101&fqt=1&secid=1.600091&beg=20220616&end=20260303&_=1623766962675
18:24:14 [WARNING] 从东方财富获取数据失败（最近 60s 内累计 3 次）: 最新失败 300410 - HTTPConnectionPool(host='154.17.224.118', port=80): Max retries exceeded with url: http://push2his.eastmoney.com/api/qt/stock/kline/get?fields1=f1%2Cf2%2Cf3%2Cf4%2Cf5%2Cf6&fields2=f51%2Cf52%2Cf53%2Cf54%2Cf55%2Cf56%2Cf57%2Cf58%2Cf59%2Cf60%2Cf61%2Cf116&ut=7eea3edcaed734bea9cbfc24409ed989&klt=101&fqt=1&secid=0.300410&beg=20160305&end=20160531&_=1623766962675 (Caused by ProxyError('Cannot connect to proxy.', RemoteDisconnected('Remote end closed connection without response')))
18:26:11 [WARNING] 从东方财富获取数据失败（最近 60s 内累计 2 次）: 最新失败 300431 - HTTPConnectionPool(host='202.169.51.45', port=8080): Max retries exceeded with url: http://push2his.eastmoney.com/api/qt/stock/kline/get?fields1=f1%2Cf2%2Cf3%2Cf4%2Cf5%2Cf6&fields2=f51%2Cf52%2Cf53%2Cf54%2Cf55%2Cf56%2Cf57%2Cf58%2Cf59%2Cf60%2Cf61%2Cf116&ut=7eea3edcaed734bea9cbfc24409ed989&klt=101&fqt=1&secid=0.300431&beg=20210628&end=20260303&_=1623766962675 (Caused by ConnectTimeoutError(<urllib3.connection.HTTPConnection object at 0x7fbfe2311f10>, 'Connection to 202.169.51.45 timed out. (connect timeout=15)'))
18:27:45 [WARNING] 从东方财富获取数据失败（最近 60s 内累计 3 次）: 最新失败 300484 - 502 Server Error: Bad Gateway for url: http://push2his.eastmoney.com/api/qt/stock/kline/get?fields1=f1%2Cf2%2Cf3%2Cf4%2Cf5%2Cf6&fields2=f51%2Cf52%2Cf53%2Cf54%2Cf55%2Cf56%2Cf57%2Cf58%2Cf59%2Cf60%2Cf61%2Cf116&ut=7eea3edcaed734bea9cbfc24409ed989&klt=101&fqt=1&secid=0.300484&beg=20160305&end=20160321&_=1623766962675
18:28:49 [WARNING] 从东方财富获取数据失败（最近 60s 内累计 2 次）: 最新失败 603303 - HTTPConnectionPool(host='46.249.103.192', port=443): Max retries exceeded with url: http://push2his.eastmoney.com/api/qt/stock/kline/get?fields1=f1%2Cf2%2Cf3%2Cf4%2Cf5%2Cf6&fields2=f51%2Cf52%2Cf53%2Cf54%2Cf55%2Cf56%2Cf57%2Cf58%2Cf59%2Cf60%2Cf61%2Cf116&ut=7eea3edcaed734bea9cbfc24409ed989&klt=101&fqt=1&secid=1.603303&beg=20160305&end=20170329&_=1623766962675 (Caused by ProxyError('Cannot connect to proxy.', NewConnectionError('<urllib3.connection.HTTPConnection object at 0x7fbfe2144390>: Failed to establish a new connection: [Errno 111] Connection refused')))
18:28:52 [WARNING] 从东方财富获取数据失败(尝试2/2): 603302 - Expecting value: line 1 column 1 (char 0)
18:29:35 [WARNING] 从东方财富获取数据失败(尝试1/2): 603310 - Expecting value: line 1 column 1 (char 0)
18:29:54 [WARNING] 从东方财富获取数据失败(尝试1/2): 603317 - Expecting value: line 1 column 1 (char 0)
18:31:26 [WARNING] 从东方财富获取数据失败: 603310 - 502 Server Error: Bad Gateway for url: http://push2his.eastmoney.com/api/qt/stock/kline/get?fields1=f1%2Cf2%2Cf3%2Cf4%2Cf5%2Cf6&fields2=f51%2Cf52%2Cf53%2Cf54%2Cf55%2Cf56%2Cf57%2Cf58%2Cf59%2Cf60%2Cf61%2Cf116&ut=7eea3edcaed734bea9cbfc24409ed989&klt=101&fqt=1&secid=1.603310&beg=20260303&end=20260303&_=1623766962675
18:32:28 [WARNING] 从东方财富获取数据失败（最近 60s 内累计 7 次）: 最新失败 603324 - HTTPConnectionPool(host='154.17.224.118', port=80): Max retries exceeded with url: http://push2his.eastmoney.com/api/qt/stock/kline/get?fields1=f1%2Cf2%2Cf3%2Cf4%2Cf5%2Cf6&fields2=f51%2Cf52%2Cf53%2Cf54%2Cf55%2Cf56%2Cf57%2Cf58%2Cf59%2Cf60%2Cf61%2Cf116&ut=7eea3edcaed734bea9cbfc24409ed989&klt=101&fqt=1&secid=1.603324&beg=20160305&end=20210406&_=1623766962675 (Caused by ProxyError('Cannot connect to proxy.', RemoteDisconnected('Remote end closed connection without response')))
18:32:28 [WARNING] 数据源 [东方财富] 连续失败 5 次，降级 300 秒（第1次降级，优先使用其他数据源）
18:32:42 [WARNING] 从东方财富获取数据失败(尝试1/2): 603321 - 404 Client Error: Not Found for url: http://push2his.eastmoney.com/api/qt/stock/kline/get?fields1=f1%2Cf2%2Cf3%2Cf4%2Cf5%2Cf6&fields2=f51%2Cf52%2Cf53%2Cf54%2Cf55%2Cf56%2Cf57%2Cf58%2Cf59%2Cf60%2Cf61%2Cf116&ut=7eea3edcaed734bea9cbfc24409ed989&klt=101&fqt=1&secid=1.603321&beg=20260303&end=20260303&_=1623766962675
18:33:38 [WARNING] 从东方财富获取数据失败(尝试2/2): 603326 - Expecting value: line 1 column 1 (char 0)
18:34:35 [WARNING] 从东方财富获取数据失败（最近 60s 内累计 2 次）: 最新失败 603329 - HTTPConnectionPool(host='197.221.240.176', port=80): Max retries exceeded with url: http://push2his.eastmoney.com/api/qt/stock/kline/get?fields1=f1%2Cf2%2Cf3%2Cf4%2Cf5%2Cf6&fields2=f51%2Cf52%2Cf53%2Cf54%2Cf55%2Cf56%2Cf57%2Cf58%2Cf59%2Cf60%2Cf61%2Cf116&ut=7eea3edcaed734bea9cbfc24409ed989&klt=101&fqt=1&secid=1.603329&beg=20160305&end=20171228&_=1623766962675 (Caused by ConnectTimeoutError(<urllib3.connection.HTTPConnection object at 0x7fbfe23e5a90>, 'Connection to 197.221.240.176 timed out. (connect timeout=15)'))
18:34:35 [WARNING] 从东方财富获取数据失败(尝试1/2): 603329 - Expecting value: line 1 column 1 (char 0)
18:35:45 [WARNING] 从东方财富获取数据失败（最近 60s 内累计 3 次）: 最新失败 603337 - HTTPConnectionPool(host='46.29.162.166', port=80): Max retries exceeded with url: http://push2his.eastmoney.com/api/qt/stock/kline/get?fields1=f1%2Cf2%2Cf3%2Cf4%2Cf5%2Cf6&fields2=f51%2Cf52%2Cf53%2Cf54%2Cf55%2Cf56%2Cf57%2Cf58%2Cf59%2Cf60%2Cf61%2Cf116&ut=7eea3edcaed734bea9cbfc24409ed989&klt=101&fqt=1&secid=1.603337&beg=20160305&end=20170118&_=1623766962675 (Caused by ProxyError('Cannot connect to proxy.', RemoteDisconnected('Remote end closed connection without response')))
18:36:34 [WARNING] 从东方财富获取数据失败(尝试1/2): 603344 - Expecting value: line 1 column 1 (char 0)
18:37:09 [WARNING] 从东方财富获取数据失败（最近 60s 内累计 2 次）: 最新失败 603348 - HTTPConnectionPool(host='197.221.240.176', port=80): Max retries exceeded with url: http://push2his.eastmoney.com/api/qt/stock/kline/get?fields1=f1%2Cf2%2Cf3%2Cf4%2Cf5%2Cf6&fields2=f51%2Cf52%2Cf53%2Cf54%2Cf55%2Cf56%2Cf57%2Cf58%2Cf59%2Cf60%2Cf61%2Cf116&ut=7eea3edcaed734bea9cbfc24409ed989&klt=101&fqt=1&secid=1.603348&beg=20160305&end=20180425&_=1623766962675 (Caused by ConnectTimeoutError(<urllib3.connection.HTTPConnection object at 0x7fbfe2309010>, 'Connection to 197.221.240.176 timed out. (connect timeout=15)'))
18:38:11 [WARNING] 从东方财富获取数据失败(尝试1/2): 603350 - Expecting value: line 1 column 1 (char 0)
18:38:36 [WARNING] 从东方财富获取数据失败(尝试2/2): 603344 - Expecting value: line 1 column 1 (char 0)
18:39:07 [WARNING] 从东方财富获取数据失败(尝试1/2): 603352 - Expecting value: line 1 column 1 (char 0)
18:40:03 [WARNING] 从东方财富获取数据失败（最近 60s 内累计 2 次）: 最新失败 603353 - 502 Server Error: Bad Gateway for url: http://push2his.eastmoney.com/api/qt/stock/kline/get?fields1=f1%2Cf2%2Cf3%2Cf4%2Cf5%2Cf6&fields2=f51%2Cf52%2Cf53%2Cf54%2Cf55%2Cf56%2Cf57%2Cf58%2Cf59%2Cf60%2Cf61%2Cf116&ut=7eea3edcaed734bea9cbfc24409ed989&klt=101&fqt=1&secid=1.603353&beg=20160305&end=20200406&_=1623766962675
18:41:08 [WARNING] 从东方财富获取数据失败（最近 60s 内累计 3 次）: 最新失败 603357 - 502 Server Error: Bad Gateway for url: http://push2his.eastmoney.com/api/qt/stock/kline/get?fields1=f1%2Cf2%2Cf3%2Cf4%2Cf5%2Cf6&fields2=f51%2Cf52%2Cf53%2Cf54%2Cf55%2Cf56%2Cf57%2Cf58%2Cf59%2Cf60%2Cf61%2Cf116&ut=7eea3edcaed734bea9cbfc24409ed989&klt=101&fqt=1&secid=1.603357&beg=20260303&end=20260303&_=1623766962675
18:42:08 [WARNING] 从东方财富获取数据失败（最近 60s 内累计 4 次）: 最新失败 603367 - HTTPConnectionPool(host='46.29.162.166', port=80): Max retries exceeded with url: http://push2his.eastmoney.com/api/qt/stock/kline/get?fields1=f1%2Cf2%2Cf3%2Cf4%2Cf5%2Cf6&fields2=f51%2Cf52%2Cf53%2Cf54%2Cf55%2Cf56%2Cf57%2Cf58%2Cf59%2Cf60%2Cf61%2Cf116&ut=7eea3edcaed734bea9cbfc24409ed989&klt=101&fqt=1&secid=1.603367&beg=20160305&end=20170928&_=1623766962675 (Caused by ProxyError('Cannot connect to proxy.', RemoteDisconnected('Remote end closed connection without response')))
18:43:48 [WARNING] 从东方财富获取数据失败(尝试1/2): 603380 - Expecting value: line 1 column 1 (char 0)
18:44:56 [WARNING] 从东方财富获取数据失败(尝试1/2): 603386 - Expecting value: line 1 column 1 (char 0)
18:46:29 [WARNING] 从东方财富获取数据失败（最近 60s 内累计 2 次）: 最新失败 603389 - 502 Server Error: Bad Gateway for url: http://push2his.eastmoney.com/api/qt/stock/kline/get?fields1=f1%2Cf2%2Cf3%2Cf4%2Cf5%2Cf6&fields2=f51%2Cf52%2Cf53%2Cf54%2Cf55%2Cf56%2Cf57%2Cf58%2Cf59%2Cf60%2Cf61%2Cf116&ut=7eea3edcaed734bea9cbfc24409ed989&klt=101&fqt=1&secid=1.603389&beg=20160305&end=20161214&_=1623766962675
18:46:45 [WARNING] 从东方财富获取数据失败(尝试1/2): 603392 - Expecting value: line 1 column 1 (char 0)
18:47:19 [WARNING] 从东方财富获取数据失败(尝试1/2): 603395 - Expecting value: line 1 column 1 (char 0)
18:49:53 [WARNING] 从东方财富获取数据失败(尝试1/2): 000815 - Expecting value: line 1 column 1 (char 0)
18:51:22 [WARNING] 从东方财富获取数据失败(尝试1/2): 000830 - Expecting value: line 1 column 1 (char 0)
18:51:51 [WARNING] 从东方财富获取数据失败（最近 60s 内累计 2 次）: 最新失败 000835 - 502 Server Error: Bad Gateway for url: http://push2his.eastmoney.com/api/qt/stock/kline/get?fields1=f1%2Cf2%2Cf3%2Cf4%2Cf5%2Cf6&fields2=f51%2Cf52%2Cf53%2Cf54%2Cf55%2Cf56%2Cf57%2Cf58%2Cf59%2Cf60%2Cf61%2Cf116&ut=7eea3edcaed734bea9cbfc24409ed989&klt=101&fqt=1&secid=0.000835&beg=20160305&end=20160721&_=1623766962675
18:53:34 [WARNING] 从东方财富获取数据失败（最近 60s 内累计 2 次）: 最新失败 000859 - 502 Server Error: Bad Gateway for url: http://push2his.eastmoney.com/api/qt/stock/kline/get?fields1=f1%2Cf2%2Cf3%2Cf4%2Cf5%2Cf6&fields2=f51%2Cf52%2Cf53%2Cf54%2Cf55%2Cf56%2Cf57%2Cf58%2Cf59%2Cf60%2Cf61%2Cf116&ut=7eea3edcaed734bea9cbfc24409ed989&klt=101&fqt=1&secid=0.000859&beg=20260303&end=20260303&_=1623766962675
18:54:15 [WARNING] 从东方财富获取数据失败(尝试1/2): 000886 - Expecting value: line 1 column 1 (char 0)
18:54:29 [WARNING] 从东方财富获取数据失败(尝试2/2): 000893 - Expecting value: line 1 column 1 (char 0)
18:54:41 [WARNING] 从东方财富获取数据失败(尝试1/2): 000893 - Expecting value: line 1 column 1 (char 0)
18:57:14 [WARNING] 从东方财富获取数据失败(尝试1/2): 003008 - Expecting value: line 1 column 1 (char 0)
18:58:33 [WARNING] 从东方财富获取数据失败(尝试2/2): 003015 - Expecting value: line 1 column 1 (char 0)
18:58:53 [WARNING] 从东方财富获取数据失败(尝试2/2): 003016 - Expecting value: line 1 column 1 (char 0)
18:59:11 [WARNING] 从东方财富获取数据失败(尝试1/2): 003016 - Expecting value: line 1 column 1 (char 0)
19:00:17 [WARNING] 从东方财富获取数据失败(尝试1/2): 003021 - Expecting value: line 1 column 1 (char 0)
19:01:26 [WARNING] 从东方财富获取数据失败(尝试1/2): 003022 - Expecting value: line 1 column 1 (char 0)
19:02:39 [WARNING] 从东方财富获取数据失败(尝试2/2): 003032 - Expecting value: line 1 column 1 (char 0)
19:03:05 [WARNING] 从东方财富获取数据失败(尝试1/2): 003033 - Expecting value: line 1 column 1 (char 0)
19:05:21 [WARNING] 从东方财富获取数据失败(尝试1/2): 002005 - Expecting value: line 1 column 1 (char 0)
19:05:22 [WARNING] 从东方财富获取数据失败(尝试1/2): 002006 - Expecting value: line 1 column 1 (char 0)
19:07:13 [WARNING] 从东方财富获取数据失败(尝试2/2): 002006 - Expecting value: line 1 column 1 (char 0)
19:07:48 [WARNING] 从东方财富获取数据失败(尝试1/2): 002020 - Expecting value: line 1 column 1 (char 0)
19:07:55 [WARNING] 从东方财富获取数据失败(尝试1/2): 002023 - Expecting value: line 1 column 1 (char 0)
19:09:42 [WARNING] 从东方财富获取数据失败(尝试1/2): 002024 - Expecting value: line 1 column 1 (char 0)
19:10:19 [WARNING] 从东方财富获取数据失败: 002032 - ('Connection aborted.', RemoteDisconnected('Remote end closed connection without response'))
19:11:21 [WARNING] 从东方财富获取数据失败（最近 60s 内累计 12 次）: 最新失败 002049 - ('Connection aborted.', RemoteDisconnected('Remote end closed connection without response'))
19:11:56 [WARNING] 从东方财富获取数据失败(尝试1/2): 002064 - Expecting value: line 1 column 1 (char 0)
19:11:57 [WARNING] 数据源 [东方财富] 连续失败 5 次，降级 300 秒（第1次降级，优先使用其他数据源）
19:12:32 [WARNING] 从东方财富获取数据失败（最近 60s 内累计 14 次）: 最新失败 002070 - ('Connection aborted.', RemoteDisconnected('Remote end closed connection without response'))
19:13:44 [WARNING] 从东方财富获取数据失败（最近 60s 内累计 3 次）: 最新失败 002083 - ('Connection aborted.', RemoteDisconnected('Remote end closed connection without response'))
19:13:51 [WARNING] 从东方财富获取数据失败(尝试1/2): 002082 - Expecting value: line 1 column 1 (char 0)
19:13:54 [WARNING] 数据源 [东方财富] 连续失败 5 次，降级 300 秒（第1次降级，优先使用其他数据源）
19:14:37 [WARNING] 从东方财富获取数据失败(尝试1/2): 002089 - Expecting value: line 1 column 1 (char 0)
19:15:35 [WARNING] 从东方财富获取数据失败（最近 60s 内累计 7 次）: 最新失败 002082 - ('Connection aborted.', RemoteDisconnected('Remote end closed connection without response'))
19:16:48 [WARNING] 从东方财富获取数据失败(尝试1/2): 000405 - Expecting value: line 1 column 1 (char 0)
19:17:08 [WARNING] 从东方财富获取数据失败: 000406 - ('Connection aborted.', RemoteDisconnected('Remote end closed connection without response'))
19:18:11 [WARNING] 从东方财富获取数据失败（最近 60s 内累计 2 次）: 最新失败 000413 - ('Connection aborted.', RemoteDisconnected('Remote end closed connection without response'))
19:19:07 [WARNING] 数据源 [东方财富] 连续失败 5 次，降级 300 秒（第1次降级，优先使用其他数据源）
19:19:32 [WARNING] 从东方财富获取数据失败（最近 60s 内累计 11 次）: 最新失败 603803 - ('Connection aborted.', RemoteDisconnected('Remote end closed connection without response'))
19:19:42 [WARNING] 从东方财富获取数据失败(尝试1/2): 603811 - Expecting value: line 1 column 1 (char 0)
19:19:48 [WARNING] 从东方财富获取数据失败(尝试1/2): 603813 - Expecting value: line 1 column 1 (char 0)
19:21:32 [WARNING] 从东方财富获取数据失败（最近 60s 内累计 2 次）: 最新失败 603811 - ('Connection aborted.', RemoteDisconnected('Remote end closed connection without response'))
19:21:33 [WARNING] 从东方财富获取数据失败(尝试1/2): 603811 - Expecting value: line 1 column 1 (char 0)
19:21:51 [WARNING] 从东方财富获取数据失败(尝试1/2): 603816 - Expecting value: line 1 column 1 (char 0)
19:23:20 [WARNING] 从东方财富获取数据失败（最近 60s 内累计 2 次）: 最新失败 603811 - ('Connection aborted.', RemoteDisconnected('Remote end closed connection without response'))
19:24:07 [WARNING] 从东方财富获取数据失败(尝试1/2): 603829 - Expecting value: line 1 column 1 (char 0)
19:24:15 [WARNING] 从东方财富获取数据失败(尝试1/2): 603833 - Expecting value: line 1 column 1 (char 0)
19:25:54 [WARNING] 从东方财富获取数据失败（最近 60s 内累计 8 次）: 最新失败 603829 - ('Connection aborted.', RemoteDisconnected('Remote end closed connection without response'))
19:26:00 [WARNING] 数据源 [东方财富] 连续失败 5 次，降级 300 秒（第1次降级，优先使用其他数据源）
19:26:41 [WARNING] 从东方财富获取数据失败(尝试1/2): 603856 - Expecting value: line 1 column 1 (char 0)
19:26:56 [WARNING] 从东方财富获取数据失败(尝试1/2): 603860 - Expecting value: line 1 column 1 (char 0)
19:28:35 [WARNING] 从东方财富获取数据失败（最近 60s 内累计 7 次）: 最新失败 603856 - ('Connection aborted.', RemoteDisconnected('Remote end closed connection without response'))
19:28:58 [WARNING] 数据源 [东方财富] 连续失败 5 次，降级 300 秒（第1次降级，优先使用其他数据源）
19:29:44 [WARNING] 从东方财富获取数据失败(尝试2/2): 603879 - Expecting value: line 1 column 1 (char 0)
19:29:45 [WARNING] 从东方财富获取数据失败（最近 60s 内累计 8 次）: 最新失败 603880 - ('Connection aborted.', RemoteDisconnected('Remote end closed connection without response'))
19:29:57 [WARNING] 从东方财富获取数据失败(尝试1/2): 603881 - Expecting value: line 1 column 1 (char 0)
19:30:25 [WARNING] 从东方财富获取数据失败(尝试1/2): 603888 - Expecting value: line 1 column 1 (char 0)
19:31:51 [WARNING] 从东方财富获取数据失败（最近 60s 内累计 2 次）: 最新失败 603881 - ('Connection aborted.', RemoteDisconnected('Remote end closed connection without response'))
19:32:47 [WARNING] 从东方财富获取数据失败(尝试1/2): 603897 - Expecting value: line 1 column 1 (char 0)
19:32:55 [WARNING] 从东方财富获取数据失败（最近 60s 内累计 6 次）: 最新失败 603100 - ('Connection aborted.', RemoteDisconnected('Remote end closed connection without response'))
19:33:56 [WARNING] 从东方财富获取数据失败（最近 60s 内累计 5 次）: 最新失败 603105 - ('Connection aborted.', RemoteDisconnected('Remote end closed connection without response'))
19:34:11 [WARNING] 数据源 [东方财富] 连续失败 5 次，降级 300 秒（第1次降级，优先使用其他数据源）
19:35:14 [WARNING] 从东方财富获取数据失败（最近 60s 内累计 5 次）: 最新失败 603110 - ('Connection aborted.', RemoteDisconnected('Remote end closed connection without response'))
19:35:32 [WARNING] 从东方财富获取数据失败(尝试1/2): 603113 - Expecting value: line 1 column 1 (char 0)
19:35:51 [WARNING] 从东方财富获取数据失败(尝试1/2): 603117 - Expecting value: line 1 column 1 (char 0)
19:37:31 [WARNING] 从东方财富获取数据失败（最近 60s 内累计 3 次）: 最新失败 603118 - ('Connection aborted.', RemoteDisconnected('Remote end closed connection without response'))
19:37:34 [WARNING] 从东方财富获取数据失败(尝试2/2): 603117 - Expecting value: line 1 column 1 (char 0)
19:38:08 [WARNING] 从东方财富获取数据失败(尝试1/2): 603123 - Expecting value: line 1 column 1 (char 0)
19:38:54 [WARNING] 从东方财富获取数据失败（最近 60s 内累计 4 次）: 最新失败 603124 - ('Connection aborted.', RemoteDisconnected('Remote end closed connection without response'))
19:38:59 [WARNING] 从东方财富获取数据失败(尝试1/2): 603125 - Expecting value: line 1 column 1 (char 0)
19:39:55 [WARNING] 从东方财富获取数据失败（最近 60s 内累计 2 次）: 最新失败 603126 - ('Connection aborted.', RemoteDisconnected('Remote end closed connection without response'))
19:40:11 [WARNING] 数据源 [东方财富] 连续失败 5 次，降级 300 秒（第1次降级，优先使用其他数据源）
19:40:57 [WARNING] 从东方财富获取数据失败（最近 60s 内累计 5 次）: 最新失败 603130 - ('Connection aborted.', RemoteDisconnected('Remote end closed connection without response'))
19:41:17 [WARNING] 从东方财富获取数据失败(尝试1/2): 603135 - Expecting value: line 1 column 1 (char 0)
19:41:58 [WARNING] 从东方财富获取数据失败（最近 60s 内累计 7 次）: 最新失败 603136 - ('Connection aborted.', RemoteDisconnected('Remote end closed connection without response'))
19:41:58 [WARNING] 数据源 [东方财富] 连续失败 5 次，降级 300 秒（第1次降级，优先使用其他数据源）
19:42:52 [WARNING] 数据源 [东方财富] 连续失败 5 次，降级 300 秒（第1次降级，优先使用其他数据源）
19:43:04 [WARNING] 从东方财富获取数据失败（最近 60s 内累计 6 次）: 最新失败 603135 - ('Connection aborted.', RemoteDisconnected('Remote end closed connection without response'))
19:44:06 [WARNING] 从东方财富获取数据失败（最近 60s 内累计 3 次）: 最新失败 603155 - ('Connection aborted.', RemoteDisconnected('Remote end closed connection without response'))
19:44:13 [WARNING] 从东方财富获取数据失败(尝试1/2): 603156 - Expecting value: line 1 column 1 (char 0)
19:45:12 [WARNING] 从东方财富获取数据失败(尝试1/2): 603160 - Expecting value: line 1 column 1 (char 0)
19:46:08 [WARNING] 从东方财富获取数据失败（最近 60s 内累计 4 次）: 最新失败 603156 - ('Connection aborted.', RemoteDisconnected('Remote end closed connection without response'))
19:47:00 [WARNING] 从东方财富获取数据失败(尝试2/2): 603160 - Expecting value: line 1 column 1 (char 0)
19:47:13 [WARNING] 从东方财富获取数据失败（最近 60s 内累计 3 次）: 最新失败 603165 - ('Connection aborted.', RemoteDisconnected('Remote end closed connection without response'))
19:48:30 [WARNING] 从东方财富获取数据失败（最近 60s 内累计 5 次）: 最新失败 603173 - HTTPConnectionPool(host='185.135.69.34', port=80): Max retries exceeded with url: http://push2his.eastmoney.com/api/qt/stock/kline/get?fields1=f1%2Cf2%2Cf3%2Cf4%2Cf5%2Cf6&fields2=f51%2Cf52%2Cf53%2Cf54%2Cf55%2Cf56%2Cf57%2Cf58%2Cf59%2Cf60%2Cf61%2Cf116&ut=7eea3edcaed734bea9cbfc24409ed989&klt=101&fqt=1&secid=1.603173&beg=20160305&end=20230129&_=1623766962675 (Caused by ConnectTimeoutError(<urllib3.connection.HTTPConnection object at 0x7fbfe2280750>, 'Connection to 185.135.69.34 timed out. (connect timeout=15)'))
19:49:30 [WARNING] 从东方财富获取数据失败（最近 60s 内累计 8 次）: 最新失败 603181 - ('Connection aborted.', RemoteDisconnected('Remote end closed connection without response'))
19:49:31 [WARNING] 从东方财富获取数据失败(尝试1/2): 603182 - Expecting value: line 1 column 1 (char 0)
19:50:37 [WARNING] 从东方财富获取数据失败（最近 60s 内累计 7 次）: 最新失败 603190 - ('Connection aborted.', RemoteDisconnected('Remote end closed connection without response'))
19:51:03 [WARNING] 从东方财富获取数据失败(尝试1/2): 603191 - Expecting value: line 1 column 1 (char 0)
19:51:16 [WARNING] 数据源 [东方财富] 连续失败 5 次，降级 300 秒（第1次降级，优先使用其他数据源）
19:51:59 [WARNING] 从东方财富获取数据失败(尝试1/2): 603193 - Expecting value: line 1 column 1 (char 0)
19:52:54 [WARNING] 从东方财富获取数据失败(尝试2/2): 603191 - Expecting value: line 1 column 1 (char 0)
19:53:23 [WARNING] 从东方财富获取数据失败（最近 60s 内累计 4 次）: 最新失败 603194 - ('Connection aborted.', RemoteDisconnected('Remote end closed connection without response'))
19:54:27 [WARNING] 从东方财富获取数据失败（最近 60s 内累计 5 次）: 最新失败 601718 - ('Connection aborted.', RemoteDisconnected('Remote end closed connection without response'))
19:54:30 [WARNING] 从东方财富获取数据失败(尝试1/2): 601717 - Expecting value: line 1 column 1 (char 0)
19:54:53 [WARNING] 从东方财富获取数据失败(尝试1/2): 601728 - Expecting value: line 1 column 1 (char 0)
19:56:24 [WARNING] 从东方财富获取数据失败(尝试2/2): 601717 - Expecting value: line 1 column 1 (char 0)
19:56:24 [WARNING] 数据源 [东方财富] 连续失败 5 次，降级 300 秒（第1次降级，优先使用其他数据源）
19:56:46 [WARNING] 从东方财富获取数据失败（最近 60s 内累计 4 次）: 最新失败 601788 - ('Connection aborted.', RemoteDisconnected('Remote end closed connection without response'))
19:56:53 [WARNING] 从东方财富获取数据失败(尝试1/2): 601778 - Expecting value: line 1 column 1 (char 0)
19:57:57 [WARNING] 从东方财富获取数据失败（最近 60s 内累计 10 次）: 最新失败 603507 - ('Connection aborted.', RemoteDisconnected('Remote end closed connection without response'))
19:58:50 [WARNING] 数据源 [东方财富] 连续失败 5 次，降级 300 秒（第1次降级，优先使用其他数据源）
19:59:07 [WARNING] 从东方财富获取数据失败（最近 60s 内累计 8 次）: 最新失败 603520 - ('Connection aborted.', RemoteDisconnected('Remote end closed connection without response'))
19:59:42 [WARNING] 数据源 [东方财富] 连续失败 5 次，降级 300 秒（第1次降级，优先使用其他数据源）
19:59:43 [WARNING] 从东方财富获取数据失败(尝试1/2): 603533 - Expecting value: line 1 column 1 (char 0)
20:00:14 [WARNING] 从东方财富获取数据失败（最近 60s 内累计 7 次）: 最新失败 603536 - ('Connection aborted.', RemoteDisconnected('Remote end closed connection without response'))
20:01:19 [WARNING] 从东方财富获取数据失败（最近 60s 内累计 4 次）: 最新失败 603556 - ('Connection aborted.', RemoteDisconnected('Remote end closed connection without response'))
20:01:49 [WARNING] 从东方财富获取数据失败(尝试1/2): 603559 - Expecting value: line 1 column 1 (char 0)
20:02:32 [WARNING] 从东方财富获取数据失败（最近 60s 内累计 4 次）: 最新失败 603569 - ('Connection aborted.', RemoteDisconnected('Remote end closed connection without response'))
20:03:48 [WARNING] 从东方财富获取数据失败（最近 60s 内累计 5 次）: 最新失败 603559 - ('Connection aborted.', RemoteDisconnected('Remote end closed connection without response'))
20:03:53 [WARNING] 从东方财富获取数据失败(尝试1/2): 603586 - Expecting value: line 1 column 1 (char 0)
20:04:03 [WARNING] 数据源 [东方财富] 连续失败 5 次，降级 300 秒（第1次降级，优先使用其他数据源）
20:05:03 [WARNING] 从东方财富获取数据失败（最近 60s 内累计 7 次）: 最新失败 603595 - ('Connection aborted.', RemoteDisconnected('Remote end closed connection without response'))
20:05:20 [WARNING] 从东方财富获取数据失败(尝试1/2): 603596 - Expecting value: line 1 column 1 (char 0)
20:05:35 [WARNING] 从东方财富获取数据失败(尝试2/2): 603586 - Expecting value: line 1 column 1 (char 0)
20:06:09 [WARNING] 从东方财富获取数据失败(尝试1/2): 603701 - Expecting value: line 1 column 1 (char 0)
20:07:25 [WARNING] 从东方财富获取数据失败: 603706 - ('Connection aborted.', RemoteDisconnected('Remote end closed connection without response'))
20:07:41 [WARNING] 从东方财富获取数据失败(尝试1/2): 603707 - Expecting value: line 1 column 1 (char 0)
20:08:05 [WARNING] 从东方财富获取数据失败(尝试2/2): 603701 - Expecting value: line 1 column 1 (char 0)
20:08:39 [WARNING] 从东方财富获取数据失败（最近 60s 内累计 2 次）: 最新失败 603711 - ('Connection aborted.', RemoteDisconnected('Remote end closed connection without response'))
20:09:31 [WARNING] 从东方财富获取数据失败(尝试1/2): 603716 - Expecting value: line 1 column 1 (char 0)
20:09:51 [WARNING] 从东方财富获取数据失败（最近 60s 内累计 4 次）: 最新失败 603717 - ('Connection aborted.', RemoteDisconnected('Remote end closed connection without response'))
20:10:34 [WARNING] 从东方财富获取数据失败(尝试1/2): 603728 - Expecting value: line 1 column 1 (char 0)
20:11:34 [WARNING] 从东方财富获取数据失败(尝试1/2): 603730 - Expecting value: line 1 column 1 (char 0)
20:12:39 [WARNING] 从东方财富获取数据失败（最近 60s 内累计 4 次）: 最新失败 603728 - ('Connection aborted.', RemoteDisconnected('Remote end closed connection without response'))
20:12:43 [WARNING] 从东方财富获取数据失败(尝试1/2): 603733 - Expecting value: line 1 column 1 (char 0)
20:13:40 [WARNING] 从东方财富获取数据失败（最近 60s 内累计 3 次）: 最新失败 603737 - ('Connection aborted.', RemoteDisconnected('Remote end closed connection without response'))
20:13:56 [WARNING] 从东方财富获取数据失败(尝试1/2): 603738 - Expecting value: line 1 column 1 (char 0)
20:14:34 [WARNING] 从东方财富获取数据失败(尝试2/2): 603733 - Expecting value: line 1 column 1 (char 0)
20:14:42 [WARNING] 从东方财富获取数据失败(尝试1/2): 603739 - Expecting value: line 1 column 1 (char 0)
20:15:53 [WARNING] 从东方财富获取数据失败: 603755 - ('Connection aborted.', RemoteDisconnected('Remote end closed connection without response'))
20:16:33 [WARNING] 从东方财富获取数据失败(尝试2/2): 603739 - Expecting value: line 1 column 1 (char 0)
20:16:36 [WARNING] 从东方财富获取数据失败(尝试1/2): 603768 - Expecting value: line 1 column 1 (char 0)
20:16:45 [WARNING] 从东方财富获取数据失败(尝试1/2): 603773 - Expecting value: line 1 column 1 (char 0)
20:18:27 [WARNING] 从东方财富获取数据失败（最近 60s 内累计 6 次）: 最新失败 603776 - ('Connection aborted.', RemoteDisconnected('Remote end closed connection without response'))
20:19:22 [WARNING] 数据源 [东方财富] 连续失败 5 次，降级 300 秒（第1次降级，优先使用其他数据源）
20:19:48 [WARNING] 从东方财富获取数据失败（最近 60s 内累计 14 次）: 最新失败 603003 - ('Connection aborted.', RemoteDisconnected('Remote end closed connection without response'))
20:20:48 [WARNING] 从东方财富获取数据失败（最近 60s 内累计 4 次）: 最新失败 603029 - ('Connection aborted.', RemoteDisconnected('Remote end closed connection without response'))
20:20:59 [WARNING] 从东方财富获取数据失败(尝试1/2): 603036 - Expecting value: line 1 column 1 (char 0)
20:21:34 [WARNING] 从东方财富获取数据失败(尝试1/2): 603038 - Expecting value: line 1 column 1 (char 0)
20:22:52 [WARNING] 从东方财富获取数据失败（最近 60s 内累计 6 次）: 最新失败 603036 - ('Connection aborted.', RemoteDisconnected('Remote end closed connection without response'))
20:23:05 [WARNING] 数据源 [东方财富] 连续失败 5 次，降级 300 秒（第1次降级，优先使用其他数据源）
20:23:19 [WARNING] 从东方财富获取数据失败(尝试2/2): 603038 - Expecting value: line 1 column 1 (char 0)
20:24:13 [WARNING] 从东方财富获取数据失败（最近 60s 内累计 6 次）: 最新失败 603048 - ('Connection aborted.', RemoteDisconnected('Remote end closed connection without response'))
20:24:29 [WARNING] 从东方财富获取数据失败(尝试1/2): 603052 - Expecting value: line 1 column 1 (char 0)
20:24:52 [WARNING] 从东方财富获取数据失败(尝试1/2): 603055 - Expecting value: line 1 column 1 (char 0)
20:26:22 [WARNING] 从东方财富获取数据失败（最近 60s 内累计 6 次）: 最新失败 603052 - ('Connection aborted.', RemoteDisconnected('Remote end closed connection without response'))
20:26:47 [WARNING] 数据源 [东方财富] 连续失败 5 次，降级 300 秒（第1次降级，优先使用其他数据源）
20:27:23 [WARNING] 从东方财富获取数据失败（最近 60s 内累计 5 次）: 最新失败 603057 - ('Connection aborted.', RemoteDisconnected('Remote end closed connection without response'))
20:28:03 [WARNING] 从东方财富获取数据失败(尝试1/2): 603066 - Expecting value: line 1 column 1 (char 0)
20:28:12 [WARNING] 从东方财富获取数据失败(尝试1/2): 603065 - Expecting value: line 1 column 1 (char 0)
20:29:49 [WARNING] 从东方财富获取数据失败(尝试2/2): 603066 - Expecting value: line 1 column 1 (char 0)
20:29:52 [WARNING] 从东方财富获取数据失败（最近 60s 内累计 4 次）: 最新失败 603067 - ('Connection aborted.', RemoteDisconnected('Remote end closed connection without response'))
20:29:55 [WARNING] 从东方财富获取数据失败(尝试2/2): 603065 - Expecting value: line 1 column 1 (char 0)
20:29:59 [WARNING] 数据源 [东方财富] 连续失败 5 次，降级 300 秒（第1次降级，优先使用其他数据源）
20:30:28 [WARNING] 从东方财富获取数据失败(尝试1/2): 603070 - Expecting value: line 1 column 1 (char 0)
20:31:03 [WARNING] 从东方财富获取数据失败（最近 60s 内累计 5 次）: 最新失败 603076 - ('Connection aborted.', RemoteDisconnected('Remote end closed connection without response'))
20:31:50 [WARNING] 从东方财富获取数据失败(尝试1/2): 603081 - Expecting value: line 1 column 1 (char 0)
20:32:25 [WARNING] 从东方财富获取数据失败（最近 60s 内累计 4 次）: 最新失败 603070 - ('Connection aborted.', RemoteDisconnected('Remote end closed connection without response'))
20:32:36 [WARNING] 从东方财富获取数据失败(尝试1/2): 603085 - Expecting value: line 1 column 1 (char 0)
20:33:44 [WARNING] 从东方财富获取数据失败（最近 60s 内累计 3 次）: 最新失败 603081 - ('Connection aborted.', RemoteDisconnected('Remote end closed connection without response'))
20:34:02 [WARNING] 数据源 [东方财富] 连续失败 5 次，降级 300 秒（第1次降级，优先使用其他数据源）
20:34:38 [WARNING] 从东方财富获取数据失败(尝试1/2): 603090 - Expecting value: line 1 column 1 (char 0)
20:34:45 [WARNING] 从东方财富获取数据失败（最近 60s 内累计 6 次）: 最新失败 603092 - ('Connection aborted.', RemoteDisconnected('Remote end closed connection without response'))
20:35:36 [WARNING] 数据源 [东方财富] 连续失败 5 次，降级 300 秒（第1次降级，优先使用其他数据源）
20:36:18 [WARNING] 从东方财富获取数据失败（最近 60s 内累计 5 次）: 最新失败 603090 - ('Connection aborted.', RemoteDisconnected('Remote end closed connection without response'))
20:37:33 [WARNING] 从东方财富获取数据失败（最近 60s 内累计 6 次）: 最新失败 605259 - ('Connection aborted.', RemoteDisconnected('Remote end closed connection without response'))
20:38:48 [WARNING] 从东方财富获取数据失败（最近 60s 内累计 6 次）: 最新失败 605298 - ('Connection aborted.', RemoteDisconnected('Remote end closed connection without response'))
20:39:49 [WARNING] 从东方财富获取数据失败(尝试1/2): 601579 - Expecting value: line 1 column 1 (char 0)
20:40:02 [WARNING] 从东方财富获取数据失败（最近 60s 内累计 9 次）: 最新失败 601577 - ('Connection aborted.', RemoteDisconnected('Remote end closed connection without response'))
20:40:58 [WARNING] 从东方财富获取数据失败(尝试1/2): 002901 - Expecting value: line 1 column 1 (char 0)
20:41:44 [WARNING] 从东方财富获取数据失败（最近 60s 内累计 7 次）: 最新失败 601579 - ('Connection aborted.', RemoteDisconnected('Remote end closed connection without response'))
20:42:00 [WARNING] 数据源 [东方财富] 连续失败 5 次，降级 300 秒（第1次降级，优先使用其他数据源）
20:42:52 [WARNING] 从东方财富获取数据失败(尝试1/2): 002906 - Expecting value: line 1 column 1 (char 0)
20:43:13 [WARNING] 从东方财富获取数据失败(尝试1/2): 002907 - Expecting value: line 1 column 1 (char 0)
20:44:44 [WARNING] 从东方财富获取数据失败（最近 60s 内累计 6 次）: 最新失败 002906 - ('Connection aborted.', RemoteDisconnected('Remote end closed connection without response'))
20:45:45 [WARNING] 从东方财富获取数据失败（最近 60s 内累计 5 次）: 最新失败 002912 - ('Connection aborted.', RemoteDisconnected('Remote end closed connection without response'))
20:46:25 [WARNING] 数据源 [东方财富] 连续失败 5 次，降级 300 秒（第1次降级，优先使用其他数据源）
20:46:53 [WARNING] 从东方财富获取数据失败(尝试2/2): 002920 - Expecting value: line 1 column 1 (char 0)
20:46:55 [WARNING] 从东方财富获取数据失败(尝试1/2): 002921 - Expecting value: line 1 column 1 (char 0)
20:47:12 [WARNING] 从东方财富获取数据失败（最近 60s 内累计 8 次）: 最新失败 002922 - ('Connection aborted.', RemoteDisconnected('Remote end closed connection without response'))
20:48:05 [WARNING] 从东方财富获取数据失败(尝试1/2): 002926 - Expecting value: line 1 column 1 (char 0)
20:48:52 [WARNING] 从东方财富获取数据失败（最近 60s 内累计 3 次）: 最新失败 002921 - ('Connection aborted.', RemoteDisconnected('Remote end closed connection without response'))
20:49:42 [WARNING] 从东方财富获取数据失败(尝试1/2): 002929 - Expecting value: line 1 column 1 (char 0)
20:49:56 [WARNING] 从东方财富获取数据失败（最近 60s 内累计 3 次）: 最新失败 002926 - ('Connection aborted.', RemoteDisconnected('Remote end closed connection without response'))
20:51:06 [WARNING] 从东方财富获取数据失败（最近 60s 内累计 4 次）: 最新失败 002933 - ('Connection aborted.', RemoteDisconnected('Remote end closed connection without response'))
20:51:47 [WARNING] 从东方财富获取数据失败(尝试1/2): 002936 - Expecting value: line 1 column 1 (char 0)
20:52:18 [WARNING] 从东方财富获取数据失败（最近 60s 内累计 4 次）: 最新失败 002938 - ('Connection aborted.', RemoteDisconnected('Remote end closed connection without response'))
20:52:36 [WARNING] 从东方财富获取数据失败(尝试1/2): 002939 - Expecting value: line 1 column 1 (char 0)
20:53:31 [WARNING] 从东方财富获取数据失败（最近 60s 内累计 2 次）: 最新失败 002936 - ('Connection aborted.', RemoteDisconnected('Remote end closed connection without response'))
20:54:09 [WARNING] 从东方财富获取数据失败(尝试1/2): 002941 - Expecting value: line 1 column 1 (char 0)
20:54:27 [WARNING] 数据源 [东方财富] 连续失败 5 次，降级 300 秒（第1次降级，优先使用其他数据源）
20:55:08 [WARNING] 从东方财富获取数据失败（最近 60s 内累计 6 次）: 最新失败 002943 - ('Connection aborted.', RemoteDisconnected('Remote end closed connection without response'))
20:55:28 [WARNING] 从东方财富获取数据失败(尝试1/2): 002945 - Expecting value: line 1 column 1 (char 0)
20:56:06 [WARNING] 从东方财富获取数据失败(尝试2/2): 002941 - Expecting value: line 1 column 1 (char 0)
20:56:09 [WARNING] 从东方财富获取数据失败: 002946 - ('Connection aborted.', RemoteDisconnected('Remote end closed connection without response'))
20:56:31 [WARNING] 从东方财富获取数据失败(尝试1/2): 002947 - Expecting value: line 1 column 1 (char 0)
20:57:11 [WARNING] 从东方财富获取数据失败（最近 60s 内累计 2 次）: 最新失败 002945 - ('Connection aborted.', RemoteDisconnected('Remote end closed connection without response'))
20:57:15 [WARNING] 数据源 [东方财富] 连续失败 5 次，降级 300 秒（第1次降级，优先使用其他数据源）
20:58:13 [WARNING] 从东方财富获取数据失败（最近 60s 内累计 3 次）: 最新失败 002950 - ('Connection aborted.', RemoteDisconnected('Remote end closed connection without response'))
20:59:22 [WARNING] 从东方财富获取数据失败（最近 60s 内累计 6 次）: 最新失败 002955 - ('Connection aborted.', RemoteDisconnected('Remote end closed connection without response'))
20:59:44 [WARNING] 从东方财富获取数据失败(尝试1/2): 002957 - Expecting value: line 1 column 1 (char 0)
21:00:21 [WARNING] 从东方财富获取数据失败(尝试1/2): 002960 - Expecting value: line 1 column 1 (char 0)
21:01:41 [WARNING] 从东方财富获取数据失败（最近 60s 内累计 6 次）: 最新失败 002957 - ('Connection aborted.', RemoteDisconnected('Remote end closed connection without response'))
21:02:39 [WARNING] 从东方财富获取数据失败(尝试1/2): 002966 - Expecting value: line 1 column 1 (char 0)
21:02:48 [WARNING] 从东方财富获取数据失败（最近 60s 内累计 5 次）: 最新失败 002967 - ('Connection aborted.', RemoteDisconnected('Remote end closed connection without response'))
21:03:54 [WARNING] 从东方财富获取数据失败（最近 60s 内累计 3 次）: 最新失败 002969 - ('Connection aborted.', RemoteDisconnected('Remote end closed connection without response'))
21:04:00 [WARNING] 从东方财富获取数据失败(尝试1/2): 002970 - Expecting value: line 1 column 1 (char 0)
21:04:54 [WARNING] 从东方财富获取数据失败（最近 60s 内累计 3 次）: 最新失败 002971 - ('Connection aborted.', RemoteDisconnected('Remote end closed connection without response'))
21:05:18 [WARNING] 从东方财富获取数据失败(尝试1/2): 002972 - Expecting value: line 1 column 1 (char 0)
21:06:07 [WARNING] 从东方财富获取数据失败（最近 60s 内累计 3 次）: 最新失败 002973 - ('Connection aborted.', RemoteDisconnected('Remote end closed connection without response'))
21:06:10 [WARNING] 从东方财富获取数据失败(尝试1/2): 002975 - Expecting value: line 1 column 1 (char 0)
21:07:08 [WARNING] 从东方财富获取数据失败: 002972 - ('Connection aborted.', RemoteDisconnected('Remote end closed connection without response'))
21:07:30 [WARNING] 数据源 [东方财富] 连续失败 5 次，降级 300 秒（第1次降级，优先使用其他数据源）
21:08:01 [WARNING] 从东方财富获取数据失败(尝试2/2): 002975 - Expecting value: line 1 column 1 (char 0)
21:08:11 [WARNING] 从东方财富获取数据失败（最近 60s 内累计 3 次）: 最新失败 002977 - ('Connection aborted.', RemoteDisconnected('Remote end closed connection without response'))
21:08:23 [WARNING] 从东方财富获取数据失败(尝试1/2): 002979 - Expecting value: line 1 column 1 (char 0)
21:08:40 [WARNING] 从东方财富获取数据失败(尝试1/2): 002980 - Expecting value: line 1 column 1 (char 0)
21:10:18 [WARNING] 从东方财富获取数据失败（最近 60s 内累计 3 次）: 最新失败 002979 - ('Connection aborted.', RemoteDisconnected('Remote end closed connection without response'))
21:10:24 [WARNING] 从东方财富获取数据失败(尝试2/2): 002980 - Expecting value: line 1 column 1 (char 0)
21:10:58 [WARNING] 从东方财富获取数据失败(尝试1/2): 002982 - Expecting value: line 1 column 1 (char 0)
21:11:08 [WARNING] 从东方财富获取数据失败(尝试1/2): 002984 - Expecting value: line 1 column 1 (char 0)
21:12:47 [WARNING] 从东方财富获取数据失败（最近 60s 内累计 6 次）: 最新失败 002982 - ('Connection aborted.', RemoteDisconnected('Remote end closed connection without response'))
21:12:47 [WARNING] 数据源 [东方财富] 连续失败 5 次，降级 300 秒（第1次降级，优先使用其他数据源）
21:13:04 [WARNING] 从东方财富获取数据失败(尝试1/2): 002984 - Expecting value: line 1 column 1 (char 0)
21:13:14 [WARNING] 从东方财富获取数据失败(尝试1/2): 002986 - Expecting value: line 1 column 1 (char 0)
21:14:54 [WARNING] 从东方财富获取数据失败（最近 60s 内累计 3 次）: 最新失败 002984 - ('Connection aborted.', RemoteDisconnected('Remote end closed connection without response'))
21:14:58 [WARNING] 数据源 [东方财富] 连续失败 5 次，降级 300 秒（第1次降级，优先使用其他数据源）
21:15:43 [WARNING] 从东方财富获取数据失败(尝试1/2): 002990 - Expecting value: line 1 column 1 (char 0)
21:15:45 [WARNING] 从东方财富获取数据失败(尝试2/2): 002991 - Expecting value: line 1 column 1 (char 0)
21:16:09 [WARNING] 从东方财富获取数据失败（最近 60s 内累计 5 次）: 最新失败 002992 - ('Connection aborted.', RemoteDisconnected('Remote end closed connection without response'))
21:16:54 [WARNING] 从东方财富获取数据失败(尝试1/2): 002995 - Expecting value: line 1 column 1 (char 0)
21:17:52 [WARNING] 从东方财富获取数据失败（最近 60s 内累计 3 次）: 最新失败 002990 - ('Connection aborted.', RemoteDisconnected('Remote end closed connection without response'))
21:18:35 [WARNING] 数据源 [东方财富] 连续失败 5 次，降级 300 秒（第1次降级，优先使用其他数据源）
21:18:53 [WARNING] 从东方财富获取数据失败（最近 60s 内累计 6 次）: 最新失败 002998 - ('Connection aborted.', RemoteDisconnected('Remote end closed connection without response'))
21:19:18 [WARNING] 从东方财富获取数据失败(尝试1/2): 000004 - Expecting value: line 1 column 1 (char 0)
21:19:19 [WARNING] 从东方财富获取数据失败(尝试1/2): 000005 - Expecting value: line 1 column 1 (char 0)
21:20:58 [WARNING] 从东方财富获取数据失败（最近 60s 内累计 3 次）: 最新失败 000004 - ('Connection aborted.', RemoteDisconnected('Remote end closed connection without response'))
21:21:00 [WARNING] 从东方财富获取数据失败(尝试2/2): 000005 - Expecting value: line 1 column 1 (char 0)
21:21:21 [WARNING] 数据源 [东方财富] 连续失败 5 次，降级 300 秒（第1次降级，优先使用其他数据源）
21:21:58 [WARNING] 从东方财富获取数据失败（最近 60s 内累计 9 次）: 最新失败 000018 - ('Connection aborted.', RemoteDisconnected('Remote end closed connection without response'))
21:22:01 [WARNING] 从东方财富获取数据失败(尝试1/2): 000019 - Expecting value: line 1 column 1 (char 0)
21:22:32 [WARNING] 数据源 [东方财富] 连续失败 5 次，降级 300 秒（第1次降级，优先使用其他数据源）
21:23:00 [WARNING] 从东方财富获取数据失败（最近 60s 内累计 4 次）: 最新失败 000023 - ('Connection aborted.', RemoteDisconnected('Remote end closed connection without response'))
21:23:39 [WARNING] 从东方财富获取数据失败(尝试1/2): 000026 - Expecting value: line 1 column 1 (char 0)
21:24:10 [WARNING] 从东方财富获取数据失败（最近 60s 内累计 4 次）: 最新失败 000028 - ('Connection aborted.', RemoteDisconnected('Remote end closed connection without response'))
21:24:38 [WARNING] 数据源 [东方财富] 连续失败 5 次，降级 300 秒（第1次降级，优先使用其他数据源）
21:25:20 [WARNING] 从东方财富获取数据失败（最近 60s 内累计 6 次）: 最新失败 000026 - ('Connection aborted.', RemoteDisconnected('Remote end closed connection without response'))
21:25:21 [WARNING] 从东方财富获取数据失败(尝试1/2): 000034 - Expecting value: line 1 column 1 (char 0)
21:26:41 [WARNING] 从东方财富获取数据失败(尝试1/2): 000046 - Expecting value: line 1 column 1 (char 0)
21:27:12 [WARNING] 从东方财富获取数据失败（最近 60s 内累计 4 次）: 最新失败 000034 - ('Connection aborted.', RemoteDisconnected('Remote end closed connection without response'))
21:28:00 [WARNING] 从东方财富获取数据失败(尝试1/2): 000055 - Expecting value: line 1 column 1 (char 0)
21:28:23 [WARNING] 从东方财富获取数据失败(尝试2/2): 000046 - Expecting value: line 1 column 1 (char 0)
21:28:26 [WARNING] 从东方财富获取数据失败（最近 60s 内累计 4 次）: 最新失败 000056 - ('Connection aborted.', RemoteDisconnected('Remote end closed connection without response'))
21:28:26 [WARNING] 数据源 [东方财富] 连续失败 5 次，降级 300 秒（第1次降级，优先使用其他数据源）
21:29:11 [WARNING] 从东方财富获取数据失败(尝试1/2): 000066 - Expecting value: line 1 column 1 (char 0)
21:29:45 [WARNING] 从东方财富获取数据失败(尝试1/2): 000068 - Expecting value: line 1 column 1 (char 0)
21:30:58 [WARNING] 从东方财富获取数据失败（最近 60s 内累计 2 次）: 最新失败 000066 - ('Connection aborted.', RemoteDisconnected('Remote end closed connection without response'))
21:31:24 [WARNING] 从东方财富获取数据失败(尝试1/2): 000099 - Expecting value: line 1 column 1 (char 0)
21:31:26 [WARNING] 从东方财富获取数据失败(尝试2/2): 000068 - Expecting value: line 1 column 1 (char 0)
21:31:53 [WARNING] 数据源 [东方财富] 连续失败 5 次，降级 300 秒（第1次降级，优先使用其他数据源）
21:32:34 [WARNING] 从东方财富获取数据失败（最近 60s 内累计 6 次）: 最新失败 605111 - ('Connection aborted.', RemoteDisconnected('Remote end closed connection without response'))
21:33:37 [WARNING] 从东方财富获取数据失败(尝试1/2): 605118 - Expecting value: line 1 column 1 (char 0)
21:33:44 [WARNING] 从东方财富获取数据失败（最近 60s 内累计 4 次）: 最新失败 605122 - ('Connection aborted.', RemoteDisconnected('Remote end closed connection without response'))
21:34:55 [WARNING] 从东方财富获取数据失败（最近 60s 内累计 3 次）: 最新失败 605133 - ('Connection aborted.', RemoteDisconnected('Remote end closed connection without response'))
21:35:45 [WARNING] 数据源 [东方财富] 连续失败 5 次，降级 300 秒（第1次降级，优先使用其他数据源）
21:36:16 [WARNING] 从东方财富获取数据失败（最近 60s 内累计 7 次）: 最新失败 605158 - ('Connection aborted.', RemoteDisconnected('Remote end closed connection without response'))
21:36:39 [WARNING] 从东方财富获取数据失败(尝试1/2): 605166 - Expecting value: line 1 column 1 (char 0)
21:37:23 [WARNING] 从东方财富获取数据失败（最近 60s 内累计 4 次）: 最新失败 605168 - ('Connection aborted.', RemoteDisconnected('Remote end closed connection without response'))
21:37:27 [WARNING] 数据源 [东方财富] 连续失败 5 次，降级 300 秒（第1次降级，优先使用其他数据源）
21:38:14 [WARNING] 从东方财富获取数据失败(尝试1/2): 605177 - Expecting value: line 1 column 1 (char 0)
21:38:26 [WARNING] 从东方财富获取数据失败（最近 60s 内累计 2 次）: 最新失败 605166 - ('Connection aborted.', RemoteDisconnected('Remote end closed connection without response'))
21:39:36 [WARNING] 从东方财富获取数据失败（最近 60s 内累计 4 次）: 最新失败 605180 - ('Connection aborted.', RemoteDisconnected('Remote end closed connection without response'))
21:40:00 [WARNING] 从东方财富获取数据失败(尝试2/2): 605177 - Expecting value: line 1 column 1 (char 0)
21:40:03 [WARNING] 数据源 [东方财富] 连续失败 5 次，降级 300 秒（第1次降级，优先使用其他数据源）
21:40:44 [WARNING] 从东方财富获取数据失败（最近 60s 内累计 8 次）: 最新失败 605196 - ('Connection aborted.', RemoteDisconnected('Remote end closed connection without response'))
21:40:46 [WARNING] 数据源 [东方财富] 连续失败 5 次，降级 300 秒（第1次降级，优先使用其他数据源）
21:41:45 [WARNING] 从东方财富获取数据失败（最近 60s 内累计 4 次）: 最新失败 603408 - ('Connection aborted.', RemoteDisconnected('Remote end closed connection without response'))
21:42:31 [WARNING] 从东方财富获取数据失败(尝试1/2): 603429 - Expecting value: line 1 column 1 (char 0)
21:42:48 [WARNING] 从东方财富获取数据失败（最近 60s 内累计 7 次）: 最新失败 603439 - ('Connection aborted.', RemoteDisconnected('Remote end closed connection without response'))
21:43:05 [WARNING] 从东方财富获取数据失败(尝试1/2): 603444 - Expecting value: line 1 column 1 (char 0)
21:44:25 [WARNING] 从东方财富获取数据失败（最近 60s 内累计 2 次）: 最新失败 603456 - ('Connection aborted.', RemoteDisconnected('Remote end closed connection without response'))
21:45:02 [WARNING] 从东方财富获取数据失败(尝试2/2): 603444 - Expecting value: line 1 column 1 (char 0)
21:45:33 [WARNING] 从东方财富获取数据失败(尝试1/2): 603489 - Expecting value: line 1 column 1 (char 0)
21:45:39 [WARNING] 从东方财富获取数据失败（最近 60s 内累计 9 次）: 最新失败 603496 - ('Connection aborted.', RemoteDisconnected('Remote end closed connection without response'))
21:45:42 [WARNING] 数据源 [东方财富] 连续失败 5 次，降级 300 秒（第1次降级，优先使用其他数据源）
21:46:12 [WARNING] 从东方财富获取数据失败(尝试1/2): 603900 - Expecting value: line 1 column 1 (char 0)
21:47:27 [WARNING] 从东方财富获取数据失败（最近 60s 内累计 2 次）: 最新失败 603901 - ('Connection aborted.', RemoteDisconnected('Remote end closed connection without response'))
21:48:35 [WARNING] 从东方财富获取数据失败（最近 60s 内累计 11 次）: 最新失败 603916 - HTTPConnectionPool(host='185.187.92.42', port=80): Max retries exceeded with url: http://push2his.eastmoney.com/api/qt/stock/kline/get?fields1=f1%2Cf2%2Cf3%2Cf4%2Cf5%2Cf6&fields2=f51%2Cf52%2Cf53%2Cf54%2Cf55%2Cf56%2Cf57%2Cf58%2Cf59%2Cf60%2Cf61%2Cf116&ut=7eea3edcaed734bea9cbfc24409ed989&klt=101&fqt=1&secid=1.603916&beg=20260303&end=20260303&_=1623766962675 (Caused by ProxyError('Cannot connect to proxy.', ConnectionResetError(104, 'Connection reset by peer')))
21:49:37 [WARNING] 从东方财富获取数据失败（最近 60s 内累计 12 次）: 最新失败 603928 - ('Connection aborted.', RemoteDisconnected('Remote end closed connection without response'))
21:49:37 [WARNING] 数据源 [东方财富] 连续失败 5 次，降级 300 秒（第1次降级，优先使用其他数据源）
21:50:39 [WARNING] 从东方财富获取数据失败（最近 60s 内累计 6 次）: 最新失败 603948 - ('Connection aborted.', RemoteDisconnected('Remote end closed connection without response'))
21:51:22 [WARNING] 数据源 [东方财富] 连续失败 5 次，降级 300 秒（第1次降级，优先使用其他数据源）
21:51:57 [WARNING] 从东方财富获取数据失败（最近 60s 内累计 13 次）: 最新失败 603967 - ('Connection aborted.', RemoteDisconnected('Remote end closed connection without response'))
21:53:01 [WARNING] 从东方财富获取数据失败（最近 60s 内累计 7 次）: 最新失败 603982 - ('Connection aborted.', RemoteDisconnected('Remote end closed connection without response'))
21:54:07 [WARNING] 从东方财富获取数据失败（最近 60s 内累计 6 次）: 最新失败 603990 - HTTPConnectionPool(host='43.231.78.203', port=8080): Max retries exceeded with url: http://push2his.eastmoney.com/api/qt/stock/kline/get?fields1=f1%2Cf2%2Cf3%2Cf4%2Cf5%2Cf6&fields2=f51%2Cf52%2Cf53%2Cf54%2Cf55%2Cf56%2Cf57%2Cf58%2Cf59%2Cf60%2Cf61%2Cf116&ut=7eea3edcaed734bea9cbfc24409ed989&klt=101&fqt=1&secid=1.603990&beg=20160305&end=20161207&_=1623766962675 (Caused by ConnectTimeoutError(<urllib3.connection.HTTPConnection object at 0x7fbfe1608e90>, 'Connection to 43.231.78.203 timed out. (connect timeout=15)'))
21:55:34 [WARNING] 从东方财富获取数据失败（最近 60s 内累计 5 次）: 最新失败 300801 - 503 Server Error: Forwarding failure for url: http://push2his.eastmoney.com/api/qt/stock/kline/get?fields1=f1%2Cf2%2Cf3%2Cf4%2Cf5%2Cf6&fields2=f51%2Cf52%2Cf53%2Cf54%2Cf55%2Cf56%2Cf57%2Cf58%2Cf59%2Cf60%2Cf61%2Cf116&ut=7eea3edcaed734bea9cbfc24409ed989&klt=101&fqt=1&secid=0.300801&beg=20160305&end=20191127&_=1623766962675
21:56:44 [WARNING] 从东方财富获取数据失败（最近 60s 内累计 4 次）: 最新失败 300806 - ('Connection aborted.', RemoteDisconnected('Remote end closed connection without response'))
21:57:55 [WARNING] 从东方财富获取数据失败（最近 60s 内累计 4 次）: 最新失败 300810 - HTTPConnectionPool(host='88.255.63.161', port=8080): Max retries exceeded with url: http://push2his.eastmoney.com/api/qt/stock/kline/get?fields1=f1%2Cf2%2Cf3%2Cf4%2Cf5%2Cf6&fields2=f51%2Cf52%2Cf53%2Cf54%2Cf55%2Cf56%2Cf57%2Cf58%2Cf59%2Cf60%2Cf61%2Cf116&ut=7eea3edcaed734bea9cbfc24409ed989&klt=101&fqt=1&secid=0.300810&beg=20160305&end=20191205&_=1623766962675 (Caused by ConnectTimeoutError(<urllib3.connection.HTTPConnection object at 0x7fbfe230f290>, 'Connection to 88.255.63.161 timed out. (connect timeout=15)'))
21:59:06 [WARNING] 从东方财富获取数据失败（最近 60s 内累计 4 次）: 最新失败 300814 - 502 Server Error: Bad Gateway for url: http://push2his.eastmoney.com/api/qt/stock/kline/get?fields1=f1%2Cf2%2Cf3%2Cf4%2Cf5%2Cf6&fields2=f51%2Cf52%2Cf53%2Cf54%2Cf55%2Cf56%2Cf57%2Cf58%2Cf59%2Cf60%2Cf61%2Cf116&ut=7eea3edcaed734bea9cbfc24409ed989&klt=101&fqt=1&secid=0.300814&beg=20160305&end=20210811&_=1623766962675
[2026-03-03 22:00:01] 开始执行 analysis_daily_job（数据分析）
22:00:17 [WARNING] 从东方财富获取数据失败（最近 60s 内累计 4 次）: 最新失败 300817 - ('Connection aborted.', RemoteDisconnected('Remote end closed connection without response'))
22:01:20 [WARNING] 从东方财富获取数据失败（最近 60s 内累计 4 次）: 最新失败 300823 - HTTPConnectionPool(host='43.231.78.203', port=8080): Max retries exceeded with url: http://push2his.eastmoney.com/api/qt/stock/kline/get?fields1=f1%2Cf2%2Cf3%2Cf4%2Cf5%2Cf6&fields2=f51%2Cf52%2Cf53%2Cf54%2Cf55%2Cf56%2Cf57%2Cf58%2Cf59%2Cf60%2Cf61%2Cf116&ut=7eea3edcaed734bea9cbfc24409ed989&klt=101&fqt=1&secid=0.300823&beg=20160305&end=20200318&_=1623766962675 (Caused by ConnectTimeoutError(<urllib3.connection.HTTPConnection object at 0x7fbfe214ac10>, 'Connection to 43.231.78.203 timed out. (connect timeout=15)'))
22:02:04 [WARNING] 代理池：未能从免费代理源获取到候选代理
22:02:40 [WARNING] 从东方财富获取数据失败（最近 60s 内累计 5 次）: 最新失败 300827 - ('Connection aborted.', RemoteDisconnected('Remote end closed connection without response'))
22:03:57 [WARNING] 从东方财富获取数据失败（最近 60s 内累计 5 次）: 最新失败 300833 - ('Connection aborted.', RemoteDisconnected('Remote end closed connection without response'))
22:05:06 [WARNING] 从东方财富获取数据失败（最近 60s 内累计 4 次）: 最新失败 300836 - HTTPConnectionPool(host='45.71.15.97', port=9292): Max retries exceeded with url: http://push2his.eastmoney.com/api/qt/stock/kline/get?fields1=f1%2Cf2%2Cf3%2Cf4%2Cf5%2Cf6&fields2=f51%2Cf52%2Cf53%2Cf54%2Cf55%2Cf56%2Cf57%2Cf58%2Cf59%2Cf60%2Cf61%2Cf116&ut=7eea3edcaed734bea9cbfc24409ed989&klt=101&fqt=1&secid=0.300836&beg=20160305&end=20200527&_=1623766962675 (Caused by ConnectTimeoutError(<urllib3.connection.HTTPConnection object at 0x7fbfe22bc290>, 'Connection to 45.71.15.97 timed out. (connect timeout=15)'))
22:06:08 [WARNING] 从东方财富获取数据失败（最近 60s 内累计 3 次）: 最新失败 300839 - HTTPConnectionPool(host='209.14.98.6', port=8080): Max retries exceeded with url: http://push2his.eastmoney.com/api/qt/stock/kline/get?fields1=f1%2Cf2%2Cf3%2Cf4%2Cf5%2Cf6&fields2=f51%2Cf52%2Cf53%2Cf54%2Cf55%2Cf56%2Cf57%2Cf58%2Cf59%2Cf60%2Cf61%2Cf116&ut=7eea3edcaed734bea9cbfc24409ed989&klt=101&fqt=1&secid=0.300839&beg=20160305&end=20200629&_=1623766962675 (Caused by ConnectTimeoutError(<urllib3.connection.HTTPConnection object at 0x7fbfe22dd590>, 'Connection to 209.14.98.6 timed out. (connect timeout=15)'))
22:07:20 [WARNING] 从东方财富获取数据失败（最近 60s 内累计 4 次）: 最新失败 300844 - HTTPConnectionPool(host='196.1.93.10', port=80): Max retries exceeded with url: http://push2his.eastmoney.com/api/qt/stock/kline/get?fields1=f1%2Cf2%2Cf3%2Cf4%2Cf5%2Cf6&fields2=f51%2Cf52%2Cf53%2Cf54%2Cf55%2Cf56%2Cf57%2Cf58%2Cf59%2Cf60%2Cf61%2Cf116&ut=7eea3edcaed734bea9cbfc24409ed989&klt=101&fqt=1&secid=0.300844&beg=20160305&end=20210812&_=1623766962675 (Caused by ConnectTimeoutError(<urllib3.connection.HTTPConnection object at 0x7fbfe214ce10>, 'Connection to 196.1.93.10 timed out. (connect timeout=15)'))
22:08:21 [WARNING] 从东方财富获取数据失败（最近 60s 内累计 3 次）: 最新失败 300847 - HTTPConnectionPool(host='181.78.195.137', port=999): Max retries exceeded with url: http://push2his.eastmoney.com/api/qt/stock/kline/get?fields1=f1%2Cf2%2Cf3%2Cf4%2Cf5%2Cf6&fields2=f51%2Cf52%2Cf53%2Cf54%2Cf55%2Cf56%2Cf57%2Cf58%2Cf59%2Cf60%2Cf61%2Cf116&ut=7eea3edcaed734bea9cbfc24409ed989&klt=101&fqt=1&secid=0.300847&beg=20160305&end=20200708&_=1623766962675 (Caused by ConnectTimeoutError(<urllib3.connection.HTTPConnection object at 0x7fbfe2289c50>, 'Connection to 181.78.195.137 timed out. (connect timeout=15)'))
22:09:22 [WARNING] 从东方财富获取数据失败（最近 60s 内累计 3 次）: 最新失败 300851 - ('Connection aborted.', RemoteDisconnected('Remote end closed connection without response'))
22:09:31 [WARNING] 从东方财富获取数据失败(尝试2/2): 300849 - HTTPConnectionPool(host='209.14.98.6', port=8080): Read timed out. (read timeout=15)
22:10:23 [WARNING] 从东方财富获取数据失败（最近 60s 内累计 3 次）: 最新失败 300854 - 502 Server Error: Bad Gateway for url: http://push2his.eastmoney.com/api/qt/stock/kline/get?fields1=f1%2Cf2%2Cf3%2Cf4%2Cf5%2Cf6&fields2=f51%2Cf52%2Cf53%2Cf54%2Cf55%2Cf56%2Cf57%2Cf58%2Cf59%2Cf60%2Cf61%2Cf116&ut=7eea3edcaed734bea9cbfc24409ed989&klt=101&fqt=1&secid=0.300854&beg=20160305&end=20210915&_=1623766962675
22:11:24 [WARNING] 从东方财富获取数据失败（最近 60s 内累计 3 次）: 最新失败 300857 - HTTPConnectionPool(host='65.20.154.62', port=28080): Max retries exceeded with url: http://push2his.eastmoney.com/api/qt/stock/kline/get?fields1=f1%2Cf2%2Cf3%2Cf4%2Cf5%2Cf6&fields2=f51%2Cf52%2Cf53%2Cf54%2Cf55%2Cf56%2Cf57%2Cf58%2Cf59%2Cf60%2Cf61%2Cf116&ut=7eea3edcaed734bea9cbfc24409ed989&klt=101&fqt=1&secid=0.300857&beg=20160305&end=20200726&_=1623766962675 (Caused by ConnectTimeoutError(<urllib3.connection.HTTPConnection object at 0x7fbfe183cb50>, 'Connection to 65.20.154.62 timed out. (connect timeout=15)'))
22:12:43 [WARNING] 从东方财富获取数据失败（最近 60s 内累计 5 次）: 最新失败 300863 - 502 Server Error: Bad Gateway for url: http://push2his.eastmoney.com/api/qt/stock/kline/get?fields1=f1%2Cf2%2Cf3%2Cf4%2Cf5%2Cf6&fields2=f51%2Cf52%2Cf53%2Cf54%2Cf55%2Cf56%2Cf57%2Cf58%2Cf59%2Cf60%2Cf61%2Cf116&ut=7eea3edcaed734bea9cbfc24409ed989&klt=101&fqt=1&secid=0.300863&beg=20160305&end=20200823&_=1623766962675
22:13:51 [WARNING] 从东方财富获取数据失败（最近 60s 内累计 6 次）: 最新失败 300868 - ('Connection aborted.', RemoteDisconnected('Remote end closed connection without response'))
22:15:00 [WARNING] 从东方财富获取数据失败（最近 60s 内累计 5 次）: 最新失败 300873 - ('Connection aborted.', RemoteDisconnected('Remote end closed connection without response'))
22:16:21 [WARNING] 从东方财富获取数据失败（最近 60s 内累计 7 次）: 最新失败 300880 - 502 Server Error: Connection reset by peer for url: http://push2his.eastmoney.com/api/qt/stock/kline/get?fields1=f1%2Cf2%2Cf3%2Cf4%2Cf5%2Cf6&fields2=f51%2Cf52%2Cf53%2Cf54%2Cf55%2Cf56%2Cf57%2Cf58%2Cf59%2Cf60%2Cf61%2Cf116&ut=7eea3edcaed734bea9cbfc24409ed989&klt=101&fqt=1&secid=0.300880&beg=20160305&end=20200831&_=1623766962675
22:17:24 [WARNING] 从东方财富获取数据失败（最近 60s 内累计 5 次）: 最新失败 300883 - ('Connection aborted.', RemoteDisconnected('Remote end closed connection without response'))
22:17:27 [WARNING] 从东方财富获取数据失败(尝试1/2): 300881 - HTTPConnectionPool(host='135.148.120.6', port=80): Read timed out. (read timeout=15)
22:17:44 [WARNING] 数据源 [东方财富] 连续失败 5 次，降级 300 秒（第1次降级，优先使用其他数据源）
22:18:42 [WARNING] 从东方财富获取数据失败（最近 60s 内累计 4 次）: 最新失败 300886 - HTTPConnectionPool(host='65.20.154.62', port=28080): Max retries exceeded with url: http://push2his.eastmoney.com/api/qt/stock/kline/get?fields1=f1%2Cf2%2Cf3%2Cf4%2Cf5%2Cf6&fields2=f51%2Cf52%2Cf53%2Cf54%2Cf55%2Cf56%2Cf57%2Cf58%2Cf59%2Cf60%2Cf61%2Cf116&ut=7eea3edcaed734bea9cbfc24409ed989&klt=101&fqt=1&secid=0.300886&beg=20160305&end=20200915&_=1623766962675 (Caused by ConnectTimeoutError(<urllib3.connection.HTTPConnection object at 0x7fbfe1625d10>, 'Connection to 65.20.154.62 timed out. (connect timeout=15)'))
22:19:51 [WARNING] 从东方财富获取数据失败（最近 60s 内累计 4 次）: 最新失败 300889 - ('Connection aborted.', RemoteDisconnected('Remote end closed connection without response'))
22:21:03 [WARNING] 从东方财富获取数据失败（最近 60s 内累计 4 次）: 最新失败 300895 - ('Connection aborted.', RemoteDisconnected('Remote end closed connection without response'))
22:21:15 [WARNING] 数据源 [东方财富] 连续失败 5 次，降级 300 秒（第1次降级，优先使用其他数据源）
22:22:54 [WARNING] 从东方财富获取数据失败（最近 60s 内累计 6 次）: 最新失败 002417 - 502 Server Error: Bad Gateway for url: http://push2his.eastmoney.com/api/qt/stock/kline/get?fields1=f1%2Cf2%2Cf3%2Cf4%2Cf5%2Cf6&fields2=f51%2Cf52%2Cf53%2Cf54%2Cf55%2Cf56%2Cf57%2Cf58%2Cf59%2Cf60%2Cf61%2Cf116&ut=7eea3edcaed734bea9cbfc24409ed989&klt=101&fqt=1&secid=0.002417&beg=20230708&end=20260303&_=1623766962675
22:23:55 [WARNING] 从东方财富获取数据失败（最近 60s 内累计 4 次）: 最新失败 002435 - ('Connection aborted.', RemoteDisconnected('Remote end closed connection without response'))
22:25:32 [WARNING] 从东方财富获取数据失败（最近 60s 内累计 4 次）: 最新失败 002450 - HTTPConnectionPool(host='65.20.154.62', port=28080): Max retries exceeded with url: http://push2his.eastmoney.com/api/qt/stock/kline/get?fields1=f1%2Cf2%2Cf3%2Cf4%2Cf5%2Cf6&fields2=f51%2Cf52%2Cf53%2Cf54%2Cf55%2Cf56%2Cf57%2Cf58%2Cf59%2Cf60%2Cf61%2Cf116&ut=7eea3edcaed734bea9cbfc24409ed989&klt=101&fqt=1&secid=0.002450&beg=20210529&end=20260303&_=1623766962675 (Caused by ConnectTimeoutError(<urllib3.connection.HTTPConnection object at 0x7fbfe4dde450>, 'Connection to 65.20.154.62 timed out. (connect timeout=15)'))
22:26:34 [WARNING] 从东方财富获取数据失败（最近 60s 内累计 3 次）: 最新失败 002484 - ('Connection aborted.', RemoteDisconnected('Remote end closed connection without response'))
22:26:52 [WARNING] 数据源 [东方财富] 连续失败 5 次，降级 300 秒（第1次降级，优先使用其他数据源）
22:27:29 [WARNING] 数据源 [东方财富] 连续失败 5 次，降级 300 秒（第1次降级，优先使用其他数据源）
22:27:48 [WARNING] 从东方财富获取数据失败（最近 60s 内累计 18 次）: 最新失败 002502 - ('Connection aborted.', RemoteDisconnected('Remote end closed connection without response'))
22:29:00 [WARNING] 从东方财富获取数据失败（最近 60s 内累计 5 次）: 最新失败 002515 - HTTPConnectionPool(host='41.223.119.156', port=3128): Max retries exceeded with url: http://push2his.eastmoney.com/api/qt/stock/kline/get?fields1=f1%2Cf2%2Cf3%2Cf4%2Cf5%2Cf6&fields2=f51%2Cf52%2Cf53%2Cf54%2Cf55%2Cf56%2Cf57%2Cf58%2Cf59%2Cf60%2Cf61%2Cf116&ut=7eea3edcaed734bea9cbfc24409ed989&klt=101&fqt=1&secid=0.002515&beg=20160305&end=20160726&_=1623766962675 (Caused by ConnectTimeoutError(<urllib3.connection.HTTPConnection object at 0x7fbfe2281250>, 'Connection to 41.223.119.156 timed out. (connect timeout=15)'))
22:30:32 [WARNING] 从东方财富获取数据失败（最近 60s 内累计 2 次）: 最新失败 002569 - ('Connection aborted.', RemoteDisconnected('Remote end closed connection without response'))
22:31:50 [WARNING] 从东方财富获取数据失败（最近 60s 内累计 3 次）: 最新失败 002599 - ('Connection aborted.', RemoteDisconnected('Remote end closed connection without response'))
22:33:05 [WARNING] 从东方财富获取数据失败（最近 60s 内累计 5 次）: 最新失败 605337 - ('Connection aborted.', RemoteDisconnected('Remote end closed connection without response'))
22:34:13 [WARNING] 从东方财富获取数据失败（最近 60s 内累计 6 次）: 最新失败 605376 - ('Connection aborted.', RemoteDisconnected('Remote end closed connection without response'))
22:35:14 [WARNING] 从东方财富获取数据失败（最近 60s 内累计 6 次）: 最新失败 300702 - ('Connection aborted.', RemoteDisconnected('Remote end closed connection without response'))
[2026-03-03 22:35:40] 数据分析完成 (成功)
22:36:07 [WARNING] 数据源 [东方财富] 连续失败 5 次，降级 300 秒（第1次降级，优先使用其他数据源）
22:36:23 [WARNING] 从东方财富获取数据失败（最近 60s 内累计 11 次）: 最新失败 300709 - ('Connection aborted.', RemoteDisconnected('Remote end closed connection without response'))
22:37:36 [WARNING] 从东方财富获取数据失败（最近 60s 内累计 7 次）: 最新失败 300718 - ('Connection aborted.', RemoteDisconnected('Remote end closed connection without response'))
22:37:53 [WARNING] 数据源 [东方财富] 连续失败 5 次，降级 300 秒（第1次降级，优先使用其他数据源）
22:38:19 [WARNING] 数据源 [东方财富] 连续失败 5 次，降级 300 秒（第1次降级，优先使用其他数据源）
22:38:49 [WARNING] 从东方财富获取数据失败（最近 60s 内累计 10 次）: 最新失败 300725 - ('Connection aborted.', RemoteDisconnected('Remote end closed connection without response'))
22:39:47 [WARNING] 数据源 [东方财富] 连续失败 5 次，降级 300 秒（第1次降级，优先使用其他数据源）
22:40:13 [WARNING] 从东方财富获取数据失败（最近 60s 内累计 9 次）: 最新失败 300736 - ('Connection aborted.', RemoteDisconnected('Remote end closed connection without response'))
22:41:16 [WARNING] 从东方财富获取数据失败（最近 60s 内累计 8 次）: 最新失败 300742 - ('Connection aborted.', RemoteDisconnected('Remote end closed connection without response'))
22:42:17 [WARNING] 从东方财富获取数据失败（最近 60s 内累计 10 次）: 最新失败 300752 - ('Connection aborted.', RemoteDisconnected('Remote end closed connection without response'))
22:42:17 [WARNING] 数据源 [东方财富] 连续失败 5 次，降级 300 秒（第1次降级，优先使用其他数据源）
22:43:26 [WARNING] 从东方财富获取数据失败（最近 60s 内累计 5 次）: 最新失败 300758 - HTTPConnectionPool(host='46.29.162.166', port=80): Max retries exceeded with url: http://push2his.eastmoney.com/api/qt/stock/kline/get?fields1=f1%2Cf2%2Cf3%2Cf4%2Cf5%2Cf6&fields2=f51%2Cf52%2Cf53%2Cf54%2Cf55%2Cf56%2Cf57%2Cf58%2Cf59%2Cf60%2Cf61%2Cf116&ut=7eea3edcaed734bea9cbfc24409ed989&klt=101&fqt=1&secid=0.300758&beg=20160305&end=20190221&_=1623766962675 (Caused by ProxyError('Cannot connect to proxy.', RemoteDisconnected('Remote end closed connection without response')))
22:43:51 [WARNING] 数据源 [东方财富] 连续失败 5 次，降级 300 秒（第1次降级，优先使用其他数据源）
22:44:31 [WARNING] 从东方财富获取数据失败（最近 60s 内累计 10 次）: 最新失败 300768 - ('Connection aborted.', RemoteDisconnected('Remote end closed connection without response'))
22:44:43 [WARNING] 数据源 [东方财富] 连续失败 5 次，降级 300 秒（第1次降级，优先使用其他数据源）
22:45:24 [WARNING] 数据源 [东方财富] 连续失败 5 次，降级 300 秒（第1次降级，优先使用其他数据源）
22:45:49 [WARNING] 从东方财富获取数据失败（最近 60s 内累计 9 次）: 最新失败 300775 - ('Connection aborted.', RemoteDisconnected('Remote end closed connection without response'))
22:47:00 [WARNING] 从东方财富获取数据失败（最近 60s 内累计 7 次）: 最新失败 300783 - ('Connection aborted.', RemoteDisconnected('Remote end closed connection without response'))
22:48:06 [WARNING] 从东方财富获取数据失败（最近 60s 内累计 10 次）: 最新失败 300791 - ('Connection aborted.', RemoteDisconnected('Remote end closed connection without response'))
22:49:15 [WARNING] 从东方财富获取数据失败（最近 60s 内累计 9 次）: 最新失败 300798 - HTTPConnectionPool(host='143.42.66.91', port=80): Max retries exceeded with url: http://push2his.eastmoney.com/api/qt/stock/kline/get?fields1=f1%2Cf2%2Cf3%2Cf4%2Cf5%2Cf6&fields2=f51%2Cf52%2Cf53%2Cf54%2Cf55%2Cf56%2Cf57%2Cf58%2Cf59%2Cf60%2Cf61%2Cf116&ut=7eea3edcaed734bea9cbfc24409ed989&klt=101&fqt=1&secid=0.300798&beg=20260303&end=20260303&_=1623766962675 (Caused by ProxyError('Cannot connect to proxy.', RemoteDisconnected('Remote end closed connection without response')))
22:49:59 [WARNING] 数据源 [东方财富] 连续失败 5 次，降级 300 秒（第1次降级，优先使用其他数据源）
22:50:20 [WARNING] 从东方财富获取数据失败（最近 60s 内累计 15 次）: 最新失败 601658 - ('Connection aborted.', RemoteDisconnected('Remote end closed connection without response'))
22:51:36 [WARNING] 从东方财富获取数据失败（最近 60s 内累计 4 次）: 最新失败 002711 - ('Connection aborted.', RemoteDisconnected('Remote end closed connection without response'))
22:52:54 [WARNING] 从东方财富获取数据失败（最近 60s 内累计 4 次）: 最新失败 002750 - ('Connection aborted.', RemoteDisconnected('Remote end closed connection without response'))
22:54:03 [WARNING] 从东方财富获取数据失败（最近 60s 内累计 4 次）: 最新失败 002776 - ('Connection aborted.', RemoteDisconnected('Remote end closed connection without response'))
22:55:03 [WARNING] 从东方财富获取数据失败（最近 60s 内累计 5 次）: 最新失败 002795 - ('Connection aborted.', RemoteDisconnected('Remote end closed connection without response'))
22:55:57 [WARNING] 数据源 [东方财富] 连续失败 5 次，降级 300 秒（第1次降级，优先使用其他数据源）
22:56:23 [WARNING] 从东方财富获取数据失败（最近 60s 内累计 9 次）: 最新失败 002219 - ('Connection aborted.', RemoteDisconnected('Remote end closed connection without response'))
22:57:34 [WARNING] 从东方财富获取数据失败（最近 60s 内累计 3 次）: 最新失败 002246 - ('Connection aborted.', RemoteDisconnected('Remote end closed connection without response'))
22:58:49 [WARNING] 从东方财富获取数据失败（最近 60s 内累计 3 次）: 最新失败 002280 - ('Connection aborted.', RemoteDisconnected('Remote end closed connection without response'))
23:00:16 [WARNING] 从东方财富获取数据失败（最近 60s 内累计 4 次）: 最新失败 600806 - ('Connection aborted.', RemoteDisconnected('Remote end closed connection without response'))
23:01:33 [WARNING] 从东方财富获取数据失败（最近 60s 内累计 3 次）: 最新失败 600836 - ('Connection aborted.', RemoteDisconnected('Remote end closed connection without response'))
23:02:51 [WARNING] 从东方财富获取数据失败（最近 60s 内累计 5 次）: 最新失败 600856 - ('Connection aborted.', RemoteDisconnected('Remote end closed connection without response'))
23:04:20 [WARNING] 从东方财富获取数据失败（最近 60s 内累计 4 次）: 最新失败 600878 - ('Connection aborted.', RemoteDisconnected('Remote end closed connection without response'))
23:04:57 [WARNING] 数据源 [东方财富] 连续失败 5 次，降级 300 秒（第1次降级，优先使用其他数据源）
23:05:21 [WARNING] 从东方财富获取数据失败（最近 60s 内累计 7 次）: 最新失败 002800 - ('Connection aborted.', RemoteDisconnected('Remote end closed connection without response'))
23:06:24 [WARNING] 从东方财富获取数据失败（最近 60s 内累计 12 次）: 最新失败 002809 - ('Connection aborted.', RemoteDisconnected('Remote end closed connection without response'))
23:06:24 [WARNING] 数据源 [东方财富] 连续失败 5 次，降级 300 秒（第1次降级，优先使用其他数据源）
23:07:34 [WARNING] 从东方财富获取数据失败（最近 60s 内累计 7 次）: 最新失败 002820 - ('Connection aborted.', RemoteDisconnected('Remote end closed connection without response'))
23:07:51 [WARNING] 数据源 [东方财富] 连续失败 5 次，降级 300 秒（第1次降级，优先使用其他数据源）
23:08:30 [WARNING] 数据源 [东方财富] 连续失败 5 次，降级 300 秒（第1次降级，优先使用其他数据源）
23:08:43 [WARNING] 从东方财富获取数据失败（最近 60s 内累计 13 次）: 最新失败 002831 - ('Connection aborted.', RemoteDisconnected('Remote end closed connection without response'))
23:09:28 [WARNING] 数据源 [东方财富] 连续失败 5 次，降级 300 秒（第1次降级，优先使用其他数据源）
23:09:52 [WARNING] 从东方财富获取数据失败（最近 60s 内累计 12 次）: 最新失败 002843 - ('Connection aborted.', RemoteDisconnected('Remote end closed connection without response'))
23:11:06 [WARNING] 从东方财富获取数据失败（最近 60s 内累计 10 次）: 最新失败 002855 - ('Connection aborted.', RemoteDisconnected('Remote end closed connection without response'))
23:12:08 [WARNING] 从东方财富获取数据失败（最近 60s 内累计 11 次）: 最新失败 002864 - ('Connection aborted.', RemoteDisconnected('Remote end closed connection without response'))
23:12:11 [WARNING] 数据源 [东方财富] 连续失败 5 次，降级 300 秒（第1次降级，优先使用其他数据源）
23:13:09 [WARNING] 从东方财富获取数据失败（最近 60s 内累计 7 次）: 最新失败 002872 - ('Connection aborted.', RemoteDisconnected('Remote end closed connection without response'))
23:14:21 [WARNING] 从东方财富获取数据失败（最近 60s 内累计 8 次）: 最新失败 002881 - ('Connection aborted.', RemoteDisconnected('Remote end closed connection without response'))
23:15:18 [WARNING] 数据源 [东方财富] 连续失败 5 次，降级 300 秒（第1次降级，优先使用其他数据源）
23:15:36 [WARNING] 从东方财富获取数据失败（最近 60s 内累计 11 次）: 最新失败 002890 - ('Connection aborted.', RemoteDisconnected('Remote end closed connection without response'))
23:16:29 [WARNING] Certificate did not match expected hostname: 47.252.11.233. Certificate: {'subject': ((('countryName', 'BS'),), (('stateOrProvinceName', 'EGFAGRQTHEXS'),), (('localityName', 'EPTEIGLZFUIIDJ'),), (('organizationName', 'NUPFVMCWD'),), (('organizationalUnitName', 'OD'),), (('commonName', 'localhost'),)), 'issuer': ((('countryName', 'CV'),), (('stateOrProvinceName', 'FJRBTJMNVUEOVC'),), (('localityName', 'EPQTYICNNPI'),), (('organizationName', 'YMEBAKIKZEZLFDUKHN'),), (('organizationalUnitName', 'DP'),), (('commonName', 'localhost'),)), 'version': 3, 'serialNumber': '20068B1BF07FE8CA4C12D380B4E9A2091B13CF18', 'notBefore': 'Feb  6 08:30:59 2026 GMT', 'notAfter': 'Feb  6 08:30:59 2027 GMT', 'subjectAltName': (('DNS', 'localhost'), ('IP Address', '127.0.0.1'))}
23:16:37 [WARNING] 从东方财富获取数据失败（最近 60s 内累计 6 次）: 最新失败 001306 - ('Connection aborted.', RemoteDisconnected('Remote end closed connection without response'))
23:16:41 [WARNING] 数据源 [东方财富] 连续失败 5 次，降级 300 秒（第1次降级，优先使用其他数据源）
23:17:59 [WARNING] 从东方财富获取数据失败（最近 60s 内累计 6 次）: 最新失败 001316 - ('Connection aborted.', RemoteDisconnected('Remote end closed connection without response'))
23:19:03 [WARNING] 从东方财富获取数据失败（最近 60s 内累计 4 次）: 最新失败 001318 - HTTPConnectionPool(host='116.80.63.64', port=7777): Max retries exceeded with url: http://push2his.eastmoney.com/api/qt/stock/kline/get?fields1=f1%2Cf2%2Cf3%2Cf4%2Cf5%2Cf6&fields2=f51%2Cf52%2Cf53%2Cf54%2Cf55%2Cf56%2Cf57%2Cf58%2Cf59%2Cf60%2Cf61%2Cf116&ut=7eea3edcaed734bea9cbfc24409ed989&klt=101&fqt=1&secid=0.001318&beg=20160305&end=20220519&_=1623766962675 (Caused by ConnectTimeoutError(<urllib3.connection.HTTPConnection object at 0x7fbfe00d7a90>, 'Connection to 116.80.63.64 timed out. (connect timeout=15)'))
23:20:09 [WARNING] 从东方财富获取数据失败（最近 60s 内累计 2 次）: 最新失败 001325 - ('Connection aborted.', RemoteDisconnected('Remote end closed connection without response'))
23:21:33 [WARNING] 从东方财富获取数据失败（最近 60s 内累计 4 次）: 最新失败 001332 - HTTPConnectionPool(host='8.219.97.248', port=80): Max retries exceeded with url: http://push2his.eastmoney.com/api/qt/stock/kline/get?fields1=f1%2Cf2%2Cf3%2Cf4%2Cf5%2Cf6&fields2=f51%2Cf52%2Cf53%2Cf54%2Cf55%2Cf56%2Cf57%2Cf58%2Cf59%2Cf60%2Cf61%2Cf116&ut=7eea3edcaed734bea9cbfc24409ed989&klt=101&fqt=1&secid=0.001332&beg=20160305&end=20220919&_=1623766962675 (Caused by ProxyError('Cannot connect to proxy.', RemoteDisconnected('Remote end closed connection without response')))
23:22:53 [WARNING] 从东方财富获取数据失败（最近 60s 内累计 5 次）: 最新失败 001339 - ('Connection aborted.', RemoteDisconnected('Remote end closed connection without response'))
23:24:07 [WARNING] 从东方财富获取数据失败（最近 60s 内累计 4 次）: 最新失败 001360 - ('Connection aborted.', RemoteDisconnected('Remote end closed connection without response'))
23:25:26 [WARNING] 从东方财富获取数据失败（最近 60s 内累计 3 次）: 最新失败 001369 - HTTPConnectionPool(host='174.138.119.88', port=80): Max retries exceeded with url: http://push2his.eastmoney.com/api/qt/stock/kline/get?fields1=f1%2Cf2%2Cf3%2Cf4%2Cf5%2Cf6&fields2=f51%2Cf52%2Cf53%2Cf54%2Cf55%2Cf56%2Cf57%2Cf58%2Cf59%2Cf60%2Cf61%2Cf116&ut=7eea3edcaed734bea9cbfc24409ed989&klt=101&fqt=1&secid=0.001369&beg=20160305&end=20251229&_=1623766962675 (Caused by ProxyError('Cannot connect to proxy.', ConnectionResetError(104, 'Connection reset by peer')))
23:26:40 [WARNING] 从东方财富获取数据失败（最近 60s 内累计 4 次）: 最新失败 001382 - HTTPConnectionPool(host='177.130.25.76', port=8080): Max retries exceeded with url: http://push2his.eastmoney.com/api/qt/stock/kline/get?fields1=f1%2Cf2%2Cf3%2Cf4%2Cf5%2Cf6&fields2=f51%2Cf52%2Cf53%2Cf54%2Cf55%2Cf56%2Cf57%2Cf58%2Cf59%2Cf60%2Cf61%2Cf116&ut=7eea3edcaed734bea9cbfc24409ed989&klt=101&fqt=1&secid=0.001382&beg=20160305&end=20250320&_=1623766962675 (Caused by ConnectTimeoutError(<urllib3.connection.HTTPConnection object at 0x7fbfe2230b90>, 'Connection to 177.130.25.76 timed out. (connect timeout=15)'))
23:28:07 [WARNING] 从东方财富获取数据失败（最近 60s 内累计 5 次）: 最新失败 001391 - HTTPConnectionPool(host='89.116.88.19', port=80): Max retries exceeded with url: http://push2his.eastmoney.com/api/qt/stock/kline/get?fields1=f1%2Cf2%2Cf3%2Cf4%2Cf5%2Cf6&fields2=f51%2Cf52%2Cf53%2Cf54%2Cf55%2Cf56%2Cf57%2Cf58%2Cf59%2Cf60%2Cf61%2Cf116&ut=7eea3edcaed734bea9cbfc24409ed989&klt=101&fqt=1&secid=0.001391&beg=20160305&end=20241229&_=1623766962675 (Caused by ProxyError('Cannot connect to proxy.', RemoteDisconnected('Remote end closed connection without response')))
23:29:36 [WARNING] 从东方财富获取数据失败（最近 60s 内累计 4 次）: 最新失败 600705 - HTTPConnectionPool(host='103.177.199.101', port=1111): Max retries exceeded with url: http://push2his.eastmoney.com/api/qt/stock/kline/get?fields1=f1%2Cf2%2Cf3%2Cf4%2Cf5%2Cf6&fields2=f51%2Cf52%2Cf53%2Cf54%2Cf55%2Cf56%2Cf57%2Cf58%2Cf59%2Cf60%2Cf61%2Cf116&ut=7eea3edcaed734bea9cbfc24409ed989&klt=101&fqt=1&secid=1.600705&beg=20251227&end=20260303&_=1623766962675 (Caused by ConnectTimeoutError(<urllib3.connection.HTTPConnection object at 0x7fbfe21d4b90>, 'Connection to 103.177.199.101 timed out. (connect timeout=15)'))
23:30:40 [WARNING] 从东方财富获取数据失败（最近 60s 内累计 2 次）: 最新失败 600723 - 503 Server Error: Service Unavailable for url: http://push2his.eastmoney.com/api/qt/stock/kline/get?fields1=f1%2Cf2%2Cf3%2Cf4%2Cf5%2Cf6&fields2=f51%2Cf52%2Cf53%2Cf54%2Cf55%2Cf56%2Cf57%2Cf58%2Cf59%2Cf60%2Cf61%2Cf116&ut=7eea3edcaed734bea9cbfc24409ed989&klt=101&fqt=1&secid=1.600723&beg=20210916&end=20260303&_=1623766962675
23:31:48 [WARNING] 从东方财富获取数据失败（最近 60s 内累计 3 次）: 最新失败 600747 - HTTPConnectionPool(host='163.172.53.142', port=80): Max retries exceeded with url: http://push2his.eastmoney.com/api/qt/stock/kline/get?fields1=f1%2Cf2%2Cf3%2Cf4%2Cf5%2Cf6&fields2=f51%2Cf52%2Cf53%2Cf54%2Cf55%2Cf56%2Cf57%2Cf58%2Cf59%2Cf60%2Cf61%2Cf116&ut=7eea3edcaed734bea9cbfc24409ed989&klt=101&fqt=1&secid=1.600747&beg=20191207&end=20260303&_=1623766962675 (Caused by ConnectTimeoutError(<urllib3.connection.HTTPConnection object at 0x7fbfe222e490>, 'Connection to 163.172.53.142 timed out. (connect timeout=15)'))
23:33:33 [WARNING] 从东方财富获取数据失败（最近 60s 内累计 4 次）: 最新失败 600767 - ('Connection aborted.', RemoteDisconnected('Remote end closed connection without response'))
23:34:52 [WARNING] 从东方财富获取数据失败（最近 60s 内累计 4 次）: 最新失败 600781 - HTTPConnectionPool(host='213.230.110.191', port=3128): Max retries exceeded with url: http://push2his.eastmoney.com/api/qt/stock/kline/get?fields1=f1%2Cf2%2Cf3%2Cf4%2Cf5%2Cf6&fields2=f51%2Cf52%2Cf53%2Cf54%2Cf55%2Cf56%2Cf57%2Cf58%2Cf59%2Cf60%2Cf61%2Cf116&ut=7eea3edcaed734bea9cbfc24409ed989&klt=101&fqt=1&secid=1.600781&beg=20230620&end=20260303&_=1623766962675 (Caused by ConnectTimeoutError(<urllib3.connection.HTTPConnection object at 0x7fbfe18070d0>, 'Connection to 213.230.110.191 timed out. (connect timeout=15)'))
23:36:00 [WARNING] 从东方财富获取数据失败（最近 60s 内累计 3 次）: 最新失败 600799 - ('Connection aborted.', RemoteDisconnected('Remote end closed connection without response'))
23:37:03 [WARNING] 从东方财富获取数据失败（最近 60s 内累计 3 次）: 最新失败 300028 - 503 Server Error: Service Unavailable for url: http://push2his.eastmoney.com/api/qt/stock/kline/get?fields1=f1%2Cf2%2Cf3%2Cf4%2Cf5%2Cf6&fields2=f51%2Cf52%2Cf53%2Cf54%2Cf55%2Cf56%2Cf57%2Cf58%2Cf59%2Cf60%2Cf61%2Cf116&ut=7eea3edcaed734bea9cbfc24409ed989&klt=101&fqt=1&secid=0.300028&beg=20160305&end=20160329&_=1623766962675
23:38:29 [WARNING] 从东方财富获取数据失败（最近 60s 内累计 3 次）: 最新失败 300054 - ('Connection aborted.', RemoteDisconnected('Remote end closed connection without response'))
23:39:44 [WARNING] 从东方财富获取数据失败（最近 60s 内累计 4 次）: 最新失败 300071 - ('Connection aborted.', RemoteDisconnected('Remote end closed connection without response'))
23:41:07 [WARNING] 从东方财富获取数据失败（最近 60s 内累计 3 次）: 最新失败 600306 - 502 Server Error: Bad Gateway for url: http://push2his.eastmoney.com/api/qt/stock/kline/get?fields1=f1%2Cf2%2Cf3%2Cf4%2Cf5%2Cf6&fields2=f51%2Cf52%2Cf53%2Cf54%2Cf55%2Cf56%2Cf57%2Cf58%2Cf59%2Cf60%2Cf61%2Cf116&ut=7eea3edcaed734bea9cbfc24409ed989&klt=101&fqt=1&secid=1.600306&beg=20251227&end=20260303&_=1623766962675
23:42:52 [WARNING] 从东方财富获取数据失败（最近 60s 内累计 4 次）: 最新失败 600349 - ('Connection aborted.', RemoteDisconnected('Remote end closed connection without response'))
23:43:53 [WARNING] 从东方财富获取数据失败（最近 60s 内累计 2 次）: 最新失败 600385 - ('Connection aborted.', RemoteDisconnected('Remote end closed connection without response'))
23:45:02 [WARNING] 从东方财富获取数据失败（最近 60s 内累计 4 次）: 最新失败 000606 - HTTPConnectionPool(host='116.80.63.67', port=7777): Max retries exceeded with url: http://push2his.eastmoney.com/api/qt/stock/kline/get?fields1=f1%2Cf2%2Cf3%2Cf4%2Cf5%2Cf6&fields2=f51%2Cf52%2Cf53%2Cf54%2Cf55%2Cf56%2Cf57%2Cf58%2Cf59%2Cf60%2Cf61%2Cf116&ut=7eea3edcaed734bea9cbfc24409ed989&klt=101&fqt=1&secid=0.000606&beg=20230706&end=20260303&_=1623766962675 (Caused by ConnectTimeoutError(<urllib3.connection.HTTPConnection object at 0x7fbfe01057d0>, 'Connection to 116.80.63.67 timed out. (connect timeout=15)'))
23:46:10 [WARNING] 从东方财富获取数据失败（最近 60s 内累计 3 次）: 最新失败 000618 - ('Connection aborted.', RemoteDisconnected('Remote end closed connection without response'))
23:47:12 [WARNING] 从东方财富获取数据失败（最近 60s 内累计 3 次）: 最新失败 000638 - 502 Server Error: Bad Gateway for url: http://push2his.eastmoney.com/api/qt/stock/kline/get?fields1=f1%2Cf2%2Cf3%2Cf4%2Cf5%2Cf6&fields2=f51%2Cf52%2Cf53%2Cf54%2Cf55%2Cf56%2Cf57%2Cf58%2Cf59%2Cf60%2Cf61%2Cf116&ut=7eea3edcaed734bea9cbfc24409ed989&klt=101&fqt=1&secid=0.000638&beg=20160305&end=20160724&_=1623766962675
23:48:59 [WARNING] 从东方财富获取数据失败（最近 60s 内累计 2 次）: 最新失败 000658 - ('Connection aborted.', RemoteDisconnected('Remote end closed connection without response'))
23:50:04 [WARNING] 从东方财富获取数据失败（最近 60s 内累计 6 次）: 最新失败 000671 - 502 Server Error: Bad Gateway for url: http://push2his.eastmoney.com/api/qt/stock/kline/get?fields1=f1%2Cf2%2Cf3%2Cf4%2Cf5%2Cf6&fields2=f51%2Cf52%2Cf53%2Cf54%2Cf55%2Cf56%2Cf57%2Cf58%2Cf59%2Cf60%2Cf61%2Cf116&ut=7eea3edcaed734bea9cbfc24409ed989&klt=101&fqt=1&secid=0.000671&beg=20230610&end=20260303&_=1623766962675
23:51:29 [WARNING] 从东方财富获取数据失败（最近 60s 内累计 3 次）: 最新失败 000687 - 502 Server Error: Bad Gateway for url: http://push2his.eastmoney.com/api/qt/stock/kline/get?fields1=f1%2Cf2%2Cf3%2Cf4%2Cf5%2Cf6&fields2=f51%2Cf52%2Cf53%2Cf54%2Cf55%2Cf56%2Cf57%2Cf58%2Cf59%2Cf60%2Cf61%2Cf116&ut=7eea3edcaed734bea9cbfc24409ed989&klt=101&fqt=1&secid=0.000687&beg=20220617&end=20260303&_=1623766962675
23:53:23 [WARNING] 从东方财富获取数据失败（最近 60s 内累计 3 次）: 最新失败 600614 - HTTPConnectionPool(host='103.210.22.17', port=3128): Max retries exceeded with url: http://push2his.eastmoney.com/api/qt/stock/kline/get?fields1=f1%2Cf2%2Cf3%2Cf4%2Cf5%2Cf6&fields2=f51%2Cf52%2Cf53%2Cf54%2Cf55%2Cf56%2Cf57%2Cf58%2Cf59%2Cf60%2Cf61%2Cf116&ut=7eea3edcaed734bea9cbfc24409ed989&klt=101&fqt=1&secid=1.600614&beg=20210715&end=20260303&_=1623766962675 (Caused by ConnectTimeoutError(<urllib3.connection.HTTPConnection object at 0x7fbfe1807190>, 'Connection to 103.210.22.17 timed out. (connect timeout=15)'))
23:54:24 [WARNING] 从东方财富获取数据失败(尝试1/2): 600627 - 404 Client Error: Not Found for url: http://push2his.eastmoney.com/api/qt/stock/kline/get?fields1=f1%2Cf2%2Cf3%2Cf4%2Cf5%2Cf6&fields2=f51%2Cf52%2Cf53%2Cf54%2Cf55%2Cf56%2Cf57%2Cf58%2Cf59%2Cf60%2Cf61%2Cf116&ut=7eea3edcaed734bea9cbfc24409ed989&klt=101&fqt=1&secid=1.600627&beg=20160305&end=20260303&_=1623766962675
23:55:01 [WARNING] 从东方财富获取数据失败（最近 60s 内累计 3 次）: 最新失败 600631 - 502 Server Error: Bad Gateway for url: http://push2his.eastmoney.com/api/qt/stock/kline/get?fields1=f1%2Cf2%2Cf3%2Cf4%2Cf5%2Cf6&fields2=f51%2Cf52%2Cf53%2Cf54%2Cf55%2Cf56%2Cf57%2Cf58%2Cf59%2Cf60%2Cf61%2Cf116&ut=7eea3edcaed734bea9cbfc24409ed989&klt=101&fqt=1&secid=1.600631&beg=20160305&end=20260303&_=1623766962675
23:56:06 [WARNING] 从东方财富获取数据失败（最近 60s 内累计 2 次）: 最新失败 600634 - ('Connection aborted.', RemoteDisconnected('Remote end closed connection without response'))
23:57:11 [WARNING] 从东方财富获取数据失败: 600647 - ('Connection aborted.', RemoteDisconnected('Remote end closed connection without response'))
23:58:42 [WARNING] 从东方财富获取数据失败（最近 60s 内累计 5 次）: 最新失败 600656 - 502 Server Error: Bad Gateway for url: http://push2his.eastmoney.com/api/qt/stock/kline/get?fields1=f1%2Cf2%2Cf3%2Cf4%2Cf5%2Cf6&fields2=f51%2Cf52%2Cf53%2Cf54%2Cf55%2Cf56%2Cf57%2Cf58%2Cf59%2Cf60%2Cf61%2Cf116&ut=7eea3edcaed734bea9cbfc24409ed989&klt=101&fqt=1&secid=1.600656&beg=20160512&end=20260303&_=1623766962675
23:59:48 [WARNING] 从东方财富获取数据失败（最近 60s 内累计 4 次）: 最新失败 600669 - HTTPConnectionPool(host='49.156.44.115', port=8080): Max retries exceeded with url: http://push2his.eastmoney.com/api/qt/stock/kline/get?fields1=f1%2Cf2%2Cf3%2Cf4%2Cf5%2Cf6&fields2=f51%2Cf52%2Cf53%2Cf54%2Cf55%2Cf56%2Cf57%2Cf58%2Cf59%2Cf60%2Cf61%2Cf116&ut=7eea3edcaed734bea9cbfc24409ed989&klt=101&fqt=1&secid=1.600669&beg=20160305&end=20260303&_=1623766962675 (Caused by ConnectTimeoutError(<urllib3.connection.HTTPConnection object at 0x7fbfe26ed450>, 'Connection to 49.156.44.115 timed out. (connect timeout=15)'))
00:01:19 [WARNING] 从东方财富获取数据失败（最近 60s 内累计 4 次）: 最新失败 600680 - HTTPConnectionPool(host='49.156.44.115', port=8080): Max retries exceeded with url: http://push2his.eastmoney.com/api/qt/stock/kline/get?fields1=f1%2Cf2%2Cf3%2Cf4%2Cf5%2Cf6&fields2=f51%2Cf52%2Cf53%2Cf54%2Cf55%2Cf56%2Cf57%2Cf58%2Cf59%2Cf60%2Cf61%2Cf116&ut=7eea3edcaed734bea9cbfc24409ed989&klt=101&fqt=1&secid=1.600680&beg=20180428&end=20260303&_=1623766962675 (Caused by ConnectTimeoutError(<urllib3.connection.HTTPConnection object at 0x7fbfe28ddd90>, 'Connection to 49.156.44.115 timed out. (connect timeout=15)'))
00:02:43 [WARNING] 从东方财富获取数据失败（最近 60s 内累计 4 次）: 最新失败 605555 - ('Connection aborted.', RemoteDisconnected('Remote end closed connection without response'))
00:03:55 [WARNING] 从东方财富获取数据失败（最近 60s 内累计 5 次）: 最新失败 605580 - ('Connection aborted.', RemoteDisconnected('Remote end closed connection without response'))
00:04:59 [WARNING] 从东方财富获取数据失败（最近 60s 内累计 5 次）: 最新失败 605599 - HTTPConnectionPool(host='116.80.63.67', port=7777): Max retries exceeded with url: http://push2his.eastmoney.com/api/qt/stock/kline/get?fields1=f1%2Cf2%2Cf3%2Cf4%2Cf5%2Cf6&fields2=f51%2Cf52%2Cf53%2Cf54%2Cf55%2Cf56%2Cf57%2Cf58%2Cf59%2Cf60%2Cf61%2Cf116&ut=7eea3edcaed734bea9cbfc24409ed989&klt=101&fqt=1&secid=1.605599&beg=20160305&end=20210908&_=1623766962675 (Caused by ConnectTimeoutError(<urllib3.connection.HTTPConnection object at 0x7fbfe215db50>, 'Connection to 116.80.63.67 timed out. (connect timeout=15)'))
00:06:01 [WARNING] 从东方财富获取数据失败（最近 60s 内累计 5 次）: 最新失败 601838 - 503 Server Error: Service Unavailable for url: http://push2his.eastmoney.com/api/qt/stock/kline/get?fields1=f1%2Cf2%2Cf3%2Cf4%2Cf5%2Cf6&fields2=f51%2Cf52%2Cf53%2Cf54%2Cf55%2Cf56%2Cf57%2Cf58%2Cf59%2Cf60%2Cf61%2Cf116&ut=7eea3edcaed734bea9cbfc24409ed989&klt=101&fqt=1&secid=1.601838&beg=20160305&end=20180130&_=1623766962675
00:07:04 [WARNING] 从东方财富获取数据失败（最近 60s 内累计 6 次）: 最新失败 601882 - 502 Server Error: Bad Gateway for url: http://push2his.eastmoney.com/api/qt/stock/kline/get?fields1=f1%2Cf2%2Cf3%2Cf4%2Cf5%2Cf6&fields2=f51%2Cf52%2Cf53%2Cf54%2Cf55%2Cf56%2Cf57%2Cf58%2Cf59%2Cf60%2Cf61%2Cf116&ut=7eea3edcaed734bea9cbfc24409ed989&klt=101&fqt=1&secid=1.601882&beg=20160305&end=20161106&_=1623766962675
00:08:16 [WARNING] 从东方财富获取数据失败（最近 60s 内累计 3 次）: 最新失败 600438 - ('Connection aborted.', RemoteDisconnected('Remote end closed connection without response'))
00:09:19 [WARNING] 从东方财富获取数据失败（最近 60s 内累计 4 次）: 最新失败 600462 - 502 Server Error: Bad Gateway for url: http://push2his.eastmoney.com/api/qt/stock/kline/get?fields1=f1%2Cf2%2Cf3%2Cf4%2Cf5%2Cf6&fields2=f51%2Cf52%2Cf53%2Cf54%2Cf55%2Cf56%2Cf57%2Cf58%2Cf59%2Cf60%2Cf61%2Cf116&ut=7eea3edcaed734bea9cbfc24409ed989&klt=101&fqt=1&secid=1.600462&beg=20250715&end=20260303&_=1623766962675
00:10:46 [WARNING] 从东方财富获取数据失败（最近 60s 内累计 4 次）: 最新失败 600485 - HTTPConnectionPool(host='116.80.63.67', port=7777): Max retries exceeded with url: http://push2his.eastmoney.com/api/qt/stock/kline/get?fields1=f1%2Cf2%2Cf3%2Cf4%2Cf5%2Cf6&fields2=f51%2Cf52%2Cf53%2Cf54%2Cf55%2Cf56%2Cf57%2Cf58%2Cf59%2Cf60%2Cf61%2Cf116&ut=7eea3edcaed734bea9cbfc24409ed989&klt=101&fqt=1&secid=1.600485&beg=20160305&end=20160518&_=1623766962675 (Caused by ConnectTimeoutError(<urllib3.connection.HTTPConnection object at 0x7fbfe2731ed0>, 'Connection to 116.80.63.67 timed out. (connect timeout=15)'))
00:11:56 [WARNING] 从东方财富获取数据失败（最近 60s 内累计 3 次）: 最新失败 601236 - HTTPConnectionPool(host='212.127.95.235', port=8081): Max retries exceeded with url: http://push2his.eastmoney.com/api/qt/stock/kline/get?fields1=f1%2Cf2%2Cf3%2Cf4%2Cf5%2Cf6&fields2=f51%2Cf52%2Cf53%2Cf54%2Cf55%2Cf56%2Cf57%2Cf58%2Cf59%2Cf60%2Cf61%2Cf116&ut=7eea3edcaed734bea9cbfc24409ed989&klt=101&fqt=1&secid=1.601236&beg=20160305&end=20190704&_=1623766962675 (Caused by ProxyError('Cannot connect to proxy.', ConnectionResetError(104, 'Connection reset by peer')))
00:13:12 [WARNING] 从东方财富获取数据失败（最近 60s 内累计 5 次）: 最新失败 601299 - ('Connection aborted.', RemoteDisconnected('Remote end closed connection without response'))
00:14:19 [WARNING] 从东方财富获取数据失败（最近 60s 内累计 2 次）: 最新失败 601956 - ('Connection aborted.', RemoteDisconnected('Remote end closed connection without response'))
00:15:26 [WARNING] 从东方财富获取数据失败（最近 60s 内累计 6 次）: 最新失败 601996 - ('Connection aborted.', RemoteDisconnected('Remote end closed connection without response'))
00:16:40 [WARNING] 从东方财富获取数据失败（最近 60s 内累计 9 次）: 最新失败 605008 - ('Connection aborted.', RemoteDisconnected('Remote end closed connection without response'))
00:17:51 [WARNING] 从东方财富获取数据失败（最近 60s 内累计 5 次）: 最新失败 605016 - HTTPConnectionPool(host='83.168.74.163', port=8080): Max retries exceeded with url: http://push2his.eastmoney.com/api/qt/stock/kline/get?fields1=f1%2Cf2%2Cf3%2Cf4%2Cf5%2Cf6&fields2=f51%2Cf52%2Cf53%2Cf54%2Cf55%2Cf56%2Cf57%2Cf58%2Cf59%2Cf60%2Cf61%2Cf116&ut=7eea3edcaed734bea9cbfc24409ed989&klt=101&fqt=1&secid=1.605016&beg=20260303&end=20260303&_=1623766962675 (Caused by ConnectTimeoutError(<urllib3.connection.HTTPConnection object at 0x7fbfe22e1ed0>, 'Connection to 83.168.74.163 timed out. (connect timeout=15)'))
00:18:11 [WARNING] 数据源 [东方财富] 连续失败 5 次，降级 300 秒（第1次降级，优先使用其他数据源）
00:19:23 [WARNING] 从东方财富获取数据失败（最近 60s 内累计 4 次）: 最新失败 605058 - ('Connection aborted.', RemoteDisconnected('Remote end closed connection without response'))
00:20:33 [WARNING] 从东方财富获取数据失败(尝试1/2): 605069 - 500 Server Error: Internal Server Error for url: http://push2his.eastmoney.com/api/qt/stock/kline/get?fields1=f1%2Cf2%2Cf3%2Cf4%2Cf5%2Cf6&fields2=f51%2Cf52%2Cf53%2Cf54%2Cf55%2Cf56%2Cf57%2Cf58%2Cf59%2Cf60%2Cf61%2Cf116&ut=7eea3edcaed734bea9cbfc24409ed989&klt=101&fqt=1&secid=1.605069&beg=20160305&end=20210815&_=1623766962675
00:20:39 [WARNING] 从东方财富获取数据失败（最近 60s 内累计 5 次）: 最新失败 605077 - HTTPConnectionPool(host='154.17.224.118', port=80): Max retries exceeded with url: http://push2his.eastmoney.com/api/qt/stock/kline/get?fields1=f1%2Cf2%2Cf3%2Cf4%2Cf5%2Cf6&fields2=f51%2Cf52%2Cf53%2Cf54%2Cf55%2Cf56%2Cf57%2Cf58%2Cf59%2Cf60%2Cf61%2Cf116&ut=7eea3edcaed734bea9cbfc24409ed989&klt=101&fqt=1&secid=1.605077&beg=20160305&end=20210208&_=1623766962675 (Caused by ProxyError('Cannot connect to proxy.', RemoteDisconnected('Remote end closed connection without response')))
00:21:53 [WARNING] 从东方财富获取数据失败（最近 60s 内累计 2 次）: 最新失败 605081 - ('Connection aborted.', RemoteDisconnected('Remote end closed connection without response'))
00:23:05 [WARNING] 从东方财富获取数据失败（最近 60s 内累计 3 次）: 最新失败 605089 - HTTPConnectionPool(host='116.80.63.67', port=7777): Max retries exceeded with url: http://push2his.eastmoney.com/api/qt/stock/kline/get?fields1=f1%2Cf2%2Cf3%2Cf4%2Cf5%2Cf6&fields2=f51%2Cf52%2Cf53%2Cf54%2Cf55%2Cf56%2Cf57%2Cf58%2Cf59%2Cf60%2Cf61%2Cf116&ut=7eea3edcaed734bea9cbfc24409ed989&klt=101&fqt=1&secid=1.605089&beg=20160305&end=20210426&_=1623766962675 (Caused by ConnectTimeoutError(<urllib3.connection.HTTPConnection object at 0x7fbfe01581d0>, 'Connection to 116.80.63.67 timed out. (connect timeout=15)'))
00:24:27 [WARNING] 从东方财富获取数据失败（最近 60s 内累计 4 次）: 最新失败 300309 - 502 Server Error: Bad Gateway for url: http://push2his.eastmoney.com/api/qt/stock/kline/get?fields1=f1%2Cf2%2Cf3%2Cf4%2Cf5%2Cf6&fields2=f51%2Cf52%2Cf53%2Cf54%2Cf55%2Cf56%2Cf57%2Cf58%2Cf59%2Cf60%2Cf61%2Cf116&ut=7eea3edcaed734bea9cbfc24409ed989&klt=101&fqt=1&secid=0.300309&beg=20230530&end=20260303&_=1623766962675
00:25:36 [WARNING] 从东方财富获取数据失败（最近 60s 内累计 5 次）: 最新失败 300330 - 502 Server Error: Bad Gateway for url: http://push2his.eastmoney.com/api/qt/stock/kline/get?fields1=f1%2Cf2%2Cf3%2Cf4%2Cf5%2Cf6&fields2=f51%2Cf52%2Cf53%2Cf54%2Cf55%2Cf56%2Cf57%2Cf58%2Cf59%2Cf60%2Cf61%2Cf116&ut=7eea3edcaed734bea9cbfc24409ed989&klt=101&fqt=1&secid=0.300330&beg=20160305&end=20160509&_=1623766962675
00:26:50 [WARNING] 从东方财富获取数据失败（最近 60s 内累计 5 次）: 最新失败 300344 - ('Connection aborted.', RemoteDisconnected('Remote end closed connection without response'))
00:27:57 [WARNING] 从东方财富获取数据失败（最近 60s 内累计 6 次）: 最新失败 300361 - ('Connection aborted.', RemoteDisconnected('Remote end closed connection without response'))
00:28:58 [WARNING] 从东方财富获取数据失败（最近 60s 内累计 2 次）: 最新失败 300372 - HTTPConnectionPool(host='154.17.228.122', port=80): Max retries exceeded with url: http://push2his.eastmoney.com/api/qt/stock/kline/get?fields1=f1%2Cf2%2Cf3%2Cf4%2Cf5%2Cf6&fields2=f51%2Cf52%2Cf53%2Cf54%2Cf55%2Cf56%2Cf57%2Cf58%2Cf59%2Cf60%2Cf61%2Cf116&ut=7eea3edcaed734bea9cbfc24409ed989&klt=101&fqt=1&secid=0.300372&beg=20210628&end=20260303&_=1623766962675 (Caused by ProxyError('Cannot connect to proxy.', RemoteDisconnected('Remote end closed connection without response')))
00:30:04 [WARNING] 从东方财富获取数据失败（最近 60s 内累计 6 次）: 最新失败 300394 - ('Connection aborted.', RemoteDisconnected('Remote end closed connection without response'))
00:31:27 [WARNING] 从东方财富获取数据失败（最近 60s 内累计 7 次）: 最新失败 603202 - ('Connection aborted.', RemoteDisconnected('Remote end closed connection without response'))
00:32:02 [WARNING] 数据源 [东方财富] 连续失败 5 次，降级 300 秒（第1次降级，优先使用其他数据源）
00:33:04 [WARNING] 从东方财富获取数据失败（最近 60s 内累计 6 次）: 最新失败 603211 - ('Connection aborted.', RemoteDisconnected('Remote end closed connection without response'))
00:34:22 [WARNING] 从东方财富获取数据失败（最近 60s 内累计 5 次）: 最新失败 603217 - HTTPConnectionPool(host='154.17.224.118', port=80): Max retries exceeded with url: http://push2his.eastmoney.com/api/qt/stock/kline/get?fields1=f1%2Cf2%2Cf3%2Cf4%2Cf5%2Cf6&fields2=f51%2Cf52%2Cf53%2Cf54%2Cf55%2Cf56%2Cf57%2Cf58%2Cf59%2Cf60%2Cf61%2Cf116&ut=7eea3edcaed734bea9cbfc24409ed989&klt=101&fqt=1&secid=1.603217&beg=20160305&end=20190619&_=1623766962675 (Caused by ProxyError('Cannot connect to proxy.', RemoteDisconnected('Remote end closed connection without response')))
00:35:28 [WARNING] 从东方财富获取数据失败（最近 60s 内累计 8 次）: 最新失败 603221 - ('Connection aborted.', RemoteDisconnected('Remote end closed connection without response'))
00:35:30 [WARNING] 数据源 [东方财富] 连续失败 5 次，降级 300 秒（第1次降级，优先使用其他数据源）
00:36:33 [WARNING] 从东方财富获取数据失败（最近 60s 内累计 4 次）: 最新失败 603235 - ('Connection aborted.', RemoteDisconnected('Remote end closed connection without response'))
00:37:38 [WARNING] 从东方财富获取数据失败（最近 60s 内累计 4 次）: 最新失败 603255 - 502 Server Error: Bad Gateway for url: http://push2his.eastmoney.com/api/qt/stock/kline/get?fields1=f1%2Cf2%2Cf3%2Cf4%2Cf5%2Cf6&fields2=f51%2Cf52%2Cf53%2Cf54%2Cf55%2Cf56%2Cf57%2Cf58%2Cf59%2Cf60%2Cf61%2Cf116&ut=7eea3edcaed734bea9cbfc24409ed989&klt=101&fqt=1&secid=1.603255&beg=20160305&end=20220817&_=1623766962675
00:37:58 [WARNING] 从东方财富获取数据失败(尝试1/2): 603258 - 404 Client Error: Not Found for url: http://push2his.eastmoney.com/api/qt/stock/kline/get?fields1=f1%2Cf2%2Cf3%2Cf4%2Cf5%2Cf6&fields2=f51%2Cf52%2Cf53%2Cf54%2Cf55%2Cf56%2Cf57%2Cf58%2Cf59%2Cf60%2Cf61%2Cf116&ut=7eea3edcaed734bea9cbfc24409ed989&klt=101&fqt=1&secid=1.603258&beg=20160305&end=20161025&_=1623766962675
00:38:54 [WARNING] 从东方财富获取数据失败（最近 60s 内累计 4 次）: 最新失败 603260 - HTTPConnectionPool(host='219.93.101.62', port=80): Max retries exceeded with url: http://push2his.eastmoney.com/api/qt/stock/kline/get?fields1=f1%2Cf2%2Cf3%2Cf4%2Cf5%2Cf6&fields2=f51%2Cf52%2Cf53%2Cf54%2Cf55%2Cf56%2Cf57%2Cf58%2Cf59%2Cf60%2Cf61%2Cf116&ut=7eea3edcaed734bea9cbfc24409ed989&klt=101&fqt=1&secid=1.603260&beg=20160305&end=20171029&_=1623766962675 (Caused by ConnectTimeoutError(<urllib3.connection.HTTPConnection object at 0x7fbfe22e9f10>, 'Connection to 219.93.101.62 timed out. (connect timeout=15)'))
00:39:57 [WARNING] 从东方财富获取数据失败（最近 60s 内累计 3 次）: 最新失败 603262 - HTTPConnectionPool(host='154.17.228.122', port=80): Max retries exceeded with url: http://push2his.eastmoney.com/api/qt/stock/kline/get?fields1=f1%2Cf2%2Cf3%2Cf4%2Cf5%2Cf6&fields2=f51%2Cf52%2Cf53%2Cf54%2Cf55%2Cf56%2Cf57%2Cf58%2Cf59%2Cf60%2Cf61%2Cf116&ut=7eea3edcaed734bea9cbfc24409ed989&klt=101&fqt=1&secid=1.603262&beg=20160305&end=20250722&_=1623766962675 (Caused by ProxyError('Cannot connect to proxy.', RemoteDisconnected('Remote end closed connection without response')))
00:41:11 [WARNING] 从东方财富获取数据失败（最近 60s 内累计 5 次）: 最新失败 603271 - HTTPConnectionPool(host='154.17.228.122', port=80): Max retries exceeded with url: http://push2his.eastmoney.com/api/qt/stock/kline/get?fields1=f1%2Cf2%2Cf3%2Cf4%2Cf5%2Cf6&fields2=f51%2Cf52%2Cf53%2Cf54%2Cf55%2Cf56%2Cf57%2Cf58%2Cf59%2Cf60%2Cf61%2Cf116&ut=7eea3edcaed734bea9cbfc24409ed989&klt=101&fqt=1&secid=1.603271&beg=20160305&end=20250310&_=1623766962675 (Caused by ProxyError('Cannot connect to proxy.', RemoteDisconnected('Remote end closed connection without response')))
00:42:15 [WARNING] 从东方财富获取数据失败（最近 60s 内累计 5 次）: 最新失败 603279 - ('Connection aborted.', RemoteDisconnected('Remote end closed connection without response'))
00:43:17 [WARNING] 从东方财富获取数据失败（最近 60s 内累计 8 次）: 最新失败 603285 - ('Connection aborted.', RemoteDisconnected('Remote end closed connection without response'))
00:43:50 [WARNING] 数据源 [东方财富] 连续失败 5 次，降级 300 秒（第1次降级，优先使用其他数据源）
00:44:26 [WARNING] 从东方财富获取数据失败（最近 60s 内累计 7 次）: 最新失败 603296 - ('Connection aborted.', RemoteDisconnected('Remote end closed connection without response'))
00:45:25 [WARNING] 从东方财富获取数据失败(尝试2/2): 001202 - 404 Client Error: Not Found for url: http://push2his.eastmoney.com/api/qt/stock/kline/get?fields1=f1%2Cf2%2Cf3%2Cf4%2Cf5%2Cf6&fields2=f51%2Cf52%2Cf53%2Cf54%2Cf55%2Cf56%2Cf57%2Cf58%2Cf59%2Cf60%2Cf61%2Cf116&ut=7eea3edcaed734bea9cbfc24409ed989&klt=101&fqt=1&secid=0.001202&beg=20160305&end=20210428&_=1623766962675
00:45:27 [WARNING] 从东方财富获取数据失败（最近 60s 内累计 4 次）: 最新失败 001203 - 502 Server Error: Bad Gateway for url: http://push2his.eastmoney.com/api/qt/stock/kline/get?fields1=f1%2Cf2%2Cf3%2Cf4%2Cf5%2Cf6&fields2=f51%2Cf52%2Cf53%2Cf54%2Cf55%2Cf56%2Cf57%2Cf58%2Cf59%2Cf60%2Cf61%2Cf116&ut=7eea3edcaed734bea9cbfc24409ed989&klt=101&fqt=1&secid=0.001203&beg=20160305&end=20210509&_=1623766962675
00:46:29 [WARNING] 从东方财富获取数据失败（最近 60s 内累计 3 次）: 最新失败 001208 - ('Connection aborted.', RemoteDisconnected('Remote end closed connection without response'))
00:47:41 [WARNING] 从东方财富获取数据失败(尝试2/2): 001213 - 404 Client Error: Not Found for url: http://push2his.eastmoney.com/api/qt/stock/kline/get?fields1=f1%2Cf2%2Cf3%2Cf4%2Cf5%2Cf6&fields2=f51%2Cf52%2Cf53%2Cf54%2Cf55%2Cf56%2Cf57%2Cf58%2Cf59%2Cf60%2Cf61%2Cf116&ut=7eea3edcaed734bea9cbfc24409ed989&klt=101&fqt=1&secid=0.001213&beg=20160305&end=20210907&_=1623766962675
00:47:45 [WARNING] 从东方财富获取数据失败（最近 60s 内累计 4 次）: 最新失败 001215 - ('Connection aborted.', RemoteDisconnected('Remote end closed connection without response'))
00:49:03 [WARNING] 从东方财富获取数据失败（最近 60s 内累计 4 次）: 最新失败 001220 - 502 Server Error: Bad Gateway for url: http://push2his.eastmoney.com/api/qt/stock/kline/get?fields1=f1%2Cf2%2Cf3%2Cf4%2Cf5%2Cf6&fields2=f51%2Cf52%2Cf53%2Cf54%2Cf55%2Cf56%2Cf57%2Cf58%2Cf59%2Cf60%2Cf61%2Cf116&ut=7eea3edcaed734bea9cbfc24409ed989&klt=101&fqt=1&secid=0.001220&beg=20160305&end=20260202&_=1623766962675
00:50:07 [WARNING] 从东方财富获取数据失败（最近 60s 内累计 5 次）: 最新失败 001227 - ('Connection aborted.', RemoteDisconnected('Remote end closed connection without response'))
00:51:26 [WARNING] 从东方财富获取数据失败（最近 60s 内累计 4 次）: 最新失败 001233 - ('Connection aborted.', RemoteDisconnected('Remote end closed connection without response'))
00:52:27 [WARNING] 从东方财富获取数据失败（最近 60s 内累计 5 次）: 最新失败 001239 - ('Connection aborted.', RemoteDisconnected('Remote end closed connection without response'))
00:53:33 [WARNING] 从东方财富获取数据失败（最近 60s 内累计 4 次）: 最新失败 001266 - HTTPConnectionPool(host='154.17.224.118', port=80): Max retries exceeded with url: http://push2his.eastmoney.com/api/qt/stock/kline/get?fields1=f1%2Cf2%2Cf3%2Cf4%2Cf5%2Cf6&fields2=f51%2Cf52%2Cf53%2Cf54%2Cf55%2Cf56%2Cf57%2Cf58%2Cf59%2Cf60%2Cf61%2Cf116&ut=7eea3edcaed734bea9cbfc24409ed989&klt=101&fqt=1&secid=0.001266&beg=20260303&end=20260303&_=1623766962675 (Caused by ProxyError('Cannot connect to proxy.', RemoteDisconnected('Remote end closed connection without response')))
00:54:00 [WARNING] 数据源 [东方财富] 连续失败 5 次，降级 300 秒（第1次降级，优先使用其他数据源）
00:54:49 [WARNING] 从东方财富获取数据失败（最近 60s 内累计 5 次）: 最新失败 001278 - ('Connection aborted.', RemoteDisconnected('Remote end closed connection without response'))
00:56:13 [WARNING] 从东方财富获取数据失败（最近 60s 内累计 7 次）: 最新失败 001283 - 502 Server Error: Bad Gateway for url: http://push2his.eastmoney.com/api/qt/stock/kline/get?fields1=f1%2Cf2%2Cf3%2Cf4%2Cf5%2Cf6&fields2=f51%2Cf52%2Cf53%2Cf54%2Cf55%2Cf56%2Cf57%2Cf58%2Cf59%2Cf60%2Cf61%2Cf116&ut=7eea3edcaed734bea9cbfc24409ed989&klt=101&fqt=1&secid=0.001283&beg=20260303&end=20260303&_=1623766962675
00:57:36 [WARNING] 从东方财富获取数据失败（最近 60s 内累计 7 次）: 最新失败 000150 - HTTPConnectionPool(host='154.17.224.118', port=80): Max retries exceeded with url: http://push2his.eastmoney.com/api/qt/stock/kline/get?fields1=f1%2Cf2%2Cf3%2Cf4%2Cf5%2Cf6&fields2=f51%2Cf52%2Cf53%2Cf54%2Cf55%2Cf56%2Cf57%2Cf58%2Cf59%2Cf60%2Cf61%2Cf116&ut=7eea3edcaed734bea9cbfc24409ed989&klt=101&fqt=1&secid=0.000150&beg=20160305&end=20160313&_=1623766962675 (Caused by ProxyError('Cannot connect to proxy.', RemoteDisconnected('Remote end closed connection without response')))
00:58:42 [WARNING] 从东方财富获取数据失败（最近 60s 内累计 10 次）: 最新失败 000912 - 504 Server Error: Gateway Time-out for url: http://push2his.eastmoney.com/api/qt/stock/kline/get?fields1=f1%2Cf2%2Cf3%2Cf4%2Cf5%2Cf6&fields2=f51%2Cf52%2Cf53%2Cf54%2Cf55%2Cf56%2Cf57%2Cf58%2Cf59%2Cf60%2Cf61%2Cf116&ut=7eea3edcaed734bea9cbfc24409ed989&klt=101&fqt=1&secid=0.000912&beg=20260303&end=20260303&_=1623766962675
00:59:45 [WARNING] 从东方财富获取数据失败（最近 60s 内累计 10 次）: 最新失败 000936 - 504 Server Error: Gateway Time-out for url: http://push2his.eastmoney.com/api/qt/stock/kline/get?fields1=f1%2Cf2%2Cf3%2Cf4%2Cf5%2Cf6&fields2=f51%2Cf52%2Cf53%2Cf54%2Cf55%2Cf56%2Cf57%2Cf58%2Cf59%2Cf60%2Cf61%2Cf116&ut=7eea3edcaed734bea9cbfc24409ed989&klt=101&fqt=1&secid=0.000936&beg=20260303&end=20260303&_=1623766962675
01:00:48 [WARNING] 从东方财富获取数据失败（最近 60s 内累计 10 次）: 最新失败 000966 - ('Connection aborted.', RemoteDisconnected('Remote end closed connection without response'))
01:02:06 [WARNING] 从东方财富获取数据失败（最近 60s 内累计 9 次）: 最新失败 000989 - ('Connection aborted.', RemoteDisconnected('Remote end closed connection without response'))
01:03:08 [WARNING] 从东方财富获取数据失败（最近 60s 内累计 9 次）: 最新失败 601330 - ('Connection aborted.', RemoteDisconnected('Remote end closed connection without response'))
01:03:37 [WARNING] 数据源 [东方财富] 连续失败 5 次，降级 300 秒（第1次降级，优先使用其他数据源）
01:04:14 [WARNING] 从东方财富获取数据失败（最近 60s 内累计 8 次）: 最新失败 601399 - ('Connection aborted.', RemoteDisconnected('Remote end closed connection without response'))
01:05:29 [WARNING] 从东方财富获取数据失败（最近 60s 内累计 7 次）: 最新失败 300608 - ('Connection aborted.', RemoteDisconnected('Remote end closed connection without response'))
01:07:04 [WARNING] 从东方财富获取数据失败（最近 60s 内累计 9 次）: 最新失败 300620 - ('Connection aborted.', RemoteDisconnected('Remote end closed connection without response'))
01:08:05 [WARNING] 从东方财富获取数据失败（最近 60s 内累计 10 次）: 最新失败 300629 - ('Connection aborted.', RemoteDisconnected('Remote end closed connection without response'))
01:08:42 [WARNING] 数据源 [东方财富] 连续失败 5 次，降级 300 秒（第1次降级，优先使用其他数据源）
01:09:10 [WARNING] 从东方财富获取数据失败（最近 60s 内累计 8 次）: 最新失败 300635 - ('Connection aborted.', RemoteDisconnected('Remote end closed connection without response'))
01:10:12 [WARNING] 从东方财富获取数据失败（最近 60s 内累计 8 次）: 最新失败 300640 - ('Connection aborted.', RemoteDisconnected('Remote end closed connection without response'))
01:10:29 [WARNING] 数据源 [东方财富] 连续失败 5 次，降级 300 秒（第1次降级，优先使用其他数据源）
01:11:20 [WARNING] 从东方财富获取数据失败（最近 60s 内累计 10 次）: 最新失败 300650 - ('Connection aborted.', RemoteDisconnected('Remote end closed connection without response'))
01:12:13 [WARNING] 数据源 [东方财富] 连续失败 5 次，降级 300 秒（第1次降级，优先使用其他数据源）
01:12:43 [WARNING] 从东方财富获取数据失败（最近 60s 内累计 13 次）: 最新失败 300659 - ('Connection aborted.', RemoteDisconnected('Remote end closed connection without response'))
01:13:51 [WARNING] 从东方财富获取数据失败（最近 60s 内累计 6 次）: 最新失败 300666 - ('Connection aborted.', RemoteDisconnected('Remote end closed connection without response'))
01:14:53 [WARNING] 从东方财富获取数据失败（最近 60s 内累计 7 次）: 最新失败 300672 - ('Connection aborted.', RemoteDisconnected('Remote end closed connection without response'))
01:15:24 [WARNING] 数据源 [东方财富] 连续失败 5 次，降级 300 秒（第1次降级，优先使用其他数据源）
01:16:08 [WARNING] 从东方财富获取数据失败（最近 60s 内累计 7 次）: 最新失败 300679 - ('Connection aborted.', RemoteDisconnected('Remote end closed connection without response'))
01:17:18 [WARNING] 从东方财富获取数据失败（最近 60s 内累计 5 次）: 最新失败 300686 - ('Connection aborted.', RemoteDisconnected('Remote end closed connection without response'))
01:18:36 [WARNING] 从东方财富获取数据失败（最近 60s 内累计 7 次）: 最新失败 300696 - ('Connection aborted.', RemoteDisconnected('Remote end closed connection without response'))
01:18:51 [WARNING] 数据源 [东方财富] 连续失败 5 次，降级 300 秒（第1次降级，优先使用其他数据源）
01:19:43 [WARNING] 从东方财富获取数据失败（最近 60s 内累计 7 次）: 最新失败 300504 - ('Connection aborted.', RemoteDisconnected('Remote end closed connection without response'))
01:20:44 [WARNING] 从东方财富获取数据失败（最近 60s 内累计 8 次）: 最新失败 300514 - ('Connection aborted.', RemoteDisconnected('Remote end closed connection without response'))
01:21:14 [WARNING] 数据源 [东方财富] 连续失败 5 次，降级 300 秒（第1次降级，优先使用其他数据源）
01:21:49 [WARNING] 从东方财富获取数据失败（最近 60s 内累计 12 次）: 最新失败 300523 - ('Connection aborted.', RemoteDisconnected('Remote end closed connection without response'))
01:23:02 [WARNING] 从东方财富获取数据失败（最近 60s 内累计 5 次）: 最新失败 300531 - ('Connection aborted.', RemoteDisconnected('Remote end closed connection without response'))
01:24:09 [WARNING] 从东方财富获取数据失败（最近 60s 内累计 10 次）: 最新失败 300540 - ('Connection aborted.', RemoteDisconnected('Remote end closed connection without response'))
01:24:24 [WARNING] 数据源 [东方财富] 连续失败 5 次，降级 300 秒（第1次降级，优先使用其他数据源）
01:25:09 [WARNING] 从东方财富获取数据失败（最近 60s 内累计 9 次）: 最新失败 300548 - ('Connection aborted.', RemoteDisconnected('Remote end closed connection without response'))
01:25:57 [WARNING] 数据源 [东方财富] 连续失败 5 次，降级 300 秒（第1次降级，优先使用其他数据源）
01:26:20 [WARNING] 从东方财富获取数据失败（最近 60s 内累计 9 次）: 最新失败 300557 - ('Connection aborted.', RemoteDisconnected('Remote end closed connection without response'))
01:27:22 [WARNING] 从东方财富获取数据失败（最近 60s 内累计 7 次）: 最新失败 300565 - ('Connection aborted.', RemoteDisconnected('Remote end closed connection without response'))
01:28:23 [WARNING] 从东方财富获取数据失败（最近 60s 内累计 8 次）: 最新失败 300573 - ('Connection aborted.', RemoteDisconnected('Remote end closed connection without response'))
01:29:24 [WARNING] 从东方财富获取数据失败（最近 60s 内累计 8 次）: 最新失败 300582 - ('Connection aborted.', RemoteDisconnected('Remote end closed connection without response'))
[2026-03-04 01:30:01] 开始执行 analysis_daily_job（数据分析）
01:30:26 [WARNING] 从东方财富获取数据失败（最近 60s 内累计 7 次）: 最新失败 300590 - ('Connection aborted.', RemoteDisconnected('Remote end closed connection without response'))
01:31:30 [WARNING] 从东方财富获取数据失败（最近 60s 内累计 10 次）: 最新失败 300598 - ('Connection aborted.', RemoteDisconnected('Remote end closed connection without response'))
01:31:32 [WARNING] 数据源 [东方财富] 连续失败 5 次，降级 300 秒（第1次降级，优先使用其他数据源）
01:31:33 [WARNING] Certificate did not match expected hostname: 8.213.197.208. Certificate: {'subject': ((('countryName', 'IX'),), (('stateOrProvinceName', 'XXYQHLHDWGJRDENQ'),), (('localityName', 'LJRGQADKQY'),), (('organizationName', 'BPMATLYQHIOVOI'),), (('organizationalUnitName', 'IJ'),), (('commonName', 'localhost'),)), 'issuer': ((('countryName', 'BA'),), (('stateOrProvinceName', 'JZYVYWFDHVAHEQRZY'),), (('localityName', 'IOVIGACICZJ'),), (('organizationName', 'YBBXR'),), (('organizationalUnitName', 'JZ'),), (('commonName', 'localhost'),)), 'version': 3, 'serialNumber': '53728D78C073F12ED63CD4E6791330DBF85DDF3D', 'notBefore': 'Feb  6 08:26:18 2026 GMT', 'notAfter': 'Feb  6 08:26:18 2027 GMT', 'subjectAltName': (('DNS', 'localhost'), ('IP Address', '127.0.0.1'))}
/usr/lib/python3.11/site-packages/urllib3/connectionpool.py:1063: InsecureRequestWarning: Unverified HTTPS request is being made to host '116.80.77.99'. Adding certificate verification is strongly advised. See: https://urllib3.readthedocs.io/en/1.26.x/advanced-usage.html#ssl-warnings
  warnings.warn(
/usr/lib/python3.11/site-packages/urllib3/connectionpool.py:1063: InsecureRequestWarning: Unverified HTTPS request is being made to host '8.220.204.215'. Adding certificate verification is strongly advised. See: https://urllib3.readthedocs.io/en/1.26.x/advanced-usage.html#ssl-warnings
  warnings.warn(
/usr/lib/python3.11/site-packages/urllib3/connectionpool.py:1063: InsecureRequestWarning: Unverified HTTPS request is being made to host '125.128.12.144'. Adding certificate verification is strongly advised. See: https://urllib3.readthedocs.io/en/1.26.x/advanced-usage.html#ssl-warnings
  warnings.warn(
/usr/lib/python3.11/site-packages/urllib3/connectionpool.py:1063: InsecureRequestWarning: Unverified HTTPS request is being made to host '160.238.65.7'. Adding certificate verification is strongly advised. See: https://urllib3.readthedocs.io/en/1.26.x/advanced-usage.html#ssl-warnings
  warnings.warn(
/usr/lib/python3.11/site-packages/urllib3/connectionpool.py:1063: InsecureRequestWarning: Unverified HTTPS request is being made to host '205.209.118.30'. Adding certificate verification is strongly advised. See: https://urllib3.readthedocs.io/en/1.26.x/advanced-usage.html#ssl-warnings
  warnings.warn(
01:32:47 [WARNING] 从东方财富获取数据失败（最近 60s 内累计 6 次）: 最新失败 300117 - ('Connection aborted.', RemoteDisconnected('Remote end closed connection without response'))
01:34:06 [WARNING] 从东方财富获取数据失败（最近 60s 内累计 2 次）: 最新失败 300156 - ('Connection aborted.', RemoteDisconnected('Remote end closed connection without response'))
01:35:43 [WARNING] 从东方财富获取数据失败（最近 60s 内累计 4 次）: 最新失败 000711 - ('Connection aborted.', RemoteDisconnected('Remote end closed connection without response'))
01:36:48 [WARNING] 从东方财富获取数据失败（最近 60s 内累计 2 次）: 最新失败 000748 - ('Connection aborted.', RemoteDisconnected('Remote end closed connection without response'))
01:37:49 [WARNING] 从东方财富获取数据失败（最近 60s 内累计 3 次）: 最新失败 000763 - ('Connection aborted.', RemoteDisconnected('Remote end closed connection without response'))
01:39:11 [WARNING] 从东方财富获取数据失败（最近 60s 内累计 4 次）: 最新失败 000787 - ('Connection aborted.', RemoteDisconnected('Remote end closed connection without response'))
01:40:20 [WARNING] 从东方财富获取数据失败（最近 60s 内累计 4 次）: 最新失败 300907 - ('Connection aborted.', RemoteDisconnected('Remote end closed connection without response'))
01:41:22 [WARNING] 从东方财富获取数据失败（最近 60s 内累计 9 次）: 最新失败 300916 - ('Connection aborted.', RemoteDisconnected('Remote end closed connection without response'))
01:41:22 [WARNING] 数据源 [东方财富] 连续失败 5 次，降级 300 秒（第1次降级，优先使用其他数据源）
01:42:29 [WARNING] 从东方财富获取数据失败（最近 60s 内累计 4 次）: 最新失败 300920 - ('Connection aborted.', RemoteDisconnected('Remote end closed connection without response'))
01:43:39 [WARNING] 从东方财富获取数据失败（最近 60s 内累计 5 次）: 最新失败 300933 - ('Connection aborted.', RemoteDisconnected('Remote end closed connection without response'))
01:44:33 [WARNING] 数据源 [东方财富] 连续失败 5 次，降级 300 秒（第1次降级，优先使用其他数据源）
01:44:55 [WARNING] 从东方财富获取数据失败（最近 60s 内累计 9 次）: 最新失败 300940 - ('Connection aborted.', RemoteDisconnected('Remote end closed connection without response'))
01:46:00 [WARNING] 从东方财富获取数据失败（最近 60s 内累计 5 次）: 最新失败 300949 - ('Connection aborted.', RemoteDisconnected('Remote end closed connection without response'))
01:47:04 [WARNING] 从东方财富获取数据失败（最近 60s 内累计 5 次）: 最新失败 300958 - ('Connection aborted.', RemoteDisconnected('Remote end closed connection without response'))
01:48:17 [WARNING] 从东方财富获取数据失败（最近 60s 内累计 9 次）: 最新失败 300966 - ('Connection aborted.', RemoteDisconnected('Remote end closed connection without response'))
01:49:22 [WARNING] 从东方财富获取数据失败（最近 60s 内累计 7 次）: 最新失败 300975 - ('Connection aborted.', RemoteDisconnected('Remote end closed connection without response'))
01:49:33 [WARNING] 数据源 [东方财富] 连续失败 5 次，降级 300 秒（第1次降级，优先使用其他数据源）
01:50:22 [WARNING] 从东方财富获取数据失败（最近 60s 内累计 6 次）: 最新失败 300980 - ('Connection aborted.', RemoteDisconnected('Remote end closed connection without response'))
01:51:29 [WARNING] 从东方财富获取数据失败（最近 60s 内累计 3 次）: 最新失败 300987 - ('Connection aborted.', RemoteDisconnected('Remote end closed connection without response'))
01:52:39 [WARNING] 从东方财富获取数据失败（最近 60s 内累计 5 次）: 最新失败 300997 - ('Connection aborted.', RemoteDisconnected('Remote end closed connection without response'))
01:53:58 [WARNING] 从东方财富获取数据失败（最近 60s 内累计 5 次）: 最新失败 601022 - ('Connection aborted.', RemoteDisconnected('Remote end closed connection without response'))
01:55:08 [WARNING] 从东方财富获取数据失败（最近 60s 内累计 9 次）: 最新失败 601066 - ('Connection aborted.', RemoteDisconnected('Remote end closed connection without response'))
01:55:37 [WARNING] 数据源 [东方财富] 连续失败 5 次，降级 300 秒（第1次降级，优先使用其他数据源）
01:56:10 [WARNING] 从东方财富获取数据失败（最近 60s 内累计 7 次）: 最新失败 601089 - ('Connection aborted.', RemoteDisconnected('Remote end closed connection without response'))
01:57:27 [WARNING] 从东方财富获取数据失败（最近 60s 内累计 4 次）: 最新失败 002325 - ('Connection aborted.', RemoteDisconnected('Remote end closed connection without response'))
01:58:35 [WARNING] 从东方财富获取数据失败（最近 60s 内累计 3 次）: 最新失败 002354 - ('Connection aborted.', RemoteDisconnected('Remote end closed connection without response'))
01:59:40 [WARNING] 从东方财富获取数据失败（最近 60s 内累计 3 次）: 最新失败 002383 - ('Connection aborted.', RemoteDisconnected('Remote end closed connection without response'))
02:00:47 [WARNING] 从东方财富获取数据失败（最近 60s 内累计 6 次）: 最新失败 600908 - ('Connection aborted.', RemoteDisconnected('Remote end closed connection without response'))
02:02:03 [WARNING] 从东方财富获取数据失败（最近 60s 内累计 9 次）: 最新失败 600928 - ('Connection aborted.', RemoteDisconnected('Remote end closed connection without response'))
02:03:15 [WARNING] 从东方财富获取数据失败（最近 60s 内累计 10 次）: 最新失败 600958 - ('Connection aborted.', RemoteDisconnected('Remote end closed connection without response'))
02:04:15 [WARNING] 从东方财富获取数据失败（最近 60s 内累计 9 次）: 最新失败 600979 - ('Connection aborted.', RemoteDisconnected('Remote end closed connection without response'))
02:04:35 [WARNING] 数据源 [东方财富] 连续失败 5 次，降级 300 秒（第1次降级，优先使用其他数据源）
02:05:19 [WARNING] 从东方财富获取数据失败（最近 60s 内累计 10 次）: 最新失败 600502 - ('Connection aborted.', RemoteDisconnected('Remote end closed connection without response'))
02:06:21 [WARNING] 从东方财富获取数据失败（最近 60s 内累计 3 次）: 最新失败 600539 - ('Connection aborted.', RemoteDisconnected('Remote end closed connection without response'))
[2026-03-04 02:06:42] 数据分析完成 (成功)
02:07:26 [WARNING] 从东方财富获取数据失败（最近 60s 内累计 4 次）: 最新失败 600568 - ('Connection aborted.', RemoteDisconnected('Remote end closed connection without response'))
02:08:09 [WARNING] 数据源 [东方财富] 连续失败 5 次，降级 300 秒（第1次降级，优先使用其他数据源）
02:09:02 [WARNING] 从东方财富获取数据失败（最近 60s 内累计 12 次）: 最新失败 300202 - ('Connection aborted.', RemoteDisconnected('Remote end closed connection without response'))
02:10:16 [WARNING] 从东方财富获取数据失败（最近 60s 内累计 3 次）: 最新失败 300235 - ('Connection aborted.', RemoteDisconnected('Remote end closed connection without response'))
02:11:51 [WARNING] 从东方财富获取数据失败（最近 60s 内累计 4 次）: 最新失败 300280 - ('Connection aborted.', RemoteDisconnected('Remote end closed connection without response'))
02:12:53 [WARNING] 从东方财富获取数据失败（最近 60s 内累计 2 次）: 最新失败 300297 - ('Connection aborted.', RemoteDisconnected('Remote end closed connection without response'))
02:13:55 [WARNING] 从东方财富获取数据失败（最近 60s 内累计 4 次）: 最新失败 002118 - ('Connection aborted.', RemoteDisconnected('Remote end closed connection without response'))
02:14:57 [WARNING] 从东方财富获取数据失败（最近 60s 内累计 4 次）: 最新失败 002150 - ('Connection aborted.', RemoteDisconnected('Remote end closed connection without response'))
02:14:58 [WARNING] 数据源 [东方财富] 连续失败 5 次，降级 300 秒（第1次降级，优先使用其他数据源）
02:15:43 [WARNING] 数据源 [东方财富] 连续失败 5 次，降级 300 秒（第1次降级，优先使用其他数据源）
02:16:36 [WARNING] 从东方财富获取数据失败（最近 60s 内累计 7 次）: 最新失败 603603 - ('Connection aborted.', RemoteDisconnected('Remote end closed connection without response'))
02:17:42 [WARNING] 从东方财富获取数据失败（最近 60s 内累计 7 次）: 最新失败 603615 - ('Connection aborted.', RemoteDisconnected('Remote end closed connection without response'))
02:18:45 [WARNING] 从东方财富获取数据失败（最近 60s 内累计 7 次）: 最新失败 603633 - ('Connection aborted.', RemoteDisconnected('Remote end closed connection without response'))
02:19:28 [WARNING] 数据源 [东方财富] 连续失败 5 次，降级 300 秒（第1次降级，优先使用其他数据源）
02:20:14 [WARNING] 从东方财富获取数据失败（最近 60s 内累计 8 次）: 最新失败 603659 - ('Connection aborted.', RemoteDisconnected('Remote end closed connection without response'))
02:21:15 [WARNING] 从东方财富获取数据失败（最近 60s 内累计 10 次）: 最新失败 603676 - ('Connection aborted.', RemoteDisconnected('Remote end closed connection without response'))
02:22:23 [WARNING] 从东方财富获取数据失败（最近 60s 内累计 8 次）: 最新失败 603685 - ('Connection aborted.', RemoteDisconnected('Remote end closed connection without response'))
02:23:00 [WARNING] 数据源 [东方财富] 连续失败 5 次，降级 300 秒（第1次降级，优先使用其他数据源）
02:23:24 [WARNING] 从东方财富获取数据失败（最近 60s 内累计 16 次）: 最新失败 600108 - ('Connection aborted.', RemoteDisconnected('Remote end closed connection without response'))
02:23:24 [WARNING] 数据源 [东方财富] 连续失败 5 次，降级 300 秒（第1次降级，优先使用其他数据源）
02:24:27 [WARNING] 从东方财富获取数据失败（最近 60s 内累计 4 次）: 最新失败 600133 - ('Connection aborted.', RemoteDisconnected('Remote end closed connection without response'))
02:24:38 [WARNING] 数据源 [东方财富] 连续失败 5 次，降级 300 秒（第1次降级，优先使用其他数据源）
02:25:39 [WARNING] 从东方财富获取数据失败（最近 60s 内累计 8 次）: 最新失败 600153 - ('Connection aborted.', RemoteDisconnected('Remote end closed connection without response'))
02:26:59 [WARNING] 从东方财富获取数据失败（最近 60s 内累计 3 次）: 最新失败 600191 - ('Connection aborted.', RemoteDisconnected('Remote end closed connection without response'))
02:27:40 [WARNING] 数据源 [东方财富] 连续失败 5 次，降级 300 秒（第1次降级，优先使用其他数据源）
02:28:08 [WARNING] 从东方财富获取数据失败（最近 60s 内累计 14 次）: 最新失败 002619 - ('Connection aborted.', RemoteDisconnected('Remote end closed connection without response'))
02:29:10 [WARNING] 从东方财富获取数据失败（最近 60s 内累计 9 次）: 最新失败 002638 - ('Connection aborted.', RemoteDisconnected('Remote end closed connection without response'))
02:29:16 [WARNING] 数据源 [东方财富] 连续失败 5 次，降级 300 秒（第1次降级，优先使用其他数据源）
02:29:48 [WARNING] 数据源 [东方财富] 连续失败 5 次，降级 300 秒（第1次降级，优先使用其他数据源）
02:30:06 [WARNING] 数据源 [东方财富] 连续失败 5 次，降级 300 秒（第1次降级，优先使用其他数据源）
02:30:49 [WARNING] 从东方财富获取数据失败（最近 60s 内累计 17 次）: 最新失败 002684 - ('Connection aborted.', RemoteDisconnected('Remote end closed connection without response'))
02:31:50 [WARNING] 从东方财富获取数据失败（最近 60s 内累计 6 次）: 最新失败 600208 - ('Connection aborted.', RemoteDisconnected('Remote end closed connection without response'))
02:32:17 [WARNING] 数据源 [东方财富] 连续失败 5 次，降级 300 秒（第1次降级，优先使用其他数据源）
02:32:55 [WARNING] 从东方财富获取数据失败（最近 60s 内累计 6 次）: 最新失败 600220 - ('Connection aborted.', RemoteDisconnected('Remote end closed connection without response'))
02:34:10 [WARNING] 从东方财富获取数据失败（最近 60s 内累计 4 次）: 最新失败 600247 - ('Connection aborted.', RemoteDisconnected('Remote end closed connection without response'))
02:35:11 [WARNING] 从东方财富获取数据失败（最近 60s 内累计 2 次）: 最新失败 600263 - ('Connection aborted.', RemoteDisconnected('Remote end closed connection without response'))
02:36:12 [WARNING] 从东方财富获取数据失败（最近 60s 内累计 10 次）: 最新失败 600287 - ('Connection aborted.', RemoteDisconnected('Remote end closed connection without response'))
02:36:17 [WARNING] 数据源 [东方财富] 连续失败 5 次，降级 300 秒（第1次降级，优先使用其他数据源）
02:37:29 [WARNING] 从东方财富获取数据失败（最近 60s 内累计 6 次）: 最新失败 000503 - ('Connection aborted.', RemoteDisconnected('Remote end closed connection without response'))
02:38:31 [WARNING] 从东方财富获取数据失败（最近 60s 内累计 7 次）: 最新失败 000518 - ('Connection aborted.', RemoteDisconnected('Remote end closed connection without response'))
02:38:34 [WARNING] 数据源 [东方财富] 连续失败 5 次，降级 300 秒（第1次降级，优先使用其他数据源）
02:39:32 [WARNING] 从东方财富获取数据失败（最近 60s 内累计 3 次）: 最新失败 000527 - ('Connection aborted.', RemoteDisconnected('Remote end closed connection without response'))
02:40:27 [WARNING] 数据源 [东方财富] 连续失败 5 次，降级 300 秒（第1次降级，优先使用其他数据源）
02:41:24 [WARNING] 从东方财富获取数据失败（最近 60s 内累计 9 次）: 最新失败 000556 - ('Connection aborted.', RemoteDisconnected('Remote end closed connection without response'))
02:42:35 [WARNING] 从东方财富获取数据失败（最近 60s 内累计 5 次）: 最新失败 000584 - ('Connection aborted.', RemoteDisconnected('Remote end closed connection without response'))
02:43:38 [WARNING] 从东方财富获取数据失败（最近 60s 内累计 5 次）: 最新失败 000588 - ('Connection aborted.', RemoteDisconnected('Remote end closed connection without response'))
02:44:39 [WARNING] 从东方财富获取数据失败（最近 60s 内累计 4 次）: 最新失败 301413 - ('Connection aborted.', RemoteDisconnected('Remote end closed connection without response'))
02:45:41 [WARNING] 从东方财富获取数据失败（最近 60s 内累计 3 次）: 最新失败 301429 - ('Connection aborted.', RemoteDisconnected('Remote end closed connection without response'))
02:46:58 [WARNING] 从东方财富获取数据失败（最近 60s 内累计 5 次）: 最新失败 301458 - ('Connection aborted.', RemoteDisconnected('Remote end closed connection without response'))
02:48:05 [WARNING] 从东方财富获取数据失败（最近 60s 内累计 9 次）: 最新失败 301498 - ('Connection aborted.', RemoteDisconnected('Remote end closed connection without response'))
02:48:35 [WARNING] 数据源 [东方财富] 连续失败 5 次，降级 300 秒（第1次降级，优先使用其他数据源）
02:49:31 [WARNING] 从东方财富获取数据失败（最近 60s 内累计 7 次）: 最新失败 301309 - ('Connection aborted.', RemoteDisconnected('Remote end closed connection without response'))
02:50:34 [WARNING] 从东方财富获取数据失败（最近 60s 内累计 8 次）: 最新失败 301316 - ('Connection aborted.', RemoteDisconnected('Remote end closed connection without response'))
02:50:34 [WARNING] 数据源 [东方财富] 连续失败 5 次，降级 300 秒（第1次降级，优先使用其他数据源）
02:51:36 [WARNING] 从东方财富获取数据失败（最近 60s 内累计 5 次）: 最新失败 301325 - ('Connection aborted.', RemoteDisconnected('Remote end closed connection without response'))
02:52:38 [WARNING] 从东方财富获取数据失败（最近 60s 内累计 4 次）: 最新失败 301333 - ('Connection aborted.', RemoteDisconnected('Remote end closed connection without response'))
02:53:54 [WARNING] 从东方财富获取数据失败（最近 60s 内累计 5 次）: 最新失败 301339 - ('Connection aborted.', RemoteDisconnected('Remote end closed connection without response'))
02:55:00 [WARNING] 从东方财富获取数据失败（最近 60s 内累计 4 次）: 最新失败 301363 - ('Connection aborted.', RemoteDisconnected('Remote end closed connection without response'))
02:56:03 [WARNING] 从东方财富获取数据失败（最近 60s 内累计 5 次）: 最新失败 301371 - ('Connection aborted.', RemoteDisconnected('Remote end closed connection without response'))
02:56:56 [WARNING] 数据源 [东方财富] 连续失败 5 次，降级 300 秒（第1次降级，优先使用其他数据源）
02:57:28 [WARNING] 从东方财富获取数据失败（最近 60s 内累计 7 次）: 最新失败 301381 - ('Connection aborted.', RemoteDisconnected('Remote end closed connection without response'))
02:58:49 [WARNING] 从东方财富获取数据失败（最近 60s 内累计 4 次）: 最新失败 301391 - ('Connection aborted.', RemoteDisconnected('Remote end closed connection without response'))
02:59:51 [WARNING] 从东方财富获取数据失败（最近 60s 内累计 4 次）: 最新失败 301397 - ('Connection aborted.', RemoteDisconnected('Remote end closed connection without response'))
03:00:56 [WARNING] 从东方财富获取数据失败（最近 60s 内累计 3 次）: 最新失败 301103 - ('Connection aborted.', RemoteDisconnected('Remote end closed connection without response'))
03:01:58 [WARNING] 从东方财富获取数据失败（最近 60s 内累计 3 次）: 最新失败 301111 - ('Connection aborted.', RemoteDisconnected('Remote end closed connection without response'))
03:02:59 [WARNING] 从东方财富获取数据失败（最近 60s 内累计 4 次）: 最新失败 301121 - ('Connection aborted.', RemoteDisconnected('Remote end closed connection without response'))
03:04:38 [WARNING] 从东方财富获取数据失败（最近 60s 内累计 4 次）: 最新失败 301139 - ('Connection aborted.', RemoteDisconnected('Remote end closed connection without response'))
03:05:48 [WARNING] 从东方财富获取数据失败（最近 60s 内累计 4 次）: 最新失败 301153 - ('Connection aborted.', RemoteDisconnected('Remote end closed connection without response'))
03:06:52 [WARNING] 从东方财富获取数据失败（最近 60s 内累计 3 次）: 最新失败 301161 - ('Connection aborted.', RemoteDisconnected('Remote end closed connection without response'))
03:07:57 [WARNING] 从东方财富获取数据失败（最近 60s 内累计 6 次）: 最新失败 301171 - ('Connection aborted.', RemoteDisconnected('Remote end closed connection without response'))
03:08:50 [WARNING] 数据源 [东方财富] 连续失败 5 次，降级 300 秒（第1次降级，优先使用其他数据源）
03:09:21 [WARNING] 从东方财富获取数据失败（最近 60s 内累计 7 次）: 最新失败 301179 - ('Connection aborted.', RemoteDisconnected('Remote end closed connection without response'))
03:10:41 [WARNING] 从东方财富获取数据失败（最近 60s 内累计 5 次）: 最新失败 301195 - ('Connection aborted.', RemoteDisconnected('Remote end closed connection without response'))
03:11:07 [WARNING] 数据源 [东方财富] 连续失败 5 次，降级 300 秒（第1次降级，优先使用其他数据源）
03:12:02 [WARNING] 从东方财富获取数据失败（最近 60s 内累计 8 次）: 最新失败 301005 - ('Connection aborted.', RemoteDisconnected('Remote end closed connection without response'))
03:13:03 [WARNING] 从东方财富获取数据失败（最近 60s 内累计 5 次）: 最新失败 301015 - ('Connection aborted.', RemoteDisconnected('Remote end closed connection without response'))
03:14:04 [WARNING] 从东方财富获取数据失败（最近 60s 内累计 6 次）: 最新失败 301024 - ('Connection aborted.', RemoteDisconnected('Remote end closed connection without response'))
03:14:11 [WARNING] 数据源 [东方财富] 连续失败 5 次，降级 300 秒（第1次降级，优先使用其他数据源）
03:15:09 [WARNING] 从东方财富获取数据失败（最近 60s 内累计 6 次）: 最新失败 301031 - ('Connection aborted.', RemoteDisconnected('Remote end closed connection without response'))
03:16:10 [WARNING] 从东方财富获取数据失败（最近 60s 内累计 6 次）: 最新失败 301042 - ('Connection aborted.', RemoteDisconnected('Remote end closed connection without response'))
03:16:24 [WARNING] 数据源 [东方财富] 连续失败 5 次，降级 300 秒（第1次降级，优先使用其他数据源）
03:17:03 [WARNING] 数据源 [东方财富] 连续失败 5 次，降级 300 秒（第1次降级，优先使用其他数据源）
03:17:48 [WARNING] 从东方财富获取数据失败（最近 60s 内累计 8 次）: 最新失败 301051 - ('Connection aborted.', RemoteDisconnected('Remote end closed connection without response'))
03:19:13 [WARNING] 从东方财富获取数据失败（最近 60s 内累计 6 次）: 最新失败 301062 - ('Connection aborted.', RemoteDisconnected('Remote end closed connection without response'))
03:20:28 [WARNING] 从东方财富获取数据失败（最近 60s 内累计 3 次）: 最新失败 301068 - ('Connection aborted.', RemoteDisconnected('Remote end closed connection without response'))
03:21:39 [WARNING] 从东方财富获取数据失败（最近 60s 内累计 6 次）: 最新失败 301077 - ('Connection aborted.', RemoteDisconnected('Remote end closed connection without response'))
03:22:50 [WARNING] 从东方财富获取数据失败（最近 60s 内累计 6 次）: 最新失败 301085 - ('Connection aborted.', RemoteDisconnected('Remote end closed connection without response'))
03:24:04 [WARNING] 从东方财富获取数据失败（最近 60s 内累计 6 次）: 最新失败 301095 - ('Connection aborted.', RemoteDisconnected('Remote end closed connection without response'))
03:24:32 [WARNING] 数据源 [东方财富] 连续失败 5 次，降级 300 秒（第1次降级，优先使用其他数据源）
03:25:07 [WARNING] 从东方财富获取数据失败（最近 60s 内累计 7 次）: 最新失败 301203 - ('Connection aborted.', RemoteDisconnected('Remote end closed connection without response'))
03:26:08 [WARNING] 从东方财富获取数据失败（最近 60s 内累计 5 次）: 最新失败 301213 - ('Connection aborted.', RemoteDisconnected('Remote end closed connection without response'))
03:26:12 [WARNING] 数据源 [东方财富] 连续失败 5 次，降级 300 秒（第1次降级，优先使用其他数据源）
03:27:22 [WARNING] 从东方财富获取数据失败（最近 60s 内累计 6 次）: 最新失败 301221 - ('Connection aborted.', RemoteDisconnected('Remote end closed connection without response'))
03:27:55 [WARNING] 数据源 [东方财富] 连续失败 5 次，降级 300 秒（第1次降级，优先使用其他数据源）
03:28:36 [WARNING] 从东方财富获取数据失败（最近 60s 内累计 6 次）: 最新失败 301230 - ('Connection aborted.', RemoteDisconnected('Remote end closed connection without response'))
03:29:39 [WARNING] 从东方财富获取数据失败（最近 60s 内累计 6 次）: 最新失败 301236 - ('Connection aborted.', RemoteDisconnected('Remote end closed connection without response'))
03:30:13 [WARNING] 数据源 [东方财富] 连续失败 5 次，降级 300 秒（第1次降级，优先使用其他数据源）
03:30:45 [WARNING] 从东方财富获取数据失败（最近 60s 内累计 7 次）: 最新失败 301252 - ('Connection aborted.', RemoteDisconnected('Remote end closed connection without response'))
03:31:47 [WARNING] 从东方财富获取数据失败（最近 60s 内累计 4 次）: 最新失败 301267 - ('Connection aborted.', RemoteDisconnected('Remote end closed connection without response'))
03:32:51 [WARNING] 从东方财富获取数据失败（最近 60s 内累计 3 次）: 最新失败 301275 - ('Connection aborted.', RemoteDisconnected('Remote end closed connection without response'))
03:33:46 [WARNING] 数据源 [东方财富] 连续失败 5 次，降级 300 秒（第1次降级，优先使用其他数据源）
03:34:11 [WARNING] 从东方财富获取数据失败（最近 60s 内累计 8 次）: 最新失败 301288 - ('Connection aborted.', RemoteDisconnected('Remote end closed connection without response'))
03:35:04 [WARNING] 数据源 [东方财富] 连续失败 5 次，降级 300 秒（第1次降级，优先使用其他数据源）
03:35:55 [WARNING] 从东方财富获取数据失败（最近 60s 内累计 7 次）: 最新失败 301505 - ('Connection aborted.', RemoteDisconnected('Remote end closed connection without response'))
03:37:06 [WARNING] 从东方财富获取数据失败（最近 60s 内累计 4 次）: 最新失败 301518 - ('Connection aborted.', RemoteDisconnected('Remote end closed connection without response'))
03:37:48 [WARNING] 数据源 [东方财富] 连续失败 5 次，降级 300 秒（第1次降级，优先使用其他数据源）
03:38:34 [WARNING] 从东方财富获取数据失败（最近 60s 内累计 7 次）: 最新失败 301528 - ('Connection aborted.', RemoteDisconnected('Remote end closed connection without response'))
03:40:04 [WARNING] 从东方财富获取数据失败（最近 60s 内累计 5 次）: 最新失败 301550 - ('Connection aborted.', RemoteDisconnected('Remote end closed connection without response'))
03:41:08 [WARNING] 从东方财富获取数据失败（最近 60s 内累计 3 次）: 最新失败 301558 - ('Connection aborted.', RemoteDisconnected('Remote end closed connection without response'))
03:42:19 [WARNING] 从东方财富获取数据失败（最近 60s 内累计 4 次）: 最新失败 301581 - ('Connection aborted.', RemoteDisconnected('Remote end closed connection without response'))
03:43:24 [WARNING] 从东方财富获取数据失败（最近 60s 内累计 4 次）: 最新失败 301595 - ('Connection aborted.', RemoteDisconnected('Remote end closed connection without response'))
03:44:45 [WARNING] 从东方财富获取数据失败（最近 60s 内累计 5 次）: 最新失败 301609 - ('Connection aborted.', RemoteDisconnected('Remote end closed connection without response'))
03:46:04 [WARNING] 从东方财富获取数据失败（最近 60s 内累计 4 次）: 最新失败 301633 - ('Connection aborted.', RemoteDisconnected('Remote end closed connection without response'))
03:47:06 [WARNING] 从东方财富获取数据失败（最近 60s 内累计 4 次）: 最新失败 301658 - ('Connection aborted.', RemoteDisconnected('Remote end closed connection without response'))
03:48:15 [WARNING] 从东方财富获取数据失败（最近 60s 内累计 4 次）: 最新失败 301680 - ('Connection aborted.', RemoteDisconnected('Remote end closed connection without response'))
[2026-03-04 05:17:49] 数据获取完成 (失败, 退出码: 137)
